customerId,hubName,shopType,retailerType,last_order_date,historical_avg_gap_days,predicted_days_until_next,predicted_next_order_date
USR-3582,Instant Foods (GZB),Paan B,HVHF,2026-05-29,1.783132530120482,1.9,2026-05-01
USR-77151,NB Enterprises (West Delhi),Paan A,HVHF,2026-05-28,1.6781609195402298,1.4,2026-05-01
USR-27315,Crossline Events (Noida),Paan B,HVHF,2026-05-29,1.5056179775280898,1.5,2026-05-01
USR-773,Instant Foods(Noida),Paan B,HVHF,2026-05-29,1.2758620689655173,1.2,2026-05-01
USR-161474,Instant Foods(Noida),Paan A,HVHF,2026-05-27,1.6111111111111112,1.5,2026-05-01
USR-175008,Instant Foods (Mathura),Paan A,HVLF,2026-04-16,1.0,1.3,2026-05-01
USR-174992,Instant Foods (Mathura),General A,HVLF,2026-03-09,2.142857142857143,1.9,2026-05-01
USR-804,Crossline Events (Noida),General B,HVHF,2026-05-13,1.5783132530120483,1.5,2026-05-01
USR-174571,Instant Foods (Mathura),Paan A,HVLF,2026-04-15,0.0,1.0,2026-05-01
USR-174463,Instant Foods (Mathura),Paan A,HVLF,2026-04-13,0.0,1.0,2026-05-01
USR-279,Crossline Events (Noida),General B,HVHF,2026-05-28,1.7710843373493976,1.5,2026-05-01
USR-153171,Cross Line Events (Ghaziabad),Paan A,HVLF,2026-05-29,0.0,1.0,2026-05-01
USR-161427,Instant Foods(Noida),Paan B,LVLF,2026-01-13,0.0,1.0,2026-05-01
USR-114399,NB Enterprises (West Delhi),General B,HVHF,2026-05-29,1.8481012658227849,1.7,2026-05-01
USR-173996,Instant Foods (Mathura),General A,HVLF,2026-03-31,1.5,1.5,2026-05-01
USR-82764,NB Enterprises (West Delhi),Paan B,HVHF,2026-03-17,1.972972972972973,1.9,2026-05-01
USR-173678,Instant Foods(Noida),Paan C,HVHF,2026-05-26,5.3478260869565215,1.6,2026-05-01
USR-161835,NB Enterprises (West Delhi),Paan B,HVHF,2026-05-28,1.53125,1.5,2026-05-01
USR-84291,Cross Line Events (EDelhi),General C,HVHF,2026-05-28,2.130434782608696,1.8,2026-05-01
USR-113921,Instant Foods (SED),Paan B,HVHF,2026-05-28,1.825,1.6,2026-05-01
USR-28171,Instant Foods(Noida),General B,HVHF,2026-05-27,2.1492537313432836,1.9,2026-05-01
USR-173231,Instant Foods (Mathura),General B,HVLF,2026-04-22,1.0,1.4,2026-05-01
USR-28230,Instant Foods(Noida),General B,HVHF,2026-05-29,1.608695652173913,1.6,2026-05-01
USR-8581,Cross Line Events (EDelhi),Paan B,HVHF,2026-05-27,1.6222222222222222,1.4,2026-05-01
USR-8616,Cross Line Events (EDelhi),Paan B,HVHF,2026-05-29,1.8481012658227849,1.8,2026-05-01
USR-114266,NB Enterprises (West Delhi),General A,LVLF,2026-02-24,1.0,1.2,2026-05-01
USR-161424,Cross Line Events (Ghaziabad),Paan B,HVHF,2026-05-07,1.4252873563218391,1.4,2026-05-01
USR-175586,Instant Foods(Noida),Paan C,HVHF,2026-05-26,1.6166666666666667,1.5,2026-05-01
USR-161377,Cross Line Events (EDelhi),Paan B,HVHF,2026-05-29,1.7294117647058824,1.7,2026-05-01
USR-12282,Instant Foods (GZB),Paan B,HVHF,2026-05-19,1.6,1.5,2026-05-01
USR-161041,Instant Foods (SED),General B,HVLF,2026-04-22,52.5,1.8,2026-05-01
USR-67820,NB Enterprises (West Delhi),Paan B,HVHF,2026-05-28,1.7804878048780488,1.5,2026-05-01
USR-176342,Maa Sharda(LKO),Paan A,HVLF,2026-05-29,1.5454545454545454,1.7,2026-05-01
USR-133972,Cross Line Events (EDelhi),General C,HVHF,2026-04-30,2.0357142857142856,1.9,2026-05-01
USR-6934,Cross Line Events (Ghaziabad),General C,HVHF,2026-04-02,1.6363636363636365,1.9,2026-05-01
USR-17625,Cross Line Events (Ghaziabad),Paan B,HVLF,2026-05-30,1.0,1.4,2026-05-01
USR-161167,Instant Foods(Noida),General C,HVHF,2026-05-29,1.2173913043478262,1.3,2026-05-01
USR-6992,Instant Foods (GZB),General A,HVHF,2026-03-25,1.2028985507246377,1.1,2026-05-01
USR-3605,Cross Line Events (Ghaziabad),General C,HVHF,2026-05-16,1.047244094488189,1.8,2026-05-01
USR-176193,Instant Foods(Noida),Paan B,HVLF,2026-03-31,2.0,1.7,2026-05-01
USR-176188,Instant Foods(Noida),Paan C,HVLF,2026-05-25,1.0,1.1,2026-05-01
USR-161211,Cross Line Events (Ghaziabad),Paan B,HVHF,2026-05-07,1.4823529411764707,1.6,2026-05-01
USR-161231,Instant Foods (GZB),Paan C,HVHF,2026-05-27,1.42,1.2,2026-05-01
USR-36,Instant Foods(Noida),Paan A,HVHF,2026-05-27,1.45,1.4,2026-05-01
USR-161252,Crossline Events (Noida),Wholesaler,HVHF,2026-05-28,1.858974358974359,1.7,2026-05-01
USR-27142,Instant Foods(Noida),Paan B,HVHF,2026-05-28,1.4038461538461537,1.2,2026-05-01
USR-3592,Cross Line Events (Ghaziabad),General C,HVHF,2026-05-15,1.2222222222222223,1.3,2026-05-01
USR-161288,Instant Foods(Noida),General C,HVHF,2026-04-02,1.625,1.9,2026-05-01
USR-161320,NB Enterprises (West Delhi),Paan B,HVLF,2026-03-17,1.0,1.3,2026-05-01
USR-118742,Crossline Events (Meerut),General C,HVLF,2026-01-13,2.2,1.9,2026-05-01
USR-175922,Instant Foods(Noida),Paan C,HVHF,2026-05-29,0.9381443298969072,1.0,2026-05-01
USR-161338,Cross Line Events (Ghaziabad),Paan C,LVLF,2026-01-07,1.0,1.0,2026-05-01
USR-161354,Instant Foods(Noida),Paan A,HVLF,2026-02-25,1.0,1.0,2026-05-01
USR-752,Crossline Events (Noida),Paan B,HVHF,2026-05-28,2.0140845070422535,1.8,2026-05-01
USR-113425,NB Enterprises (West Delhi),Paan A,HVHF,2026-05-26,1.565217391304348,1.3,2026-05-01
USR-8649,Cross Line Events (EDelhi),Paan B,HVHF,2026-05-26,1.6477272727272727,1.4,2026-05-01
USR-153047,Cross Line Events (Ghaziabad),General B,HVLF,2026-02-21,1.0,1.9,2026-05-01
USR-8656,Instant Foods (GZB),Paan B,HVHF,2026-04-08,1.830188679245283,1.8,2026-05-01
USR-162580,Instant Foods(Noida),Paan C,HVHF,2026-05-26,1.7361111111111112,1.5,2026-05-01
USR-162583,NB Enterprises (West Delhi),Paan B,HVHF,2026-05-25,1.9852941176470589,1.8,2026-05-01
USR-162585,Instant Foods(Noida),Paan C,HVHF,2026-05-28,1.5425531914893618,1.3,2026-05-01
USR-17097,Instant Foods(Noida),Paan B,HVHF,2026-05-27,1.894736842105263,1.6,2026-05-01
USR-31776,Cross Line Events (EDelhi),Paan B,HVHF,2026-05-27,1.9466666666666668,1.6,2026-05-01
USR-28563,Instant Foods (GZB),General A,HVHF,2026-04-13,1.1363636363636365,1.1,2026-05-01
USR-110274,NB Enterprises (West Delhi),Paan B,HVLF,2026-01-02,1.0,1.5,2026-05-01
USR-109996,NB Enterprises (West Delhi),Paan B,HVLF,2026-02-20,0.0,1.0,2026-05-01
USR-170584,NB Enterprises (West Delhi),Paan A,HVLF,2026-01-05,1.0,1.0,2026-05-01
USR-170215,Rapid Enterprises,General B,HVLF,2026-01-12,1.0,1.1,2026-05-01
USR-28762,Crossline Events (Noida),Paan B,HVHF,2026-03-26,1.6938775510204083,1.6,2026-05-01
USR-170166,Cross Line Events (Ghaziabad),Paan C,HVHF,2026-05-20,1.2771084337349397,1.3,2026-05-01
USR-92074,Instant Foods (SED),General A,HVHF,2026-05-28,1.75,1.6,2026-05-01
USR-135878,Instant Foods (SED),Paan B,HVHF,2026-05-27,2.1641791044776117,1.9,2026-05-01
USR-31334,Cross Line Events (EDelhi),Paan B,HVHF,2026-05-27,1.9859154929577465,1.7,2026-05-01
USR-169955,NB Enterprises (West Delhi),Paan A,HVLF,2026-01-06,1.0,1.0,2026-05-01
USR-31247,Cross Line Events (EDelhi),Paan B,HVLF,2026-01-01,0.0,1.0,2026-05-01
USR-163034,Cross Line Events (Ghaziabad),Paan A,HVHF,2026-05-22,1.037313432835821,1.2,2026-05-01
USR-13706,Crossline Events (Noida),Paan B,HVHF,2026-03-26,1.4821428571428572,1.4,2026-05-01
USR-13716,Crossline Events (Noida),Paan B,HVHF,2026-03-26,1.360655737704918,1.3,2026-05-01
USR-109029,Cross Line Events (Ghaziabad),Paan B,HVHF,2026-05-26,2.581818181818182,1.3,2026-05-01
USR-92590,Instant Foods (SED),General A,HVHF,2026-05-29,1.8734177215189873,1.8,2026-05-01
USR-169501,Instant Foods (SED),Paan B,HVLF,2026-01-07,1.6666666666666667,1.3,2026-05-01
USR-151437,Instant Foods(Noida),Paan B,LVLF,2026-01-16,1.0,1.2,2026-05-01
USR-163132,Crossline Events (Noida),Paan A,HVHF,2026-05-29,1.2148760330578512,1.1,2026-05-01
USR-135670,Instant Foods(Noida),General A,HVLF,2026-05-30,0.5,1.4,2026-05-01
USR-26772,Crossline Events (Noida),Paan B,HVHF,2026-05-22,1.6666666666666667,1.7,2026-05-01
USR-171358,Instant Foods (Mathura),General A,HVLF,2026-03-03,1.0,1.5,2026-05-01
USR-3194,Instant Foods (GZB),General B,HVHF,2026-03-23,1.2272727272727273,1.1,2026-05-01
USR-86650,Instant Foods (SED),Paan B,HVHF,2026-05-25,1.894736842105263,1.6,2026-05-01
USR-868,Crossline Events (Noida),Paan A,HVHF,2026-05-29,1.4554455445544554,1.4,2026-05-01
USR-172790,Rapid Enterprises,General B,HVLF,2026-02-05,2.3333333333333335,1.8,2026-05-01
USR-3279,Instant Foods (GZB),General C,HVHF,2026-05-27,1.9078947368421053,1.6,2026-05-01
USR-172717,Rapid Enterprises,General A,HVLF,2026-01-17,1.0,1.6,2026-05-01
USR-112649,NB Enterprises (West Delhi),General B,HVHF,2026-05-29,1.574468085106383,1.6,2026-05-01
USR-112303,Crossline Events (Noida),Paan B,HVHF,2026-05-29,1.8846153846153846,1.9,2026-05-01
USR-162106,Instant Foods(Noida),Paan C,HVHF,2026-05-21,1.9444444444444444,1.7,2026-05-01
USR-172256,Crossline Events (Noida),Paan B,HVLF,2026-01-11,1.0,1.2,2026-05-01
USR-162163,Rapid Enterprises,General C,HVHF,2026-05-29,1.6941176470588235,1.7,2026-05-01
USR-135303,Cross Line Events (Ghaziabad),Paan B,HVHF,2026-05-29,1.7023809523809523,1.8,2026-05-01
USR-3221,Instant Foods (GZB),General C,HVHF,2026-05-28,1.8024691358024691,1.6,2026-05-01
USR-172162,Crossline Events (Meerut),General B,HVHF,2026-05-27,1.7692307692307692,1.6,2026-05-01
USR-111771,NB Enterprises (West Delhi),General A,HVHF,2026-05-28,2.1323529411764706,1.9,2026-05-01
USR-171984,Instant Foods (Mathura),General A,HVLF,2026-02-24,1.0,1.0,2026-05-01
USR-171972,Instant Foods (Mathura),General B,HVLF,2026-03-25,2.0,1.8,2026-05-01
USR-111382,NB Enterprises (West Delhi),General A,HVHF,2026-05-18,1.611764705882353,1.4,2026-05-01
USR-28444,Crossline Events (Noida),Paan B,HVHF,2026-05-12,1.6455696202531647,1.5,2026-05-01
USR-111365,NB Enterprises (West Delhi),General A,HVHF,2026-05-29,1.8734177215189873,1.8,2026-05-01
USR-111251,Instant Foods(Noida),Paan B,HVHF,2026-05-27,2.08955223880597,1.9,2026-05-01
USR-3198,Instant Foods (GZB),General C,HVHF,2026-05-29,1.6818181818181819,1.7,2026-05-01
USR-31974,Cross Line Events (EDelhi),Paan B,HVHF,2026-05-14,1.316831683168317,1.3,2026-05-01
USR-135532,NB Enterprises (West Delhi),General A,HVHF,2026-05-29,1.7093023255813953,1.7,2026-05-01
USR-162354,Rapid Enterprises,General B,HVHF,2026-05-28,1.9864864864864864,1.7,2026-05-01
USR-110928,Instant Foods (GZB),Paan B,HVLF,2026-01-29,0.0,1.0,2026-05-01
USR-171383,Rapid Enterprises,General B,HVLF,2026-01-13,1.5,1.2,2026-05-01
USR-30542,Cross Line Events (EDelhi),Paan B,HVHF,2026-05-29,1.6629213483146068,1.7,2026-05-01
USR-160982,Cross Line Events (Ghaziabad),General B,HVHF,2026-05-27,2.69811320754717,1.3,2026-05-01
USR-12438,Instant Foods (GZB),Paan B,HVHF,2026-05-29,1.4653465346534653,1.4,2026-05-01
USR-129779,Crossline Events (Meerut),General A,HVHF,2026-05-29,1.783132530120482,1.8,2026-05-01
USR-43965,Cross Line Events (EDelhi),General A,HVHF,2026-05-29,1.8048780487804879,1.8,2026-05-01
USR-441,Instant Foods(Noida),Paan B,HVHF,2026-05-27,1.8831168831168832,1.6,2026-05-01
USR-159717,Cross Line Events (Ghaziabad),Paan B,HVHF,2026-05-26,2.8979591836734695,1.2,2026-05-01
USR-159727,Instant Foods (SED),General A,HVHF,2026-05-27,1.9210526315789473,1.6,2026-05-01
USR-159731,NB Enterprises (West Delhi),General A,HVHF,2026-05-28,1.5473684210526315,1.4,2026-05-01
USR-159864,NB Enterprises (West Delhi),General A,HVHF,2026-05-29,1.3097345132743363,1.4,2026-05-01
USR-159867,Instant Foods (SED),General C,HVHF,2026-05-27,1.8831168831168832,1.6,2026-05-01
USR-45021,Cross Line Events (EDelhi),Paan B,HVHF,2026-05-29,1.3577981651376148,1.3,2026-05-01
USR-45023,Cross Line Events (EDelhi),General A,HVHF,2026-05-29,1.783132530120482,1.8,2026-05-01
USR-18962,Instant Foods(Noida),Paan B,HVHF,2026-05-27,1.9594594594594594,1.7,2026-05-01
USR-43455,Instant Foods (GZB),General A,HVHF,2026-03-25,1.6938775510204083,1.6,2026-05-01
USR-153942,Instant Foods(Noida),General C,HVHF,2026-05-27,1.7682926829268293,1.6,2026-05-01
USR-18862,Instant Foods(Noida),Paan B,HVHF,2026-05-29,1.494949494949495,1.6,2026-05-01
USR-382,Crossline Events (Noida),Paan B,HVHF,2026-03-26,1.2962962962962963,1.3,2026-05-01
USR-38188,Cross Line Events (EDelhi),General A,HVHF,2026-05-28,2.1,1.9,2026-05-01
USR-45332,Cross Line Events (EDelhi),General A,HVHF,2026-05-29,1.3214285714285714,1.3,2026-05-01
USR-18817,Instant Foods(Noida),General B,HVHF,2026-05-29,1.87012987012987,1.8,2026-05-01
USR-160120,Instant Foods(Noida),General C,HVHF,2026-05-29,0.8222222222222222,1.0,2026-05-01
USR-160122,Instant Foods(Noida),General C,HVHF,2026-05-27,1.7261904761904763,1.6,2026-05-01
USR-160141,Instant Foods(Noida),Paan A,HVHF,2026-05-18,1.4270833333333333,1.3,2026-05-01
USR-18646,Instant Foods(Noida),Paan B,HVHF,2026-04-28,1.9482758620689655,1.9,2026-05-01
USR-37900,Cross Line Events (EDelhi),Paan A,HVHF,2026-05-29,1.8271604938271604,1.9,2026-05-01
USR-46368,NB Enterprises (West Delhi),Paan B,HVHF,2026-05-28,2.0,1.8,2026-05-01
USR-153937,Instant Foods(Noida),Paan C,HVHF,2026-05-28,3.5609756097560976,1.0,2026-05-01
USR-2007,Crossline Events (Noida),Paan B,HVHF,2026-05-29,1.3773584905660377,1.3,2026-05-01
USR-43043,Cross Line Events (EDelhi),General A,HVHF,2026-05-28,1.8148148148148149,1.5,2026-05-01
USR-159606,Instant Foods (SED),Paan A,HVHF,2026-05-19,1.4270833333333333,1.3,2026-05-01
USR-39747,Cross Line Events (EDelhi),Paan A,HVHF,2026-05-28,1.7926829268292683,1.6,2026-05-01
USR-2271,Instant Foods(Noida),Paan B,HVHF,2026-05-27,1.8831168831168832,1.6,2026-05-01
USR-159104,Instant Foods(Noida),General A,HVHF,2026-05-27,1.8717948717948718,1.6,2026-05-01
USR-39934,Cross Line Events (EDelhi),General A,HVLF,2026-01-30,1.0,1.4,2026-05-01
USR-1318,Crossline Events (Noida),Paan B,HVHF,2026-05-28,2.0714285714285716,1.9,2026-05-01
USR-22512,Instant Foods(Noida),General C,HVLF,2026-05-28,54.0,1.1,2026-05-01
USR-2240,Crossline Events (Noida),Paan B,HVHF,2026-03-26,1.2727272727272727,1.2,2026-05-01
USR-40578,Cross Line Events (EDelhi),General A,HVLF,2026-03-07,1.0,1.4,2026-05-01
USR-131632,Crossline Events (Meerut),General A,HVHF,2026-05-29,1.9473684210526316,1.9,2026-05-01
USR-38802,Cross Line Events (EDelhi),General A,HVHF,2026-05-28,2.0416666666666665,1.8,2026-05-01
USR-2398,Instant Foods(Noida),Paan B,HVHF,2026-05-26,2.1818181818181817,1.9,2026-05-01
USR-41074,Crossline Events (Noida),Paan B,HVLF,2026-05-30,0.0,1.0,2026-05-01
USR-41450,Instant Foods (GZB),Paan B,HVHF,2026-05-25,1.8194444444444444,1.5,2026-05-01
USR-158723,Instant Foods(Noida),Paan B,HVHF,2026-05-28,1.0869565217391304,1.5,2026-05-01
USR-131051,Crossline Events (Meerut),General B,HVHF,2026-05-25,1.6067415730337078,1.4,2026-05-01
USR-2152,Crossline Events (Noida),Paan B,HVHF,2026-05-29,1.651685393258427,1.7,2026-05-01
USR-21324,Instant Foods(Noida),Paan B,HVHF,2026-05-29,1.860759493670886,1.9,2026-05-01
USR-130796,Crossline Events (Meerut),General C,HVHF,2026-05-27,2.1641791044776117,1.9,2026-05-01
USR-2106,Instant Foods(Noida),Paan B,HVHF,2026-05-27,2.0,1.7,2026-05-01
USR-42649,Cross Line Events (Ghaziabad),General A,HVHF,2026-05-29,1.5543478260869565,1.5,2026-05-01
USR-130605,Crossline Events (Meerut),General C,HVLF,2026-05-19,34.5,1.5,2026-05-01
USR-42749,Cross Line Events (EDelhi),General A,LVLF,2026-01-06,1.5,1.9,2026-05-01
USR-38336,Cross Line Events (EDelhi),Paan A,HVHF,2026-05-25,1.8461538461538463,1.7,2026-05-01
USR-153987,Crossline Events (Meerut),General C,HVHF,2026-05-29,1.7011494252873562,1.7,2026-05-01
USR-2038,Instant Foods(Noida),Paan B,HVLF,2026-05-27,1.5,1.4,2026-05-01
USR-4650,Instant Foods (GZB),Paan B,HVHF,2026-04-27,1.0961538461538463,1.0,2026-05-01
USR-46583,NB Enterprises (West Delhi),Paan B,LVLF,2026-01-17,2.142857142857143,1.8,2026-05-01
USR-18502,Instant Foods(Noida),Paan B,HVHF,2026-05-29,1.8048780487804879,1.8,2026-05-01
USR-18313,Instant Foods(Noida),General B,HVHF,2026-05-29,1.3962264150943395,1.3,2026-05-01
USR-160611,NB Enterprises (West Delhi),Paan A,HVHF,2026-05-27,1.8333333333333333,1.8,2026-05-01
USR-179056,Maa Sharda(LKO),Paan B,HVLF,2026-05-31,1.25,1.7,2026-05-01
USR-160619,Cross Line Events (EDelhi),Wholesaler,HVLF,2026-02-04,1.0,1.2,2026-05-01
USR-160636,Cross Line Events (Ghaziabad),General B,HVHF,2026-05-22,1.2212389380530972,1.2,2026-05-01
USR-37201,Instant Foods (GZB),Paan B,HVLF,2026-03-06,1.0,1.0,2026-05-01
USR-584,Instant Foods(Noida),General B,HVHF,2026-05-28,1.5777777777777777,1.4,2026-05-01
USR-178729,Maa Sharda(LKO),Wholesaler,HVLF,2026-05-29,1.1428571428571428,1.0,2026-05-01
USR-178595,Instant Foods(Noida),General C,HVLF,2026-05-27,1.4,1.2,2026-05-01
USR-178564,Maa Sharda(LKO),Paan C,HVLF,2026-05-30,1.0,1.7,2026-05-01
USR-1784,Crossline Events (Noida),Paan A,HVLF,2026-01-02,0.5,1.0,2026-05-01
USR-178397,Maa Sharda(LKO),Paan B,HVLF,2026-05-24,0.6666666666666666,1.9,2026-05-01
USR-178360,Maa Sharda(LKO),Paan A,HVLF,2026-05-23,1.0,1.9,2026-05-01
USR-126333,Crossline Events (Meerut),General C,HVHF,2026-05-29,1.8148148148148149,1.8,2026-05-01
USR-26180,Instant Foods(Noida),Paan B,HVHF,2026-05-27,1.576086956521739,1.5,2026-05-01
USR-61760,Instant Foods (SED),Paan B,LVLF,2026-01-07,1.0,1.0,2026-05-01
USR-153613,Crossline Events (Meerut),Paan B,HVHF,2026-05-28,1.5473684210526315,1.3,2026-05-01
USR-36962,Instant Foods (GZB),Paan A,HVHF,2026-05-29,1.6164383561643836,1.6,2026-05-01
USR-63106,NB Enterprises (West Delhi),Paan B,HVHF,2026-03-25,1.9268292682926829,1.8,2026-05-01
USR-153504,Instant Foods(Noida),Paan B,HVHF,2026-05-29,1.2894736842105263,1.2,2026-05-01
USR-63269,NB Enterprises (West Delhi),Paan B,HVHF,2026-04-29,1.6956521739130435,1.5,2026-05-01
USR-637,Crossline Events (Noida),General C,HVHF,2026-05-28,1.576086956521739,1.4,2026-05-01
USR-133798,Instant Foods (GZB),General A,HVLF,2026-05-29,67.5,1.0,2026-05-01
USR-36853,Instant Foods(Noida),Paan B,HVHF,2026-02-12,1.7826086956521738,1.9,2026-05-01
USR-160913,Cross Line Events (Ghaziabad),Paan B,HVHF,2026-04-01,1.5344827586206897,1.8,2026-05-01
USR-153463,Crossline Events (Meerut),General A,HVLF,2026-01-07,0.0,1.0,2026-05-01
USR-25922,Instant Foods(Noida),General C,HVHF,2026-05-28,2.1159420289855073,1.9,2026-05-01
USR-65528,Instant Foods (SED),Paan B,HVHF,2026-05-27,1.7176470588235293,1.5,2026-05-01
USR-5639,Instant Foods (GZB),Paan B,HVHF,2026-05-29,1.53125,1.5,2026-05-01
USR-179563,Maa Sharda(LKO),Chemist C,HVLF,2026-05-27,2.0,1.9,2026-05-01
USR-4882,Instant Foods (GZB),Paan B,HVLF,2026-02-18,1.0,1.2,2026-05-01
USR-4888,Instant Foods (GZB),Paan B,HVLF,2026-03-06,1.0,1.2,2026-05-01
USR-4944,Cross Line Events (Ghaziabad),General B,HVHF,2026-05-20,1.5,1.4,2026-05-01
USR-127980,Crossline Events (Meerut),General C,HVHF,2026-05-19,1.9166666666666667,1.8,2026-05-01
USR-3778,Cross Line Events (Ghaziabad),General C,HVHF,2026-05-29,1.8271604938271604,1.9,2026-05-01
USR-18292,Cross Line Events (Ghaziabad),Paan B,HVLF,2026-02-12,0.6666666666666666,1.1,2026-05-01
USR-127779,NB Enterprises (West Delhi),Paan B,HVLF,2026-01-22,1.75,1.9,2026-05-01
USR-160275,Instant Foods(Noida),Paan A,HVHF,2026-05-28,1.2831858407079646,1.1,2026-05-01
USR-18286,Instant Foods(Noida),General B,HVHF,2026-05-26,1.4356435643564356,1.2,2026-05-01
USR-5074,Instant Foods (GZB),Paan B,HVHF,2026-03-25,1.6274509803921569,1.5,2026-05-01
USR-18259,Cross Line Events (Ghaziabad),General C,HVHF,2026-05-29,1.6263736263736264,1.6,2026-05-01
USR-181122,Maa Sharda(LKO),Paan C,LVLF,2026-05-30,1.0,1.2,2026-05-01
USR-181061,Instant Foods(Noida),Paan C,HVLF,2026-05-30,1.0,1.5,2026-05-01
USR-160348,Instant Foods (GZB),General C,HVHF,2026-03-17,1.775,1.7,2026-05-01
USR-180920,Maa Sharda(LKO),Paan B,HVLF,2026-05-30,1.0,1.6,2026-05-01
USR-526,Crossline Events (Noida),Paan B,HVHF,2026-05-29,1.5913978494623655,1.6,2026-05-01
USR-37479,Cross Line Events (EDelhi),Paan A,HVHF,2026-05-28,1.8375,1.6,2026-05-01
USR-180882,Maa Sharda(LKO),Paan C,HVLF,2026-05-28,0.0,1.0,2026-05-01
USR-180822,Maa Sharda(LKO),Paan C,HVLF,2026-05-29,0.5,1.0,2026-05-01
USR-180693,Maa Sharda(LKO),Paan C,HVLF,2026-05-28,1.0,1.0,2026-05-01
USR-179917,Maa Sharda(LKO),Paan C,HVLF,2026-05-30,1.0,1.9,2026-05-01
USR-257,Instant Foods(Noida),Paan B,HVHF,2026-05-27,2.0714285714285716,1.8,2026-05-01
USR-160531,Instant Foods(Noida),General C,HVHF,2026-05-26,1.36,1.6,2026-05-01
USR-179649,Maa Sharda(LKO),Paan B,HVLF,2026-05-30,1.25,1.9,2026-05-01
USR-126719,Crossline Events (Meerut),General C,HVHF,2026-05-27,2.0714285714285716,1.8,2026-05-01
USR-160591,Instant Foods(Noida),Paan C,HVHF,2026-05-27,1.9210526315789473,1.6,2026-05-01
USR-108724,NB Enterprises (West Delhi),General A,HVHF,2026-05-29,1.5416666666666667,1.5,2026-05-01
USR-132216,Crossline Events (Meerut),General B,HVHF,2026-05-27,1.972972972972973,1.7,2026-05-01
USR-163438,Rapid Enterprises,Paan C,LVLF,2026-01-08,1.6666666666666667,1.9,2026-05-01
USR-1075,Crossline Events (Noida),Paan B,HVLF,2026-01-02,1.0,1.5,2026-05-01
USR-9617,Crossline Events (Noida),General B,HVHF,2026-05-14,1.8082191780821917,1.7,2026-05-01
USR-98893,Instant Foods(Noida),Paan B,HVLF,2026-01-10,1.25,1.7,2026-05-01
USR-168920,Cross Line Events (Ghaziabad),General B,HVHF,2026-05-29,1.625,1.6,2026-05-01
USR-168298,Rapid Enterprises,General A,HVHF,2026-05-27,1.825,1.5,2026-05-01
USR-29070,Instant Foods (GZB),Paan B,HVHF,2026-03-16,1.48,1.4,2026-05-01
USR-165609,Rapid Enterprises,General B,HVHF,2026-05-29,1.8974358974358974,1.9,2026-05-01
USR-163668,Instant Foods(Noida),Paan C,HVHF,2026-05-27,1.9333333333333333,1.8,2026-05-01
USR-30285,Cross Line Events (EDelhi),Paan B,HVHF,2026-05-29,1.8148148148148149,1.8,2026-05-01
USR-10734,Cross Line Events (Ghaziabad),Paan B,HVHF,2026-04-10,1.719298245614035,1.8,2026-05-01
USR-1444,Crossline Events (Noida),Paan B,HVHF,2026-05-11,1.2403846153846154,1.1,2026-05-01
USR-94174,Instant Foods (SED),General A,HVLF,2026-05-27,58.5,1.0,2026-05-01
USR-93451,Instant Foods (SED),General A,HVHF,2026-05-27,1.7804878048780488,1.5,2026-05-01
USR-29942,Cross Line Events (Ghaziabad),General A,HVLF,2026-03-09,1.5,1.7,2026-05-01
USR-3037,Instant Foods (GZB),Paan B,HVHF,2026-03-24,1.5576923076923077,1.5,2026-05-01
USR-10053,Instant Foods (GZB),Paan A,HVLF,2026-03-16,2.0,1.8,2026-05-01
USR-29147,Cross Line Events (EDelhi),Paan B,HVLF,2026-02-27,1.6666666666666667,1.5,2026-05-01
USR-97138,Instant Foods(Noida),Paan B,HVHF,2026-05-28,1.6404494382022472,1.5,2026-05-01
USR-1665,Crossline Events (Noida),Paan B,HVHF,2026-04-30,1.017094017094017,1.0,2026-05-01
USR-10202,Cross Line Events (Ghaziabad),General B,HVHF,2026-05-29,1.6444444444444444,1.7,2026-05-01
USR-29816,Cross Line Events (Ghaziabad),General B,HVLF,2026-01-27,1.6666666666666667,1.9,2026-05-01
USR-94068,Instant Foods (SED),General A,HVHF,2026-05-07,1.8805970149253732,1.9,2026-05-01
USR-165608,Rapid Enterprises,General B,HVHF,2026-05-29,1.8734177215189873,1.9,2026-05-01
USR-169019,Rapid Enterprises,Paan B,LVLF,2026-01-07,1.0,1.2,2026-05-01
USR-167157,Crossline Events (Noida),Paan C,HVHF,2026-05-23,1.2566371681415929,1.9,2026-05-01
USR-1690,Crossline Events (Noida),Paan B,HVHF,2026-05-29,1.6896551724137931,1.8,2026-05-01
USR-29226,Instant Foods (GZB),General B,HVHF,2026-05-29,1.5978260869565217,1.6,2026-05-01
USR-169006,NB Enterprises (West Delhi),Paan A,HVHF,2026-05-29,1.7411764705882353,1.7,2026-05-01
USR-167528,Rapid Enterprises,General B,HVLF,2026-04-08,1.0,1.7,2026-05-01
USR-29302,Instant Foods(Noida),General B,HVHF,2026-05-20,2.090909090909091,1.9,2026-05-01
USR-1049,Crossline Events (Noida),Paan B,HVHF,2026-05-29,1.9090909090909092,1.9,2026-05-01
USR-2941,Cross Line Events (Ghaziabad),General B,HVLF,2026-04-01,1.0,1.7,2026-05-01
USR-167027,Rapid Enterprises,General B,HVLF,2026-03-03,1.0,1.5,2026-05-01
USR-163494,Cross Line Events (Ghaziabad),General B,HVHF,2026-05-28,1.5208333333333333,1.3,2026-05-01
USR-167476,Instant Foods(Noida),Paan C,HVHF,2026-05-29,1.064516129032258,1.0,2026-05-01
USR-10313,Instant Foods(Noida),Paan B,HVHF,2026-05-29,1.494949494949495,1.5,2026-05-01
USR-97707,Instant Foods (SED),General A,HVHF,2026-05-29,1.6818181818181819,1.6,2026-05-01
USR-97591,Instant Foods (SED),General A,HVLF,2026-05-23,0.5,1.6,2026-05-01
USR-151119,Crossline Events (Meerut),General B,HVHF,2026-05-29,1.860759493670886,1.9,2026-05-01
USR-169217,Rapid Enterprises,General C,HVHF,2026-05-28,1.7176470588235293,1.5,2026-05-01
USR-163848,Rapid Enterprises,Paan C,HVHF,2026-05-27,1.7560975609756098,1.5,2026-05-01
USR-108346,Instant Foods(Noida),General A,HVHF,2026-04-13,1.4366197183098592,1.4,2026-05-01
USR-149970,Instant Foods (SED),Paan B,HVLF,2026-01-07,2.0,1.8,2026-05-01
USR-10287,Cross Line Events (Ghaziabad),General A,HVHF,2026-05-29,1.4,1.4,2026-05-01
USR-93847,Instant Foods (SED),General A,HVHF,2026-05-29,1.8974358974358974,1.8,2026-05-01
USR-169290,Instant Foods(Noida),Wholesaler,HVLF,2026-04-17,0.3333333333333333,1.0,2026-05-01
USR-167817,Instant Foods(Noida),General C,HVHF,2026-05-18,1.7125,1.7,2026-05-01
USR-166068,Rapid Enterprises,General B,HVHF,2026-05-28,1.4415584415584415,1.3,2026-05-01
USR-166086,Instant Foods (SED),Paan A,HVHF,2026-05-29,1.8918918918918919,1.9,2026-05-01
USR-103319,Crossline Events (Noida),Paan B,HVHF,2026-04-24,1.4933333333333334,1.6,2026-05-01
USR-151099,Crossline Events (Meerut),General B,HVHF,2026-05-29,1.3703703703703705,1.3,2026-05-01
USR-1417,Crossline Events (Noida),Paan B,HVLF,2026-05-29,0.5,1.0,2026-05-01
USR-1670,Crossline Events (Noida),Paan A,HVHF,2026-05-28,1.8717948717948718,1.9,2026-05-01
USR-103321,Instant Foods (GZB),Paan B,HVHF,2026-03-25,1.296875,1.2,2026-05-01
USR-166931,Rapid Enterprises,General A,HVHF,2026-05-11,2.022222222222222,1.9,2026-05-01
USR-165127,Rapid Enterprises,General B,HVHF,2026-04-09,1.894736842105263,1.9,2026-05-01
USR-29347,Crossline Events (Noida),Paan B,HVHF,2026-05-30,1.2735042735042734,2.2,2026-05-02
USR-97203,Crossline Events (Noida),Paan B,HVHF,2026-05-30,1.4134615384615385,2.4,2026-05-02
USR-166444,Rapid Enterprises,General B,HVHF,2026-05-28,2.3015873015873014,2.1,2026-05-02
USR-166506,Instant Foods(Noida),Paan C,HVHF,2026-05-30,1.175,2.3,2026-05-02
USR-101817,Instant Foods (SED),General A,HVHF,2026-05-27,2.3278688524590163,2.0,2026-05-02
USR-145904,Cross Line Events (Ghaziabad),General C,HVLF,2026-02-09,3.0,2.9,2026-05-02
USR-18279,Cross Line Events (Ghaziabad),Paan B,HVHF,2026-05-30,1.3962264150943395,2.4,2026-05-02
USR-160259,Crossline Events (Meerut),General C,HVHF,2026-05-29,1.9864864864864864,2.1,2026-05-02
USR-18278,Instant Foods(Noida),General B,HVHF,2026-05-29,2.306451612903226,2.5,2026-05-02
USR-97041,Instant Foods(Noida),Paan B,HVHF,2026-05-30,1.6444444444444444,2.6,2026-05-02
USR-160289,Instant Foods (GZB),Wholesaler,HVHF,2026-05-29,1.7972972972972974,2.0,2026-05-02
USR-5091,Instant Foods (GZB),Paan B,HVHF,2026-05-30,1.49,2.4,2026-05-02
USR-2969,Instant Foods (GZB),Paan B,HVHF,2026-05-30,1.7209302325581395,2.8,2026-05-02
USR-18281,Instant Foods(Noida),General C,HVHF,2026-05-30,1.6555555555555554,2.5,2026-05-02
USR-12741,Cross Line Events (Ghaziabad),General C,HVLF,2026-02-07,2.0,2.3,2026-05-02
USR-127762,Crossline Events (Meerut),General C,HVHF,2026-05-29,2.130434782608696,2.2,2026-05-02
USR-16447,Instant Foods(Noida),Paan B,HVHF,2026-05-30,1.221311475409836,2.1,2026-05-02
USR-3766,Cross Line Events (Ghaziabad),Paan B,HVHF,2026-05-30,1.3185840707964602,2.2,2026-05-02
USR-101711,Crossline Events (Noida),Paan A,HVHF,2026-05-30,1.4190476190476191,2.4,2026-05-02
USR-153855,Instant Foods(Noida),Paan B,HVHF,2026-03-30,2.289473684210526,2.3,2026-05-02
USR-127673,Crossline Events (Meerut),General B,HVHF,2026-05-25,2.4237288135593222,2.1,2026-05-02
USR-2448,Instant Foods(Noida),Paan B,HVHF,2026-05-30,1.608695652173913,2.5,2026-05-02
USR-971,Crossline Events (Noida),Paan B,HVHF,2026-05-31,1.3070175438596492,2.1,2026-05-02
USR-970,Crossline Events (Noida),Paan B,HVHF,2026-05-30,1.7901234567901234,2.7,2026-05-02
USR-29053,Crossline Events (Noida),Paan A,HVHF,2026-05-30,1.9102564102564104,2.8,2026-05-02
USR-128078,Crossline Events (Meerut),General B,HVHF,2026-05-28,2.979591836734694,2.8,2026-05-02
USR-46,Instant Foods(Noida),Paan B,HVHF,2026-05-30,1.6896551724137931,2.8,2026-05-02
USR-160148,Crossline Events (Meerut),Paan C,HVHF,2026-05-04,2.372549019607843,2.7,2026-05-02
USR-38038,Cross Line Events (EDelhi),Paan B,HVHF,2026-05-30,2.041095890410959,2.9,2026-05-02
USR-29670,Instant Foods(Noida),General A,HVHF,2026-05-30,1.5578947368421052,2.5,2026-05-02
USR-13314,Instant Foods (GZB),Paan B,HVHF,2026-05-30,1.9594594594594594,2.9,2026-05-02
USR-45668,Instant Foods (SED),General A,HVHF,2026-05-25,2.769230769230769,2.3,2026-05-02
USR-18714,Instant Foods(Noida),Paan B,HVHF,2026-05-30,1.783132530120482,2.7,2026-05-02
USR-381,Crossline Events (Noida),Paan B,HVHF,2026-05-29,2.406779661016949,2.7,2026-05-02
USR-24139,Crossline Events (Noida),General C,HVHF,2026-05-30,1.7023809523809523,2.7,2026-05-02
USR-160149,Instant Foods (SED),Paan B,HVHF,2026-05-30,1.6741573033707866,2.6,2026-05-02
USR-97492,Instant Foods (SED),General A,HVHF,2026-05-28,2.3015873015873014,2.1,2026-05-02
USR-18789,Instant Foods(Noida),General B,HVHF,2026-05-29,1.9733333333333334,2.2,2026-05-02
USR-160114,Cross Line Events (Ghaziabad),Paan C,HVHF,2026-05-29,2.4745762711864407,2.7,2026-05-02
USR-160106,Instant Foods (GZB),Paan C,HVHF,2026-05-29,2.581818181818182,2.8,2026-05-02
USR-160094,Instant Foods(Noida),Paan C,HVHF,2026-05-27,3.0,2.8,2026-05-02
USR-2411,Crossline Events (Noida),Paan A,HVHF,2026-05-30,1.7011494252873562,2.6,2026-05-02
USR-18810,Instant Foods(Noida),General B,HVHF,2026-05-30,1.7325581395348837,2.6,2026-05-02
USR-45413,Cross Line Events (EDelhi),General A,HVHF,2026-05-28,2.4915254237288136,2.3,2026-05-02
USR-18815,Instant Foods(Noida),General B,HVHF,2026-05-30,1.4752475247524752,2.4,2026-05-02
USR-160076,Instant Foods (SED),Paan B,HVHF,2026-04-11,1.639344262295082,2.4,2026-05-02
USR-128866,Crossline Events (Meerut),General A,HVHF,2026-05-30,1.9863013698630136,2.9,2026-05-02
USR-18309,Instant Foods(Noida),General B,HVHF,2026-05-30,1.7926829268292683,2.7,2026-05-02
USR-18660,Instant Foods(Noida),Paan B,HVHF,2026-05-25,2.4827586206896552,2.3,2026-05-02
USR-166142,Cross Line Events (Ghaziabad),General B,HVHF,2026-05-29,2.543859649122807,2.8,2026-05-02
USR-18342,Cross Line Events (Ghaziabad),Paan B,HVHF,2026-05-30,1.4056603773584906,2.4,2026-05-02
USR-153891,Crossline Events (Meerut),Paan B,HVHF,2026-05-30,1.6823529411764706,2.7,2026-05-02
USR-483,Instant Foods(Noida),Paan B,HVHF,2026-05-30,1.868421052631579,2.9,2026-05-02
USR-128180,Crossline Events (Meerut),General C,HVHF,2026-05-27,2.9591836734693877,2.7,2026-05-02
USR-18359,Cross Line Events (Ghaziabad),General C,HVHF,2026-05-30,1.3703703703703705,2.4,2026-05-02
USR-24454,Instant Foods(Noida),General A,HVHF,2026-05-30,1.1894736842105262,2.1,2026-05-02
USR-160209,Instant Foods(Noida),Paan A,HVHF,2026-05-30,1.75,2.6,2026-05-02
USR-5173,Instant Foods (GZB),Paan B,HVHF,2026-05-30,1.3669724770642202,2.3,2026-05-02
USR-184,Instant Foods(Noida),Paan B,HVLF,2026-05-29,2.3333333333333335,2.5,2026-05-02
USR-18654,Instant Foods(Noida),Paan B,HVHF,2026-05-30,1.2844827586206897,2.2,2026-05-02
USR-4768,Instant Foods (GZB),Paan B,HVLF,2026-03-19,2.5,2.6,2026-05-02
USR-473,Instant Foods(Noida),Paan B,HVHF,2026-05-28,2.7450980392156863,2.8,2026-05-02
USR-185,Instant Foods(Noida),Paan B,HVHF,2026-05-27,2.7169811320754715,2.5,2026-05-02
USR-18521,Instant Foods(Noida),General C,HVHF,2026-05-27,3.0851063829787235,2.8,2026-05-02
USR-29680,Instant Foods (GZB),General B,HVHF,2026-05-30,1.0277777777777777,2.0,2026-05-02
USR-46579,Instant Foods (SED),Paan B,HVHF,2026-05-29,1.9733333333333334,2.0,2026-05-02
USR-2937,Instant Foods (GZB),Paan B,HVHF,2026-04-07,2.9375,2.8,2026-05-02
USR-166330,NB Enterprises (West Delhi),Paan B,HVLF,2026-04-18,2.3333333333333335,2.9,2026-05-02
USR-29381,Cross Line Events (Ghaziabad),General C,HVLF,2026-05-30,1.4166666666666667,2.4,2026-05-02
USR-3797,Cross Line Events (Ghaziabad),General B,HVHF,2026-05-30,1.9166666666666667,2.9,2026-05-02
USR-3786,Cross Line Events (Ghaziabad),Paan B,HVHF,2026-05-30,1.6629213483146068,2.5,2026-05-02
USR-160206,Instant Foods (GZB),Paan C,HVHF,2026-05-30,1.9102564102564104,2.9,2026-05-02
USR-37396,Cross Line Events (Ghaziabad),Paan B,HVHF,2026-05-29,2.3333333333333335,2.5,2026-05-02
USR-51968,Cross Line Events (EDelhi),Paan B,HVHF,2026-05-30,1.4356435643564356,2.5,2026-05-02
USR-61740,NB Enterprises (West Delhi),Paan B,HVHF,2026-05-11,2.840909090909091,2.8,2026-05-02
USR-26230,Instant Foods(Noida),Paan B,HVHF,2026-05-28,2.8518518518518516,2.9,2026-05-02
USR-178169,Cross Line Events (Ghaziabad),Paan B,HVHF,2026-05-30,0.6129032258064516,2.1,2026-05-02
USR-13364,Crossline Events (Noida),Paan B,HVHF,2026-05-30,1.85,2.8,2026-05-02
USR-6067,Cross Line Events (Ghaziabad),Paan B,HVHF,2026-05-29,2.3934426229508197,2.6,2026-05-02
USR-6066,Cross Line Events (Ghaziabad),Paan B,HVHF,2026-05-29,2.306451612903226,2.5,2026-05-02
USR-6050,Cross Line Events (Ghaziabad),Paan B,HVHF,2026-05-26,2.4827586206896552,2.3,2026-05-02
USR-164201,Rapid Enterprises,General B,LVLF,2026-01-07,2.0,2.0,2026-05-02
USR-160745,Crossline Events (Noida),Wholesaler,HVHF,2026-05-30,1.7951807228915662,2.9,2026-05-02
USR-957,Crossline Events (Noida),General A,HVHF,2026-05-29,2.0136986301369864,2.1,2026-05-02
USR-160742,NB Enterprises (West Delhi),Paan A,HVHF,2026-05-28,2.826923076923077,2.8,2026-05-02
USR-178258,Cross Line Events (Ghaziabad),Paan B,HVHF,2026-05-30,1.375,2.7,2026-05-02
USR-126308,Crossline Events (Meerut),General B,HVHF,2026-03-31,2.6451612903225805,2.8,2026-05-02
USR-5977,Instant Foods (GZB),Paan B,HVHF,2026-05-29,2.3333333333333335,2.6,2026-05-02
USR-178271,Instant Foods (GZB),General B,HVLF,2026-05-11,2.0,2.3,2026-05-02
USR-26145,Crossline Events (Noida),General C,HVHF,2026-05-29,2.3174603174603177,2.5,2026-05-02
USR-59645,Instant Foods (SED),Paan B,HVHF,2026-05-28,2.7735849056603774,2.7,2026-05-02
USR-29515,Crossline Events (Noida),Paan B,HVHF,2026-05-30,1.2436974789915967,2.1,2026-05-02
USR-160712,Instant Foods(Noida),Paan A,HVHF,2026-03-23,2.0256410256410255,2.0,2026-05-02
USR-166927,NB Enterprises (West Delhi),Paan B,HVHF,2026-04-20,2.2790697674418605,2.1,2026-05-02
USR-126258,Crossline Events (Noida),Paan B,HVLF,2026-02-17,3.3333333333333335,2.8,2026-05-02
USR-372,Instant Foods(Noida),Paan B,HVHF,2026-05-30,1.8734177215189873,2.9,2026-05-02
USR-102850,Instant Foods (SED),General A,HVHF,2026-05-27,3.0416666666666665,2.9,2026-05-02
USR-126165,Crossline Events (Meerut),General C,HVLF,2026-01-05,3.0,2.5,2026-05-02
USR-12573,Cross Line Events (Ghaziabad),Paan B,HVHF,2026-05-01,2.1052631578947367,2.5,2026-05-02
USR-177599,Maa Sharda(LKO),General B,HVLF,2026-05-30,1.25,2.0,2026-05-02
USR-160878,Cross Line Events (Ghaziabad),General C,HVLF,2026-03-13,2.0,2.3,2026-05-02
USR-26542,Instant Foods(Noida),Paan B,HVHF,2026-05-25,2.857142857142857,2.7,2026-05-02
USR-26504,Instant Foods(Noida),Paan B,HVHF,2026-04-23,3.027027027027027,2.7,2026-05-02
USR-102885,Instant Foods (SED),General A,HVHF,2026-05-05,2.411764705882353,2.2,2026-05-02
USR-177811,Maa Sharda(LKO),General C,HVLF,2026-05-20,3.0,2.8,2026-05-02
USR-177907,Maa Sharda(LKO),Paan C,HVLF,2026-05-21,2.0,2.5,2026-05-02
USR-26494,Instant Foods(Noida),Paan B,HVHF,2026-05-29,2.433333333333333,2.6,2026-05-02
USR-621,Instant Foods(Noida),General C,HVHF,2026-05-27,2.843137254901961,2.7,2026-05-02
USR-126070,Crossline Events (Meerut),General C,HVHF,2026-05-27,2.21875,2.0,2026-05-02
USR-160830,Crossline Events (Meerut),General C,HVHF,2026-03-12,2.4642857142857144,2.5,2026-05-02
USR-177938,Maa Sharda(LKO),Paan C,HVLF,2026-05-30,1.7272727272727273,2.5,2026-05-02
USR-178013,Maa Sharda(LKO),Paan C,HVLF,2026-05-25,2.8333333333333335,2.5,2026-05-02
USR-178039,Maa Sharda(LKO),Paan C,HVLF,2026-05-30,2.2,2.9,2026-05-02
USR-6259,Cross Line Events (Ghaziabad),Paan B,HVHF,2026-05-30,1.8734177215189873,2.9,2026-05-02
USR-178044,Instant Foods (Mathura),General B,HVLF,2026-04-26,2.0,2.9,2026-05-02
USR-160804,Instant Foods (GZB),General C,HVHF,2026-05-30,1.9473684210526316,2.9,2026-05-02
USR-36970,Instant Foods (GZB),General A,HVHF,2026-05-27,2.9591836734693877,2.8,2026-05-02
USR-153585,Crossline Events (Meerut),Paan B,HVHF,2026-05-30,1.6931818181818181,2.6,2026-05-02
USR-153579,Crossline Events (Meerut),Paan B,HVHF,2026-05-21,2.3333333333333335,2.2,2026-05-02
USR-29290,Instant Foods(Noida),Paan B,HVHF,2026-05-29,2.28125,2.4,2026-05-02
USR-29301,Instant Foods(Noida),Paan B,HVLF,2026-05-21,2.4285714285714284,2.6,2026-05-02
USR-178746,Maa Sharda(LKO),General A,HVLF,2026-05-29,2.3333333333333335,2.5,2026-05-02
USR-37325,Cross Line Events (EDelhi),Paan A,HVHF,2026-05-30,1.264957264957265,2.2,2026-05-02
USR-126930,Crossline Events (Meerut),General C,HVHF,2026-05-29,2.0,2.0,2026-05-02
USR-549,Instant Foods(Noida),General A,HVHF,2026-05-30,1.15625,2.1,2026-05-02
USR-5476,Cross Line Events (Ghaziabad),Paan B,HVHF,2026-05-30,1.3962264150943395,2.4,2026-05-02
USR-153787,Instant Foods(Noida),General C,HVHF,2026-05-30,1.41,2.4,2026-05-02
USR-10195,Cross Line Events (Ghaziabad),General A,HVHF,2026-05-28,2.9183673469387754,2.8,2026-05-02
USR-18023,Cross Line Events (Ghaziabad),General C,HVHF,2026-05-28,2.338709677419355,2.1,2026-05-02
USR-160423,Cross Line Events (Ghaziabad),General B,HVHF,2026-05-30,1.568421052631579,2.5,2026-05-02
USR-127073,Crossline Events (Meerut),Paan A,HVHF,2026-05-25,2.3833333333333333,2.1,2026-05-02
USR-5504,Instant Foods (GZB),General B,HVLF,2026-05-22,2.0,2.9,2026-05-02
USR-96524,Instant Foods (SED),General A,HVHF,2026-05-30,1.6373626373626373,2.5,2026-05-02
USR-24873,Instant Foods(Noida),Paan B,HVHF,2026-05-16,1.8,2.4,2026-05-02
USR-166604,Rapid Enterprises,General A,HVHF,2026-05-27,2.4745762711864407,2.2,2026-05-02
USR-127124,Crossline Events (Meerut),General B,HVHF,2026-05-29,2.1470588235294117,2.2,2026-05-02
USR-164387,Rapid Enterprises,Paan B,HVHF,2026-05-29,2.3666666666666667,2.4,2026-05-02
USR-166549,Rapid Enterprises,General C,HVHF,2026-05-29,2.1142857142857143,2.2,2026-05-02
USR-160387,Cross Line Events (Ghaziabad),General C,HVHF,2026-05-30,1.8860759493670887,2.8,2026-05-02
USR-160380,Cross Line Events (Ghaziabad),General B,HVHF,2026-05-29,2.370967741935484,2.5,2026-05-02
USR-160375,Cross Line Events (Ghaziabad),General C,HVHF,2026-05-30,1.6741573033707866,2.6,2026-05-02
USR-96590,Instant Foods (SED),General A,HVHF,2026-04-07,2.341463414634146,2.2,2026-05-02
USR-166614,Rapid Enterprises,General B,HVHF,2026-05-28,2.2615384615384615,2.1,2026-05-02
USR-553,Instant Foods(Noida),Paan B,HVHF,2026-05-30,1.8271604938271604,2.7,2026-05-02
USR-5530,Instant Foods (GZB),General B,HVHF,2026-05-29,2.3870967741935485,2.6,2026-05-02
USR-96446,Instant Foods(Noida),Paan B,HVHF,2026-05-30,1.2844827586206897,2.2,2026-05-02
USR-178994,Crossline Events (Meerut),General C,HVLF,2026-05-29,2.0,2.5,2026-05-02
USR-160675,NB Enterprises (West Delhi),Paan C,HVHF,2026-05-25,2.641509433962264,2.7,2026-05-02
USR-58372,Instant Foods (SED),Paan B,HVHF,2026-05-30,1.6931818181818181,2.6,2026-05-02
USR-160667,Instant Foods(Noida),General C,HVLF,2026-04-14,8.5,2.2,2026-05-02
USR-166830,Instant Foods(Noida),General C,HVHF,2026-05-30,1.3557692307692308,2.3,2026-05-02
USR-2594,Cross Line Events (Ghaziabad),Paan B,HVHF,2026-05-30,1.5851063829787233,2.5,2026-05-02
USR-1024,Crossline Events (Noida),General A,HVHF,2026-05-29,2.607142857142857,2.9,2026-05-02
USR-160633,Cross Line Events (Ghaziabad),Paan B,HVHF,2026-03-19,2.433333333333333,2.5,2026-05-02
USR-160632,Cross Line Events (Ghaziabad),Paan B,HVHF,2026-03-25,2.6333333333333333,2.8,2026-05-02
USR-5800,Cross Line Events (Ghaziabad),General C,HVHF,2026-05-30,1.8395061728395061,2.8,2026-05-02
USR-96105,Instant Foods (SED),General A,HVHF,2026-05-25,2.765957446808511,2.6,2026-05-02
USR-166702,Rapid Enterprises,General A,HVHF,2026-05-28,2.843137254901961,2.7,2026-05-02
USR-126676,Crossline Events (Meerut),General B,HVHF,2026-05-29,1.9864864864864864,2.0,2026-05-02
USR-96305,Cross Line Events (EDelhi),General B,HVHF,2026-05-30,1.49,2.4,2026-05-02
USR-166694,Rapid Enterprises,Paan B,HVHF,2026-05-25,2.6666666666666665,2.4,2026-05-02
USR-179451,Maa Sharda(LKO),Paan C,HVLF,2026-05-28,3.0,2.9,2026-05-02
USR-25776,Instant Foods(Noida),Paan B,HVHF,2026-05-30,1.2844827586206897,2.2,2026-05-02
USR-179597,Maa Sharda(LKO),Paan B,HVLF,2026-05-27,2.0,2.4,2026-05-02
USR-96414,Instant Foods (SED),General A,HVHF,2026-05-30,1.3577981651376148,2.3,2026-05-02
USR-29324,Instant Foods (GZB),Paan A,HVHF,2026-05-29,2.5344827586206895,2.7,2026-05-02
USR-160511,Instant Foods(Noida),Wholesaler,HVHF,2026-05-28,2.7222222222222223,2.8,2026-05-02
USR-24754,Instant Foods(Noida),General C,HVHF,2026-05-30,1.4742268041237114,2.4,2026-05-02
USR-164586,Cross Line Events (Ghaziabad),Paan A,HVHF,2026-05-31,1.85,2.9,2026-05-02
USR-18922,Instant Foods(Noida),Paan B,HVHF,2026-05-30,1.8625,2.7,2026-05-02
USR-18841,Instant Foods(Noida),General B,HVHF,2026-05-28,2.3174603174603177,2.1,2026-05-02
USR-29434,Instant Foods(Noida),Paan B,HVHF,2026-05-28,2.7037037037037037,2.5,2026-05-02
USR-2944,Instant Foods (GZB),Paan B,HVHF,2026-05-25,2.7142857142857144,2.5,2026-05-02
USR-2168,Crossline Events (Noida),Paan B,HVHF,2026-05-29,1.651685393258427,2.0,2026-05-02
USR-131076,Crossline Events (Meerut),General A,HVHF,2026-05-25,2.581818181818182,2.3,2026-05-02
USR-4161,Instant Foods (GZB),Paan B,HVHF,2026-05-29,2.227272727272727,2.4,2026-05-02
USR-41572,Cross Line Events (EDelhi),General A,HVLF,2026-05-28,19.166666666666668,2.9,2026-05-02
USR-2169,Crossline Events (Noida),Paan B,HVHF,2026-05-30,1.574468085106383,2.5,2026-05-02
USR-158725,Instant Foods(Noida),Paan B,HVHF,2026-05-29,2.111111111111111,2.5,2026-05-02
USR-132491,Crossline Events (Meerut),General C,HVHF,2026-05-30,1.4056603773584906,2.4,2026-05-02
USR-1004,Instant Foods(Noida),General C,HVHF,2026-05-30,1.1935483870967742,2.1,2026-05-02
USR-2179,Crossline Events (Noida),Paan B,HVHF,2026-05-29,2.0,2.3,2026-05-02
USR-21847,Crossline Events (Noida),General C,HVHF,2026-05-22,2.1875,2.6,2026-05-02
USR-21883,Crossline Events (Noida),General C,HVHF,2026-04-22,2.5,2.4,2026-05-02
USR-21891,Crossline Events (Noida),Paan B,HVHF,2026-05-30,1.3454545454545455,2.3,2026-05-02
USR-22044,Crossline Events (Noida),Paan B,HVHF,2026-05-30,1.6741573033707866,2.6,2026-05-02
USR-159277,Instant Foods(Noida),General C,HVHF,2026-05-27,3.0,2.8,2026-05-02
USR-159254,Instant Foods(Noida),Paan C,HVLF,2026-03-02,2.0,2.3,2026-05-02
USR-22191,Crossline Events (Noida),General C,HVHF,2026-04-25,1.591549295774648,2.3,2026-05-02
USR-29457,Instant Foods(Noida),General C,HVHF,2026-05-08,2.52,2.8,2026-05-02
USR-159248,Crossline Events (Meerut),General A,HVLF,2026-04-25,39.5,2.0,2026-05-02
USR-29445,Cross Line Events (EDelhi),Paan A,HVHF,2026-05-23,2.3333333333333335,2.9,2026-05-02
USR-29470,Instant Foods(Noida),General A,HVHF,2026-05-30,1.4056603773584906,2.4,2026-05-02
USR-2149,Crossline Events (Noida),Paan B,HVHF,2026-05-28,2.5789473684210527,2.4,2026-05-02
USR-131021,Crossline Events (Meerut),General B,HVHF,2026-05-30,1.3185840707964602,2.2,2026-05-02
USR-42725,Cross Line Events (EDelhi),General A,HVHF,2026-05-28,2.5344827586206895,2.3,2026-05-02
USR-38376,Instant Foods(Noida),General C,HVHF,2026-05-20,2.547169811320755,2.4,2026-05-02
USR-100549,Instant Foods(Noida),Paan B,HVHF,2026-05-30,1.3097345132743363,2.4,2026-05-02
USR-2088,Crossline Events (Noida),Paan B,HVHF,2026-05-30,1.945945945945946,2.9,2026-05-02
USR-2404,Instant Foods(Noida),General B,HVHF,2026-05-30,1.5520833333333333,2.5,2026-05-02
USR-42555,Cross Line Events (EDelhi),General A,HVHF,2026-05-08,1.8955223880597014,2.1,2026-05-02
USR-130787,Crossline Events (Meerut),General C,HVHF,2026-05-29,2.5517241379310347,2.7,2026-05-02
USR-159434,Crossline Events (Meerut),General A,HVHF,2026-05-25,2.440677966101695,2.2,2026-05-02
USR-2107,Crossline Events (Noida),General C,HVHF,2026-05-30,1.8831168831168832,2.8,2026-05-02
USR-131023,Crossline Events (Meerut),General B,HVHF,2026-05-30,1.85,2.8,2026-05-02
USR-42473,Cross Line Events (EDelhi),General A,HVHF,2026-05-27,2.0,2.1,2026-05-02
USR-2401,Instant Foods(Noida),Paan B,HVHF,2026-05-30,1.15625,2.1,2026-05-02
USR-21205,Instant Foods(Noida),General C,HVHF,2026-05-30,1.4607843137254901,2.4,2026-05-02
USR-159417,Crossline Events (Noida),General C,HVLF,2026-05-30,1.5,2.4,2026-05-02
USR-4206,Cross Line Events (Ghaziabad),Paan B,HVHF,2026-05-29,2.3278688524590163,2.4,2026-05-02
USR-21272,Instant Foods(Noida),Paan B,HVHF,2026-05-28,2.161764705882353,2.0,2026-05-02
USR-3868,Cross Line Events (Ghaziabad),General B,HVHF,2026-05-30,1.8974358974358974,2.8,2026-05-02
USR-130992,Crossline Events (Meerut),General B,HVLF,2026-05-30,1.6666666666666667,2.5,2026-05-02
USR-130993,Crossline Events (Meerut),General B,HVHF,2026-05-30,1.7529411764705882,2.6,2026-05-02
USR-2138,Instant Foods(Noida),Paan B,HVHF,2026-05-29,2.0273972602739727,2.3,2026-05-02
USR-42459,Cross Line Events (EDelhi),General A,HVHF,2026-05-29,2.0,2.0,2026-05-02
USR-41066,Crossline Events (Noida),Paan B,HVHF,2026-05-29,2.4915254237288136,2.7,2026-05-02
USR-41047,Cross Line Events (EDelhi),Paan B,HVHF,2026-05-30,1.7529411764705882,2.6,2026-05-02
USR-4084,Cross Line Events (Ghaziabad),General C,HVHF,2026-05-30,1.5851063829787233,2.7,2026-05-02
USR-2275,Instant Foods(Noida),Paan B,HVHF,2026-05-21,2.6538461538461537,2.6,2026-05-02
USR-99683,Instant Foods (SED),General A,HVHF,2026-05-30,1.2416666666666667,2.1,2026-05-02
USR-13187,Instant Foods (GZB),General B,HVHF,2026-05-26,2.5636363636363635,2.3,2026-05-02
USR-159068,Instant Foods(Noida),Paan B,HVHF,2026-05-30,1.3796296296296295,2.4,2026-05-02
USR-39655,Instant Foods(Noida),Paan B,HVHF,2026-05-13,2.2758620689655173,2.2,2026-05-02
USR-2301,Instant Foods(Noida),Paan B,HVHF,2026-04-08,2.375,2.2,2026-05-02
USR-158775,Crossline Events (Meerut),General B,HVLF,2026-01-08,2.0,2.4,2026-05-02
USR-159047,Instant Foods(Noida),Paan B,HVHF,2026-05-30,1.2032520325203253,2.1,2026-05-02
USR-39096,Crossline Events (Noida),Paan B,HVHF,2026-05-12,2.6,2.5,2026-05-02
USR-22736,Crossline Events (Noida),General C,HVHF,2026-05-30,1.5806451612903225,2.5,2026-05-02
USR-39391,Cross Line Events (EDelhi),General A,HVHF,2026-05-30,1.3185840707964602,2.2,2026-05-02
USR-2330,Crossline Events (Noida),Paan B,HVHF,2026-05-30,1.8271604938271604,2.9,2026-05-02
USR-39390,Cross Line Events (EDelhi),Paan A,HVHF,2026-05-07,2.4583333333333335,2.5,2026-05-02
USR-39375,Cross Line Events (EDelhi),General A,HVHF,2026-05-07,2.52,2.5,2026-05-02
USR-23316,Instant Foods(Noida),Paan B,HVLF,2026-03-17,2.0,2.0,2026-05-02
USR-2365,Instant Foods(Noida),Paan B,HVHF,2026-05-30,1.494949494949495,2.5,2026-05-02
USR-158995,Crossline Events (Meerut),Paan C,HVHF,2026-05-27,2.338709677419355,2.0,2026-05-02
USR-393,Crossline Events (Noida),Paan B,HVHF,2026-05-30,1.84375,2.9,2026-05-02
USR-2353,Instant Foods(Noida),Paan B,HVHF,2026-05-30,1.0694444444444444,2.1,2026-05-02
USR-39130,Crossline Events (Noida),Paan B,HVHF,2026-05-30,1.4095238095238096,2.4,2026-05-02
USR-159035,Instant Foods (GZB),Paan A,HVHF,2026-05-30,1.9733333333333334,2.9,2026-05-02
USR-2272,Instant Foods(Noida),Paan B,HVHF,2026-05-26,2.2857142857142856,2.0,2026-05-02
USR-39061,Cross Line Events (EDelhi),Paan A,HVHF,2026-05-28,2.3333333333333335,2.2,2026-05-02
USR-165221,Rapid Enterprises,Chemist C,HVHF,2026-05-31,1.4752475247524752,2.3,2026-05-02
USR-2237,Instant Foods(Noida),Paan B,HVHF,2026-05-31,1.2096774193548387,2.1,2026-05-02
USR-2239,Crossline Events (Noida),Paan B,HVHF,2026-05-11,2.9523809523809526,2.9,2026-05-02
USR-159226,Crossline Events (Meerut),General A,HVHF,2026-03-10,2.72,2.7,2026-05-02
USR-38834,Cross Line Events (EDelhi),General A,HVHF,2026-05-28,2.9791666666666665,2.9,2026-05-02
USR-159223,Cross Line Events (Ghaziabad),Paan A,HVHF,2026-05-30,1.3545454545454545,2.3,2026-05-02
USR-165424,Rapid Enterprises,General A,HVLF,2026-02-18,2.0,2.1,2026-05-02
USR-1002,Crossline Events (Noida),General C,HVHF,2026-04-30,2.4583333333333335,2.5,2026-05-02
USR-2249,Crossline Events (Noida),Paan A,HVHF,2026-05-29,2.5084745762711864,2.8,2026-05-02
USR-404,Crossline Events (Noida),Paan B,HVHF,2026-05-14,2.23728813559322,2.2,2026-05-02
USR-149834,Instant Foods(Noida),Paan C,HVHF,2026-04-14,2.3488372093023258,2.2,2026-05-02
USR-40285,Cross Line Events (EDelhi),Paan A,HVHF,2026-05-30,1.5360824742268042,2.5,2026-05-02
USR-239,Crossline Events (Noida),Paan B,HVLF,2026-04-27,12.333333333333334,2.9,2026-05-02
USR-40277,Cross Line Events (EDelhi),General A,HVHF,2026-05-29,2.176470588235294,2.3,2026-05-02
USR-2253,Crossline Events (Noida),Paan B,HVHF,2026-05-29,2.296875,2.4,2026-05-02
USR-4008,Cross Line Events (Ghaziabad),General C,HVHF,2026-04-21,2.8684210526315788,2.8,2026-05-02
USR-165263,Cross Line Events (Ghaziabad),General A,HVHF,2026-05-30,1.0431654676258992,2.2,2026-05-02
USR-38949,Cross Line Events (EDelhi),General A,HVHF,2026-03-19,2.0,2.1,2026-05-02
USR-159126,Instant Foods(Noida),General A,HVHF,2026-05-30,1.125,2.1,2026-05-02
USR-38977,Cross Line Events (EDelhi),General A,HVHF,2026-05-30,1.8170731707317074,2.7,2026-05-02
USR-22684,Cross Line Events (Ghaziabad),Paan B,HVHF,2026-05-30,1.7951807228915662,2.9,2026-05-02
USR-159106,Instant Foods(Noida),Paan B,HVHF,2026-05-27,2.6666666666666665,2.4,2026-05-02
USR-165611,Instant Foods(Noida),Paan C,HVHF,2026-03-20,2.2,2.5,2026-05-02
USR-20860,Instant Foods(Noida),Paan B,HVHF,2026-05-30,1.6741573033707866,2.6,2026-05-02
USR-2085,Instant Foods(Noida),Paan B,HVHF,2026-05-30,1.8048780487804879,2.7,2026-05-02
USR-42798,Cross Line Events (EDelhi),General A,HVHF,2026-05-30,2.0135135135135136,2.9,2026-05-02
USR-44678,Cross Line Events (EDelhi),General A,HVHF,2026-05-30,2.0416666666666665,2.9,2026-05-02
USR-19151,Instant Foods(Noida),General C,HVHF,2026-05-29,2.2615384615384615,2.4,2026-05-02
USR-44617,Cross Line Events (EDelhi),General A,HVHF,2026-05-30,1.9102564102564104,2.9,2026-05-02
USR-12948,Cross Line Events (Ghaziabad),Paan B,HVHF,2026-05-30,1.574468085106383,2.5,2026-05-02
USR-165866,Crossline Events (Meerut),General B,HVHF,2026-05-30,1.6896551724137931,2.6,2026-05-02
USR-44586,Instant Foods(Noida),Paan B,HVHF,2026-05-29,2.5517241379310347,2.8,2026-05-02
USR-132736,Crossline Events (Noida),Paan B,HVHF,2026-05-27,2.377049180327869,2.1,2026-05-02
USR-159725,Instant Foods (SED),General A,HVHF,2026-05-26,2.5892857142857144,2.2,2026-05-02
USR-44556,Cross Line Events (EDelhi),General A,HVHF,2026-05-29,2.3333333333333335,2.5,2026-05-02
USR-19128,Instant Foods(Noida),General C,HVHF,2026-05-30,1.6741573033707866,2.6,2026-05-02
USR-159724,Instant Foods (SED),General A,HVHF,2026-05-30,1.8194444444444444,2.7,2026-05-02
USR-44512,Cross Line Events (EDelhi),General A,HVHF,2026-05-27,2.7169811320754715,2.4,2026-05-02
USR-153959,Instant Foods(Noida),Paan B,HVHF,2026-05-30,1.922077922077922,2.9,2026-05-02
USR-19427,Instant Foods(Noida),General B,HVLF,2026-02-04,2.8333333333333335,2.9,2026-05-02
USR-98028,Instant Foods (SED),General A,HVHF,2026-05-12,2.381818181818182,2.7,2026-05-02
USR-159714,Instant Foods (GZB),General A,HVHF,2026-05-27,2.9,2.7,2026-05-02
USR-19515,Instant Foods(Noida),General C,HVHF,2026-05-20,2.6037735849056602,2.4,2026-05-02
USR-19529,Instant Foods(Noida),General B,HVHF,2026-05-23,2.3278688524590163,2.9,2026-05-02
USR-19539,Instant Foods(Noida),Paan B,HVHF,2026-05-23,2.21875,2.8,2026-05-02
USR-159703,Instant Foods (GZB),Paan B,HVHF,2026-05-04,2.2363636363636363,2.6,2026-05-02
USR-44527,Instant Foods(Noida),Paan B,HVHF,2026-05-30,1.4230769230769231,2.4,2026-05-02
USR-44699,Instant Foods(Noida),Paan A,HVHF,2026-05-27,2.9591836734693877,2.8,2026-05-02
USR-38297,Crossline Events (Noida),General A,HVHF,2026-04-29,2.207547169811321,2.2,2026-05-02
USR-1906,Instant Foods(Noida),Paan B,HVHF,2026-05-27,2.28125,2.0,2026-05-02
USR-166021,NB Enterprises (West Delhi),Paan B,HVHF,2026-04-25,1.7936507936507937,2.5,2026-05-02
USR-45260,Cross Line Events (EDelhi),General A,HVHF,2026-05-26,2.6363636363636362,2.4,2026-05-02
USR-45244,Cross Line Events (EDelhi),General A,HVLF,2026-05-21,2.3333333333333335,2.3,2026-05-02
USR-160045,Instant Foods(Noida),Paan C,HVHF,2026-05-31,1.5957446808510638,2.4,2026-05-02
USR-97747,Instant Foods (SED),General A,HVHF,2026-05-30,1.7325581395348837,2.6,2026-05-02
USR-160035,Cross Line Events (Ghaziabad),Chemist A,HVHF,2026-05-30,1.3454545454545455,2.3,2026-05-02
USR-452,Instant Foods(Noida),General B,HVHF,2026-05-28,3.0,2.8,2026-05-02
USR-12911,Cross Line Events (Ghaziabad),General C,HVLF,2026-05-18,33.333333333333336,2.0,2026-05-02
USR-18892,Instant Foods(Noida),Paan B,HVHF,2026-05-29,2.5344827586206895,2.7,2026-05-02
USR-166933,Rapid Enterprises,General A,HVHF,2026-05-29,2.690909090909091,2.9,2026-05-02
USR-18926,Instant Foods(Noida),Paan B,HVHF,2026-05-29,2.0869565217391304,2.2,2026-05-02
USR-29615,Crossline Events (Noida),General B,HVHF,2026-05-30,1.6021505376344085,2.6,2026-05-02
USR-165946,Rapid Enterprises,General C,HVHF,2026-05-30,1.783132530120482,2.7,2026-05-02
USR-18969,Instant Foods(Noida),Paan B,HVHF,2026-05-30,1.8271604938271604,2.7,2026-05-02
USR-159883,Crossline Events (Meerut),General A,HVHF,2026-05-27,2.7884615384615383,2.6,2026-05-02
USR-132852,Crossline Events (Meerut),General A,HVHF,2026-05-30,1.922077922077922,2.9,2026-05-02
USR-164691,Rapid Enterprises,General B,HVHF,2026-05-30,1.8048780487804879,2.7,2026-05-02
USR-29398,Instant Foods(Noida),Paan A,HVHF,2026-05-30,1.6896551724137931,2.7,2026-05-02
USR-18976,Instant Foods(Noida),General C,HVHF,2026-05-25,2.6923076923076925,2.4,2026-05-02
USR-100876,Instant Foods (SED),General A,HVLF,2026-01-09,2.6666666666666665,2.8,2026-05-02
USR-159854,Instant Foods (GZB),Paan A,HVLF,2026-02-23,2.0,2.3,2026-05-02
USR-19549,Crossline Events (Noida),General C,HVLF,2026-01-09,2.0,2.4,2026-05-02
USR-133060,Crossline Events (Meerut),General A,HVHF,2026-05-29,2.1142857142857143,2.2,2026-05-02
USR-19663,Instant Foods(Noida),General A,HVHF,2026-05-29,2.672727272727273,2.9,2026-05-02
USR-1008,Crossline Events (Noida),Paan B,HVHF,2026-05-12,2.046875,2.0,2026-05-02
USR-202,Instant Foods(Noida),Paan B,HVHF,2026-05-28,3.65,2.6,2026-05-02
USR-38315,Cross Line Events (EDelhi),General A,HVHF,2026-05-28,2.45,2.3,2026-05-02
USR-43131,Cross Line Events (EDelhi),General A,LVLF,2026-03-07,2.0,2.8,2026-05-02
USR-43064,Cross Line Events (EDelhi),General A,HVHF,2026-05-30,1.3333333333333333,2.3,2026-05-02
USR-20275,Instant Foods(Noida),General B,HVHF,2026-05-21,3.0,2.9,2026-05-02
USR-14753,Instant Foods(Noida),Paan B,HVHF,2026-05-30,1.1653543307086613,2.1,2026-05-02
USR-165728,Rapid Enterprises,Chemist C,HVHF,2026-05-26,3.0851063829787235,2.9,2026-05-02
USR-38322,Instant Foods(Noida),Paan B,HVHF,2026-05-29,2.45,2.7,2026-05-02
USR-42960,Cross Line Events (EDelhi),General A,HVHF,2026-05-30,1.7926829268292683,2.7,2026-05-02
USR-159622,Crossline Events (Noida),General A,HVHF,2026-05-30,1.6477272727272727,2.7,2026-05-02
USR-159559,Cross Line Events (Ghaziabad),General B,HVHF,2026-05-30,1.5416666666666667,2.7,2026-05-02
USR-42879,Cross Line Events (EDelhi),General A,HVHF,2026-05-27,2.28125,2.0,2026-05-02
USR-42874,Cross Line Events (EDelhi),General A,HVHF,2026-05-30,1.7325581395348837,2.6,2026-05-02
USR-20531,Instant Foods(Noida),Paan B,HVHF,2026-05-27,2.5892857142857144,2.3,2026-05-02
USR-2061,Crossline Events (Noida),Paan B,HVHF,2026-05-30,1.8734177215189873,2.8,2026-05-02
USR-130438,Crossline Events (Meerut),General C,HVHF,2026-04-01,2.696969696969697,2.9,2026-05-02
USR-130441,Crossline Events (Meerut),General B,HVHF,2026-05-30,1.783132530120482,2.7,2026-05-02
USR-20659,Instant Foods(Noida),Paan B,HVLF,2026-02-09,2.0,2.2,2026-05-02
USR-20678,Instant Foods(Noida),Paan B,HVLF,2026-05-29,50.0,2.1,2026-05-02
USR-38356,Cross Line Events (EDelhi),General A,HVHF,2026-05-28,2.377049180327869,2.1,2026-05-02
USR-159545,Instant Foods (SED),Paan B,HVHF,2026-05-28,2.8076923076923075,2.7,2026-05-02
USR-130134,Crossline Events (Meerut),General C,HVHF,2026-05-27,2.7169811320754715,2.4,2026-05-02
USR-98387,Instant Foods(Noida),Paan B,HVHF,2026-05-27,3.0416666666666665,2.9,2026-05-02
USR-130115,Crossline Events (Meerut),General C,HVHF,2026-05-30,1.7619047619047619,2.7,2026-05-02
USR-98139,Cross Line Events (EDelhi),Paan B,HVHF,2026-05-25,2.75,2.6,2026-05-02
USR-1976,Instant Foods(Noida),Paan B,HVHF,2026-04-27,2.4166666666666665,2.2,2026-05-02
USR-165806,Instant Foods (SED),General C,HVLF,2026-05-26,2.6666666666666665,2.3,2026-05-02
USR-132725,Crossline Events (Meerut),General A,HVHF,2026-05-29,2.056338028169014,2.2,2026-05-02
USR-436,Crossline Events (Noida),General C,HVHF,2026-05-28,1.96,2.0,2026-05-02
USR-153966,NB Enterprises (West Delhi),Paan B,HVLF,2026-04-21,5.238095238095238,2.5,2026-05-02
USR-12987,Cross Line Events (Ghaziabad),General B,HVHF,2026-05-30,1.7738095238095237,2.6,2026-05-02
USR-159672,Instant Foods (SED),General A,HVHF,2026-05-30,1.9583333333333333,2.9,2026-05-02
USR-19976,Instant Foods(Noida),Paan B,HVHF,2026-05-19,2.4035087719298245,2.4,2026-05-02
USR-19983,Instant Foods(Noida),Paan B,HVLF,2026-03-01,3.0,2.7,2026-05-02
USR-159664,Crossline Events (Noida),Paan A,HVHF,2026-05-30,1.5257731958762886,2.5,2026-05-02
USR-98269,Instant Foods (SED),General A,HVHF,2026-05-28,2.826923076923077,2.7,2026-05-02
USR-43450,Instant Foods (GZB),General A,HVHF,2026-05-30,1.6373626373626373,2.7,2026-05-02
USR-43382,Instant Foods(Noida),General A,HVHF,2026-05-31,1.6373626373626373,2.5,2026-05-02
USR-153981,Instant Foods(Noida),Paan B,HVHF,2026-05-28,2.6792452830188678,2.5,2026-05-02
USR-43316,Cross Line Events (EDelhi),General A,HVHF,2026-05-31,2.041095890410959,2.9,2026-05-02
USR-159658,Crossline Events (Noida),Paan A,HVHF,2026-05-30,0.8563218390804598,2.0,2026-05-02
USR-20022,Instant Foods(Noida),General C,HVHF,2026-05-29,2.5344827586206895,2.8,2026-05-02
USR-43292,Cross Line Events (EDelhi),General A,HVHF,2026-05-29,2.193548387096774,2.4,2026-05-02
USR-159644,Instant Foods (SED),General A,HVHF,2026-05-29,2.0273972602739727,2.1,2026-05-02
USR-43191,Cross Line Events (EDelhi),Paan A,HVHF,2026-05-30,1.608695652173913,2.7,2026-05-02
USR-1975,Crossline Events (Noida),Paan B,HVHF,2026-05-31,1.9473684210526316,2.8,2026-05-02
USR-177520,Crossline Events (Meerut),General C,HVLF,2026-05-11,2.8333333333333335,2.7,2026-05-02
USR-36872,Cross Line Events (Ghaziabad),General C,HVHF,2026-05-30,1.8974358974358974,2.9,2026-05-02
USR-17749,Instant Foods (GZB),General B,HVHF,2026-04-07,2.8484848484848486,2.8,2026-05-02
USR-112330,NB Enterprises (West Delhi),General A,HVHF,2026-05-28,2.979591836734694,2.8,2026-05-02
USR-8853,Instant Foods(Noida),General A,HVLF,2026-04-25,2.0,2.5,2026-05-02
USR-32607,Cross Line Events (EDelhi),Paan B,HVHF,2026-05-29,2.466666666666667,2.7,2026-05-02
USR-8834,Instant Foods(Noida),General B,HVHF,2026-05-30,1.8170731707317074,2.7,2026-05-02
USR-3270,Instant Foods (GZB),General C,HVHF,2026-05-04,2.3461538461538463,2.6,2026-05-02
USR-8799,Cross Line Events (EDelhi),General B,HVHF,2026-05-30,1.860759493670886,2.7,2026-05-02
USR-172694,Rapid Enterprises,Paan A,HVLF,2026-01-16,2.0,2.4,2026-05-02
USR-8756,Cross Line Events (EDelhi),Paan B,HVHF,2026-05-30,1.5520833333333333,2.5,2026-05-02
USR-105845,Instant Foods (SED),General A,HVHF,2026-05-27,2.88,2.7,2026-05-02
USR-88548,Instant Foods (SED),Paan B,HVHF,2026-05-30,1.8395061728395061,2.7,2026-05-02
USR-94055,Instant Foods (GZB),Paan B,HVHF,2026-05-26,2.88,2.9,2026-05-02
USR-32781,Cross Line Events (EDelhi),Paan B,HVHF,2026-05-30,1.4653465346534653,2.4,2026-05-02
USR-112820,NB Enterprises (West Delhi),General B,HVLF,2026-05-26,2.2,2.2,2026-05-02
USR-875,Instant Foods(Noida),Paan B,HVHF,2026-05-30,1.574468085106383,2.5,2026-05-02
USR-87146,Instant Foods (SED),Paan B,HVHF,2026-05-30,1.6896551724137931,2.6,2026-05-02
USR-86983,Instant Foods (SED),Paan B,HVHF,2026-05-25,2.526315789473684,2.3,2026-05-02
USR-172773,Instant Foods (SED),Paan B,HVHF,2026-05-28,2.9555555555555557,2.9,2026-05-02
USR-163503,Instant Foods (SED),Paan B,HVHF,2026-05-05,2.0892857142857144,2.1,2026-05-02
USR-16853,Crossline Events (Noida),Paan B,HVHF,2026-05-29,2.084507042253521,2.4,2026-05-02
USR-113057,NB Enterprises (West Delhi),Paan A,HVHF,2026-05-27,2.4745762711864407,2.2,2026-05-02
USR-162061,Crossline Events (Meerut),General C,HVHF,2026-05-27,2.618181818181818,2.5,2026-05-02
USR-162028,Instant Foods (SED),Paan B,HVHF,2026-05-25,2.5925925925925926,2.3,2026-05-02
USR-168735,Rapid Enterprises,General A,HVLF,2026-03-03,2.3333333333333335,2.7,2026-05-02
USR-172290,Rapid Enterprises,General B,HVLF,2026-01-17,1.75,2.2,2026-05-02
USR-171907,Rapid Enterprises,General B,HVHF,2026-05-26,2.2941176470588234,2.0,2026-05-02
USR-9067,Cross Line Events (Ghaziabad),General A,HVHF,2026-05-30,1.5578947368421052,2.5,2026-05-02
USR-90613,Instant Foods (SED),Paan B,HVHF,2026-05-29,2.4262295081967213,2.7,2026-05-02
USR-93716,Instant Foods (SED),General A,HVHF,2026-05-30,1.783132530120482,2.7,2026-05-02
USR-28405,Crossline Events (Noida),Paan B,HVHF,2026-05-30,1.3454545454545455,2.3,2026-05-02
USR-2840,Cross Line Events (Ghaziabad),General B,HVHF,2026-05-27,2.9591836734693877,2.8,2026-05-02
USR-1622,Instant Foods(Noida),Paan B,HVHF,2026-05-28,2.8333333333333335,2.7,2026-05-02
USR-172160,Instant Foods(Noida),General C,HVHF,2026-05-30,1.2935779816513762,2.2,2026-05-02
USR-901,Instant Foods(Noida),Paan B,HVHF,2026-05-30,1.3962264150943395,2.5,2026-05-02
USR-151192,Instant Foods (SED),Paan B,HVHF,2026-05-30,1.783132530120482,2.7,2026-05-02
USR-162183,Instant Foods (GZB),Paan B,HVHF,2026-05-29,2.084507042253521,2.3,2026-05-02
USR-172181,Instant Foods (Mathura),General B,HVLF,2026-05-31,2.0,2.9,2026-05-02
USR-89417,Instant Foods (SED),Paan B,HVHF,2026-05-29,1.9733333333333334,2.0,2026-05-02
USR-8911,Instant Foods(Noida),General A,HVHF,2026-05-30,1.8625,2.9,2026-05-02
USR-168838,Rapid Enterprises,General A,HVHF,2026-02-27,2.272727272727273,2.6,2026-05-02
USR-152863,Instant Foods(Noida),Paan A,HVHF,2026-05-30,1.6373626373626373,2.5,2026-05-02
USR-172212,Instant Foods (Mathura),Paan A,HVHF,2026-05-09,2.263157894736842,2.8,2026-05-02
USR-88890,Instant Foods (SED),Paan B,HVHF,2026-05-30,1.8271604938271604,2.7,2026-05-02
USR-94022,Instant Foods (SED),General A,HVHF,2026-05-28,2.2615384615384615,2.1,2026-05-02
USR-172280,Rapid Enterprises,General B,HVLF,2026-01-13,3.0,2.8,2026-05-02
USR-163448,Instant Foods(Noida),Paan C,HVHF,2026-03-27,1.9534883720930232,2.1,2026-05-02
USR-28438,Crossline Events (Noida),Paan B,HVHF,2026-05-30,1.221311475409836,2.1,2026-05-02
USR-11309,Instant Foods (GZB),Paan B,HVHF,2026-03-07,1.8285714285714285,2.5,2026-05-02
USR-135177,Crossline Events (Meerut),General C,HVHF,2026-05-27,2.6363636363636362,2.4,2026-05-02
USR-173651,Instant Foods (Mathura),General B,HVLF,2026-02-20,2.0,2.2,2026-05-02
USR-27992,Instant Foods(Noida),Paan B,HVHF,2026-05-30,1.4230769230769231,2.4,2026-05-02
USR-29806,Instant Foods(Noida),General B,HVHF,2026-05-30,1.2016129032258065,2.1,2026-05-02
USR-83420,NB Enterprises (West Delhi),Paan B,HVHF,2026-05-09,2.4423076923076925,2.9,2026-05-02
USR-2916,Instant Foods (GZB),Paan B,HVHF,2026-04-10,2.0,2.2,2026-05-02
USR-830,Instant Foods(Noida),Paan B,HVHF,2026-05-30,1.7325581395348837,2.7,2026-05-02
USR-82871,Instant Foods (SED),Paan B,HVLF,2026-01-28,2.6,2.9,2026-05-02
USR-17375,Cross Line Events (Ghaziabad),General C,HVHF,2026-05-30,1.8734177215189873,2.8,2026-05-02
USR-161707,Rapid Enterprises,Paan B,HVHF,2026-05-23,2.0285714285714285,2.7,2026-05-02
USR-161818,Instant Foods (GZB),Paan A,HVLF,2026-01-24,1.0,2.3,2026-05-02
USR-33767,Instant Foods(Noida),Paan B,HVHF,2026-05-26,2.3833333333333333,2.1,2026-05-02
USR-134856,Crossline Events (Meerut),General C,HVLF,2026-03-23,2.0,2.4,2026-05-02
USR-134849,Crossline Events (Meerut),General A,HVHF,2026-05-26,2.2,2.0,2026-05-02
USR-105339,Instant Foods (SED),Paan B,HVHF,2026-05-30,1.7011494252873562,2.6,2026-05-02
USR-174028,Instant Foods (Mathura),General A,HVLF,2026-05-15,2.25,2.7,2026-05-02
USR-27981,Crossline Events (Noida),Paan B,HVHF,2026-05-26,3.4878048780487805,2.9,2026-05-02
USR-161633,Instant Foods(Noida),General C,HVLF,2026-01-30,1.9230769230769231,2.7,2026-05-02
USR-114327,NB Enterprises (West Delhi),General A,HVHF,2026-05-30,1.6373626373626373,2.5,2026-05-02
USR-161619,Instant Foods(Noida),Paan C,HVHF,2026-05-31,1.0344827586206897,2.7,2026-05-02
USR-114358,Instant Foods (SED),Paan B,HVHF,2026-05-29,2.5789473684210527,2.8,2026-05-02
USR-105351,Crossline Events (Noida),General A,HVHF,2026-05-30,1.4466019417475728,2.4,2026-05-02
USR-29958,Instant Foods(Noida),General A,HVHF,2026-05-30,1.2436974789915967,2.2,2026-05-02
USR-83681,Instant Foods (SED),General C,HVHF,2026-05-29,2.370967741935484,2.4,2026-05-02
USR-33623,Cross Line Events (EDelhi),Paan B,HVHF,2026-05-30,1.8395061728395061,2.7,2026-05-02
USR-153050,Crossline Events (Noida),Paan A,HVHF,2026-05-29,1.860759493670886,2.0,2026-05-02
USR-9417,Cross Line Events (Ghaziabad),Paan B,HVHF,2026-05-22,1.957142857142857,2.0,2026-05-02
USR-113507,Instant Foods(Noida),General A,HVHF,2026-05-30,1.6629213483146068,2.5,2026-05-02
USR-2824,Cross Line Events (Ghaziabad),Paan B,HVHF,2026-05-30,1.3962264150943395,2.4,2026-05-02
USR-135129,Crossline Events (Meerut),General A,HVHF,2026-05-26,2.6923076923076925,2.4,2026-05-02
USR-161923,Rapid Enterprises,General B,HVHF,2026-05-31,1.7619047619047619,2.6,2026-05-02
USR-282,Instant Foods(Noida),Paan B,HVHF,2026-05-30,1.3185840707964602,2.2,2026-05-02
USR-852,Instant Foods(Noida),Paan B,HVHF,2026-05-28,2.843137254901961,2.7,2026-05-02
USR-29151,Instant Foods(Noida),Paan B,HVLF,2026-05-30,1.5,2.3,2026-05-02
USR-168058,Rapid Enterprises,Wholesaler,HVHF,2026-05-19,2.8541666666666665,2.8,2026-05-02
USR-29932,Crossline Events (Noida),Paan B,HVHF,2026-05-29,2.0704225352112675,2.2,2026-05-02
USR-161874,Crossline Events (Meerut),General C,HVHF,2026-05-26,2.2698412698412698,2.1,2026-05-02
USR-84670,Instant Foods (SED),Paan B,HVHF,2026-05-26,2.4583333333333335,2.2,2026-05-02
USR-8459,Instant Foods(Noida),Paan B,HVLF,2026-02-09,2.5,2.4,2026-05-02
USR-28105,Crossline Events (Noida),General C,HVHF,2026-05-30,1.9733333333333334,2.9,2026-05-02
USR-3338,Instant Foods (GZB),Paan B,HVHF,2026-05-25,2.25,2.1,2026-05-02
USR-28070,Instant Foods(Noida),Paan B,HVLF,2026-03-30,2.5,2.5,2026-05-02
USR-135057,Cross Line Events (Ghaziabad),Paan B,HVHF,2026-05-30,1.1203007518796992,2.1,2026-05-02
USR-140046,NB Enterprises (West Delhi),Paan A,HVHF,2026-03-18,2.4516129032258065,2.4,2026-05-02
USR-27995,Instant Foods(Noida),Paan B,HVHF,2026-05-30,1.4607843137254901,2.4,2026-05-02
USR-173309,Instant Foods (Mathura),General B,HVHF,2026-05-29,1.7105263157894737,2.1,2026-05-02
USR-114375,NB Enterprises (West Delhi),General B,HVHF,2026-05-28,2.9591836734693877,2.8,2026-05-02
USR-171851,Rapid Enterprises,General B,HVHF,2026-05-07,2.823529411764706,2.8,2026-05-02
USR-3203,Cross Line Events (Ghaziabad),General B,HVHF,2026-05-29,2.1142857142857143,2.2,2026-05-02
USR-169805,Instant Foods (SED),Paan B,HVHF,2026-05-28,2.4655172413793105,2.3,2026-05-02
USR-30986,Instant Foods(Noida),Paan B,HVHF,2026-05-31,1.9866666666666666,2.9,2026-05-02
USR-29007,Instant Foods (GZB),General B,HVHF,2026-05-23,2.0285714285714285,2.7,2026-05-02
USR-28986,Instant Foods(Noida),Paan A,HVLF,2026-01-22,2.6666666666666665,2.6,2026-05-02
USR-151808,Crossline Events (Meerut),General A,HVHF,2026-05-30,1.3303571428571428,2.3,2026-05-02
USR-92260,Instant Foods (SED),General A,HVHF,2026-05-25,2.6792452830188678,2.4,2026-05-02
USR-169191,Cross Line Events (Ghaziabad),General C,HVHF,2026-05-29,2.2615384615384615,2.5,2026-05-02
USR-92192,Instant Foods (SED),General A,HVHF,2026-05-27,2.457627118644068,2.2,2026-05-02
USR-162860,Instant Foods (SED),Paan B,HVHF,2026-05-27,2.7358490566037736,2.6,2026-05-02
USR-169200,Rapid Enterprises,General A,HVLF,2026-04-13,2.0,2.7,2026-05-02
USR-170010,Cross Line Events (Ghaziabad),General B,HVHF,2026-05-11,2.3454545454545452,2.2,2026-05-02
USR-93266,Instant Foods (SED),General A,HVHF,2026-05-30,1.86,2.9,2026-05-02
USR-31353,Cross Line Events (EDelhi),Paan B,HVHF,2026-05-30,1.4326923076923077,2.4,2026-05-02
USR-17004,Instant Foods(Noida),Paan B,HVHF,2026-05-29,2.085714285714286,2.2,2026-05-02
USR-30323,Cross Line Events (EDelhi),Paan B,HVHF,2026-05-26,3.0,2.8,2026-05-02
USR-162839,Rapid Enterprises,General C,HVHF,2026-05-27,2.433333333333333,2.2,2026-05-02
USR-170105,Instant Foods (Mathura),General A,HVLF,2026-03-06,3.0,2.9,2026-05-02
USR-28809,Instant Foods(Noida),Paan B,HVHF,2026-05-30,1.2869565217391303,2.2,2026-05-02
USR-163304,Instant Foods(Noida),Paan C,HVHF,2026-03-27,1.9090909090909092,2.0,2026-05-02
USR-91972,Instant Foods (SED),General A,HVHF,2026-05-23,2.121212121212121,2.8,2026-05-02
USR-170029,Cross Line Events (Ghaziabad),General B,HVHF,2026-05-28,2.433333333333333,2.2,2026-05-02
USR-91969,Instant Foods (SED),General A,HVHF,2026-05-27,2.611111111111111,2.4,2026-05-02
USR-29023,Instant Foods (GZB),General B,HVHF,2026-05-30,1.494949494949495,2.5,2026-05-02
USR-10796,Instant Foods(Noida),Paan B,HVHF,2026-05-09,1.5609756097560976,2.2,2026-05-02
USR-30444,Cross Line Events (EDelhi),Paan B,HVHF,2026-05-30,1.7738095238095237,2.6,2026-05-02
USR-30443,Cross Line Events (EDelhi),Paan B,HVHF,2026-05-28,2.5,2.3,2026-05-02
USR-169405,Rapid Enterprises,Paan A,LVLF,2026-01-12,3.3333333333333335,2.9,2026-05-02
USR-93109,Instant Foods (SED),General A,HVHF,2026-05-30,1.6931818181818181,2.6,2026-05-02
USR-169416,Cross Line Events (EDelhi),General A,HVHF,2026-05-30,1.6363636363636365,2.6,2026-05-02
USR-151420,Crossline Events (Meerut),General C,LVLF,2026-03-25,2.0,2.0,2026-05-02
USR-169431,Cross Line Events (Ghaziabad),General B,HVHF,2026-03-30,2.175,2.1,2026-05-02
USR-92873,Instant Foods (SED),General A,HVHF,2026-05-30,1.574468085106383,2.5,2026-05-02
USR-92858,Instant Foods (SED),General A,HVHF,2026-05-28,2.7358490566037736,2.6,2026-05-02
USR-29030,Instant Foods (GZB),Paan B,HVHF,2026-05-05,2.44,2.9,2026-05-02
USR-169433,Cross Line Events (EDelhi),Paan A,HVHF,2026-05-28,2.508771929824561,2.3,2026-05-02
USR-151361,Crossline Events (Meerut),General A,LVHF,2026-05-20,2.278688524590164,2.2,2026-05-02
USR-169457,Cross Line Events (Ghaziabad),General B,HVHF,2026-04-09,2.425,2.4,2026-05-02
USR-30674,Cross Line Events (EDelhi),Paan B,HVHF,2026-05-25,2.9183673469387754,2.7,2026-05-02
USR-169561,Cross Line Events (Ghaziabad),General B,HVHF,2026-04-01,1.9777777777777779,2.2,2026-05-02
USR-163096,Rapid Enterprises,General B,HVHF,2026-03-27,2.1842105263157894,2.4,2026-05-02
USR-1083,Crossline Events (Noida),Paan B,HVHF,2026-05-29,2.1791044776119404,2.3,2026-05-02
USR-1082,Instant Foods(Noida),Paan B,HVHF,2026-05-30,1.858974358974359,2.8,2026-05-02
USR-30888,Cross Line Events (EDelhi),Paan B,HVHF,2026-05-30,1.9342105263157894,2.9,2026-05-02
USR-3096,Instant Foods (GZB),Paan B,HVHF,2026-05-30,1.5204081632653061,2.5,2026-05-02
USR-30398,Cross Line Events (EDelhi),Paan B,HVHF,2026-05-30,1.8395061728395061,2.7,2026-05-02
USR-93582,Instant Foods (SED),General A,HVHF,2026-05-28,2.672727272727273,2.5,2026-05-02
USR-28715,Instant Foods(Noida),Paan B,HVHF,2026-05-30,1.8846153846153846,2.8,2026-05-02
USR-3142,Instant Foods (GZB),Paan B,HVHF,2026-05-30,1.3008849557522124,2.2,2026-05-02
USR-91357,Instant Foods (SED),General A,HVHF,2026-05-28,2.826923076923077,2.7,2026-05-02
USR-91344,Instant Foods(Noida),Paan B,HVHF,2026-05-30,1.1538461538461537,2.2,2026-05-02
USR-110716,Cross Line Events (EDelhi),Paan A,HVHF,2026-05-30,1.922077922077922,2.8,2026-05-02
USR-93435,Instant Foods (SED),General A,HVHF,2026-05-25,3.021276595744681,2.8,2026-05-02
USR-31897,Cross Line Events (EDelhi),Paan B,HVHF,2026-05-29,2.4262295081967213,2.5,2026-05-02
USR-162413,Rapid Enterprises,Paan A,HVHF,2026-05-27,3.0638297872340425,2.9,2026-05-02
USR-171446,Cross Line Events (Ghaziabad),General A,HVLF,2026-02-03,2.1333333333333333,2.5,2026-05-02
USR-91230,Instant Foods (SED),General A,HVHF,2026-05-29,2.046153846153846,2.2,2026-05-02
USR-162375,Instant Foods(Noida),Paan B,HVHF,2026-05-25,2.23728813559322,2.1,2026-05-02
USR-10657,Instant Foods (GZB),General A,HVLF,2026-05-27,10.0,2.2,2026-05-02
USR-168984,NB Enterprises (West Delhi),Paan B,HVHF,2026-05-20,2.3389830508474576,2.1,2026-05-02
USR-162333,Rapid Enterprises,General B,HVLF,2026-05-28,2.769230769230769,2.9,2026-05-02
USR-106287,Instant Foods(Noida),General A,HVHF,2026-03-27,2.1,2.3,2026-05-02
USR-28452,Crossline Events (Noida),Paan B,HVHF,2026-05-25,2.2698412698412698,2.1,2026-05-02
USR-30045,Cross Line Events (EDelhi),Paan B,HVHF,2026-05-29,2.56140350877193,2.8,2026-05-02
USR-111270,Instant Foods (GZB),Paan B,HVHF,2026-05-27,2.730769230769231,2.5,2026-05-02
USR-171697,Crossline Events (Meerut),Paan A,HVHF,2026-05-22,1.8181818181818181,2.0,2026-05-02
USR-171749,Instant Foods(Noida),Paan C,HVHF,2026-05-27,2.537037037037037,2.4,2026-05-02
USR-168872,Cross Line Events (Ghaziabad),General B,HVHF,2026-05-29,1.92,2.0,2026-05-02
USR-163420,Instant Foods(Noida),Paan C,HVHF,2026-05-27,5.37037037037037,2.1,2026-05-02
USR-91181,Instant Foods (SED),General A,HVHF,2026-05-21,2.6037735849056602,2.5,2026-05-02
USR-107,Instant Foods(Noida),General B,HVHF,2026-05-22,1.7586206896551724,2.1,2026-05-02
USR-110627,NB Enterprises (West Delhi),General A,HVHF,2026-05-19,2.6346153846153846,2.6,2026-05-02
USR-110610,NB Enterprises (West Delhi),General A,HVLF,2026-03-03,2.0,2.3,2026-05-02
USR-162773,Rapid Enterprises,Chemist B,HVHF,2026-05-09,2.2962962962962963,2.8,2026-05-02
USR-287,Instant Foods(Noida),Paan B,HVHF,2026-05-30,1.4190476190476191,2.4,2026-05-02
USR-109922,NB Enterprises (West Delhi),Paan B,HVHF,2026-04-22,2.658536585365854,2.6,2026-05-02
USR-91840,Instant Foods (SED),General A,HVHF,2026-02-24,2.409090909090909,2.5,2026-05-02
USR-91819,Instant Foods (SED),General A,HVHF,2026-05-26,2.685185185185185,2.4,2026-05-02
USR-29054,Cross Line Events (Ghaziabad),General B,HVHF,2026-05-28,2.7547169811320753,2.7,2026-05-02
USR-169023,Instant Foods(Noida),Paan C,HVHF,2026-05-30,1.0797101449275361,2.0,2026-05-02
USR-170705,Instant Foods (Mathura),General A,HVHF,2026-05-28,2.25,2.3,2026-05-02
USR-17073,Instant Foods(Noida),Paan B,HVHF,2026-05-29,1.9019607843137254,2.0,2026-05-02
USR-30298,Cross Line Events (EDelhi),Paan B,HVHF,2026-05-13,2.673469387755102,2.6,2026-05-02
USR-162642,Rapid Enterprises,Paan A,HVHF,2026-05-24,2.4310344827586206,2.8,2026-05-02
USR-31737,Cross Line Events (EDelhi),Paan B,HVLF,2026-02-23,2.0,2.0,2026-05-02
USR-162610,Instant Foods(Noida),Paan C,HVHF,2026-05-30,1.6373626373626373,2.5,2026-05-02
USR-93377,Instant Foods (SED),General A,HVHF,2026-05-30,1.5578947368421052,2.5,2026-05-02
USR-91558,Instant Foods (SED),General A,HVHF,2026-05-29,2.296875,2.5,2026-05-02
USR-169015,Instant Foods (GZB),General B,HVHF,2026-05-24,2.3559322033898304,2.9,2026-05-02
USR-169008,Rapid Enterprises,General B,HVHF,2026-05-05,2.772727272727273,2.7,2026-05-02
USR-110440,Cross Line Events (Ghaziabad),General A,HVHF,2026-05-14,1.8732394366197183,2.1,2026-05-02
USR-91535,Instant Foods (SED),General A,HVHF,2026-05-27,2.28125,2.0,2026-05-02
USR-106672,Crossline Events (Noida),General A,HVHF,2026-05-30,0.7883597883597884,2.0,2026-05-02
USR-91593,Instant Foods (SED),General A,HVHF,2026-05-30,1.6195652173913044,2.5,2026-05-02
USR-34,Crossline Events (Noida),Paan B,HVHF,2026-05-30,1.53125,2.7,2026-05-02
USR-83445,NB Enterprises (West Delhi),Paan B,HVLF,2026-04-29,2.6666666666666665,2.4,2026-05-02
USR-161283,NB Enterprises (West Delhi),Paan C,HVHF,2026-04-14,3.0,2.9,2026-05-02
USR-95053,Instant Foods (SED),General A,HVHF,2026-05-28,2.826923076923077,2.7,2026-05-02
USR-134166,Cross Line Events (Ghaziabad),General C,HVHF,2026-05-30,1.2521008403361344,2.1,2026-05-02
USR-719,Crossline Events (Noida),Paan B,HVHF,2026-05-28,2.1940298507462686,2.0,2026-05-02
USR-161236,Instant Foods (GZB),Paan B,HVHF,2026-04-11,1.2987012987012987,2.0,2026-05-02
USR-7087,Cross Line Events (Ghaziabad),General B,HVHF,2026-05-30,1.783132530120482,2.7,2026-05-02
USR-3600,Cross Line Events (Ghaziabad),General A,HVHF,2026-05-30,1.6444444444444444,2.7,2026-05-02
USR-1432,Instant Foods(Noida),Paan B,HVHF,2026-05-30,1.8974358974358974,2.9,2026-05-02
USR-14336,Instant Foods(Noida),Paan B,HVHF,2026-05-30,1.6029411764705883,2.7,2026-05-02
USR-167297,Rapid Enterprises,General B,HVHF,2026-05-27,2.7142857142857144,2.7,2026-05-02
USR-161188,Instant Foods(Noida),Paan A,HVHF,2026-05-30,1.8243243243243243,2.7,2026-05-02
USR-27047,Crossline Events (Noida),General B,HVHF,2026-05-29,2.2615384615384615,2.5,2026-05-02
USR-119881,Instant Foods(Noida),Paan A,HVHF,2026-05-30,1.6444444444444444,2.5,2026-05-02
USR-27045,Crossline Events (Noida),General A,HVHF,2026-05-27,2.543859649122807,2.3,2026-05-02
USR-6974,Cross Line Events (Ghaziabad),Paan B,HVHF,2026-05-27,2.938775510204082,2.7,2026-05-02
USR-6973,Cross Line Events (Ghaziabad),Paan B,HVHF,2026-05-30,1.783132530120482,2.7,2026-05-02
USR-12036,Cross Line Events (Ghaziabad),Paan B,HVHF,2026-05-30,1.8048780487804879,2.7,2026-05-02
USR-12052,Cross Line Events (Ghaziabad),Paan B,HVHF,2026-05-30,1.9350649350649352,2.8,2026-05-02
USR-27005,Crossline Events (Noida),Paan B,HVHF,2026-05-28,2.457627118644068,2.3,2026-05-02
USR-29263,Crossline Events (Noida),Paan B,HVHF,2026-05-28,2.056338028169014,2.3,2026-05-02
USR-161254,Instant Foods (GZB),Paan C,HVHF,2026-04-09,1.9795918367346939,2.0,2026-05-02
USR-104269,Instant Foods (SED),General A,HVHF,2026-05-29,2.21875,2.4,2026-05-02
USR-176001,Rapid Enterprises,Paan A,HVLF,2026-05-27,13.8,2.6,2026-05-02
USR-118410,Crossline Events (Meerut),Paan B,HVHF,2026-05-30,1.922077922077922,2.8,2026-05-02
USR-161355,Instant Foods(Noida),Paan C,HVHF,2026-04-21,2.2448979591836733,2.1,2026-05-02
USR-29891,Instant Foods(Noida),General A,HVLF,2026-04-30,8.071428571428571,2.7,2026-05-02
USR-29889,Instant Foods(Noida),General A,HVHF,2026-05-30,1.2956521739130435,2.4,2026-05-02
USR-118821,Crossline Events (Meerut),General C,HVHF,2026-05-28,2.826923076923077,2.8,2026-05-02
USR-740,Crossline Events (Noida),Paan B,HVHF,2026-04-25,1.661764705882353,2.3,2026-05-02
USR-73816,Instant Foods (SED),Paan B,HVHF,2026-05-26,2.7083333333333335,2.5,2026-05-02
USR-94936,Instant Foods (SED),General A,HVHF,2026-05-30,1.7352941176470589,2.8,2026-05-02
USR-73476,Instant Foods(Noida),Paan A,HVHF,2026-05-26,2.6363636363636362,2.4,2026-05-02
USR-161304,Crossline Events (Noida),Paan B,HVHF,2026-05-28,2.203125,2.1,2026-05-02
USR-73160,NB Enterprises (West Delhi),Paan B,HVHF,2026-05-27,2.8979591836734695,2.8,2026-05-02
USR-119177,Crossline Events (Meerut),Paan B,HVLF,2026-03-09,2.0,2.3,2026-05-02
USR-11918,Instant Foods (GZB),Paan B,HVHF,2026-05-29,2.466666666666667,2.7,2026-05-02
USR-35836,Cross Line Events (EDelhi),Paan B,HVHF,2026-04-11,2.0,2.7,2026-05-02
USR-3591,Cross Line Events (Ghaziabad),Paan B,HVHF,2026-05-30,1.2521008403361344,2.3,2026-05-02
USR-29222,Instant Foods (GZB),General C,HVHF,2026-05-30,1.9605263157894737,2.9,2026-05-02
USR-174245,Instant Foods(Noida),Paan B,HVHF,2026-05-22,2.090909090909091,2.3,2026-05-02
USR-161276,Crossline Events (Noida),Paan B,HVHF,2026-05-29,2.227272727272727,2.4,2026-05-02
USR-73,Crossline Events (Noida),Paan B,HVHF,2026-05-30,1.87012987012987,2.9,2026-05-02
USR-176319,Maa Sharda(LKO),General C,HVLF,2026-05-30,1.2307692307692308,2.1,2026-05-02
USR-161357,Instant Foods(Noida),Paan C,HVHF,2026-04-21,2.682926829268293,2.6,2026-05-02
USR-167058,Rapid Enterprises,General B,HVLF,2026-01-06,3.0,2.7,2026-05-02
USR-12111,Cross Line Events (Ghaziabad),Paan B,HVHF,2026-04-09,2.1363636363636362,2.6,2026-05-02
USR-167015,Rapid Enterprises,General B,HVHF,2026-05-22,2.5925925925925926,2.7,2026-05-02
USR-12321,Instant Foods (GZB),General B,HVHF,2026-05-26,2.9791666666666665,2.8,2026-05-02
USR-12332,Cross Line Events (Ghaziabad),General A,HVLF,2026-03-03,2.142857142857143,2.3,2026-05-02
USR-6555,Instant Foods (GZB),General B,HVHF,2026-05-29,2.130434782608696,2.1,2026-05-02
USR-16701,Crossline Events (Noida),Paan B,HVHF,2026-05-29,2.2615384615384615,2.5,2026-05-02
USR-177032,Maa Sharda(LKO),Paan C,HVLF,2026-05-20,2.25,2.2,2026-05-02
USR-160971,Instant Foods (SED),Wholesaler,HVLF,2026-02-16,2.0,2.2,2026-05-02
USR-65342,Instant Foods (SED),Paan B,HVHF,2026-05-31,1.7647058823529411,2.5,2026-05-02
USR-176841,Instant Foods(Noida),General A,HVHF,2026-05-31,1.7777777777777777,2.8,2026-05-02
USR-177078,Maa Sharda(LKO),Paan C,HVLF,2026-05-29,2.0,2.2,2026-05-02
USR-64852,Instant Foods (SED),Paan B,HVHF,2026-05-28,2.2264150943396226,2.1,2026-05-02
USR-6480,Instant Foods (GZB),Paan B,HVHF,2026-05-30,1.48,2.4,2026-05-02
USR-177142,Maa Sharda(LKO),Paan A,HVLF,2026-05-26,2.125,2.1,2026-05-02
USR-103128,Instant Foods (SED),General A,HVHF,2026-05-28,2.6363636363636362,2.5,2026-05-02
USR-160928,Cross Line Events (Ghaziabad),Paan B,HVHF,2026-05-30,1.8846153846153846,2.7,2026-05-02
USR-164124,Rapid Enterprises,Paan A,HVHF,2026-05-28,2.4098360655737703,2.2,2026-05-02
USR-153495,Crossline Events (Meerut),Paan B,HVHF,2026-05-30,1.5416666666666667,2.5,2026-05-02
USR-166986,Rapid Enterprises,General B,HVHF,2026-05-28,2.9183673469387754,2.9,2026-05-02
USR-177128,Maa Sharda(LKO),Paan A,HVLF,2026-05-29,1.9090909090909092,2.1,2026-05-02
USR-161005,Instant Foods (GZB),Paan C,HVHF,2026-05-01,1.7575757575757576,2.2,2026-05-02
USR-176637,Instant Foods (SED),Paan A,HVHF,2026-05-23,1.4666666666666666,2.6,2026-05-02
USR-176546,Rapid Enterprises,General B,HVLF,2026-05-27,3.0,2.9,2026-05-02
USR-6921,Cross Line Events (Ghaziabad),Paan B,HVHF,2026-05-28,2.3934426229508197,2.2,2026-05-02
USR-3652,Cross Line Events (Ghaziabad),General A,HVHF,2026-05-29,2.0422535211267605,2.1,2026-05-02
USR-167049,Instant Foods(Noida),Paan A,HVLF,2026-03-06,2.5,2.7,2026-05-02
USR-161124,Cross Line Events (Ghaziabad),Paan B,HVHF,2026-04-25,1.4230769230769231,2.2,2026-05-02
USR-26811,Crossline Events (Noida),Paan B,HVHF,2026-05-30,1.2457627118644068,2.2,2026-05-02
USR-153391,Instant Foods(Noida),General B,HVHF,2026-05-29,8.333333333333334,2.8,2026-05-02
USR-12178,Instant Foods (GZB),General B,HVHF,2026-05-26,2.7708333333333335,2.6,2026-05-02
USR-68767,NB Enterprises (West Delhi),Paan B,HVHF,2026-05-26,2.440677966101695,2.2,2026-05-02
USR-26792,Crossline Events (Noida),Paan B,HVHF,2026-05-29,2.370967741935484,2.5,2026-05-02
USR-176432,Maa Sharda(LKO),Paan C,HVLF,2026-05-14,2.0,2.5,2026-05-02
USR-6815,Cross Line Events (Ghaziabad),Paan B,HVHF,2026-05-20,2.4210526315789473,2.2,2026-05-02
USR-12196,Instant Foods (GZB),Paan B,HVHF,2026-05-30,1.9866666666666666,2.9,2026-05-02
USR-367,Instant Foods(Noida),Paan B,HVHF,2026-05-30,1.6818181818181819,2.6,2026-05-02
USR-161045,Instant Foods(Noida),General A,HVHF,2026-05-31,1.6741573033707866,2.7,2026-05-02
USR-6802,Cross Line Events (Ghaziabad),Paan B,HVHF,2026-05-29,2.4262295081967213,2.7,2026-05-02
USR-1222,Instant Foods(Noida),Paan B,HVHF,2026-05-30,1.47,2.4,2026-05-02
USR-153425,Instant Foods(Noida),Paan B,HVHF,2026-05-30,1.2758620689655173,2.2,2026-05-02
USR-122438,Crossline Events (Meerut),Paan B,HVHF,2026-05-30,1.8142857142857143,2.9,2026-05-02
USR-176510,Maa Sharda(LKO),Paan A,HVHF,2026-05-30,1.3529411764705883,2.4,2026-05-02
USR-103556,Instant Foods (SED),General A,HVHF,2026-05-28,2.338709677419355,2.2,2026-05-02
USR-161359,Crossline Events (Noida),Paan A,HVHF,2026-05-20,2.3,2.2,2026-05-02
USR-126370,Crossline Events (Meerut),General C,HVHF,2026-05-31,1.6629213483146068,2.5,2026-05-02
USR-1406,Instant Foods(Noida),Paan B,HVLF,2026-02-06,3.0,2.9,2026-05-02
USR-29896,Instant Foods (GZB),General C,HVHF,2026-05-13,2.2857142857142856,2.2,2026-05-02
USR-3471,Cross Line Events (Ghaziabad),General A,HVHF,2026-05-29,2.4262295081967213,2.7,2026-05-02
USR-153225,Cross Line Events (EDelhi),Paan B,HVHF,2026-05-30,1.75,2.6,2026-05-02
USR-153292,Cross Line Events (Ghaziabad),Paan B,HVLF,2026-04-28,2.0,2.0,2026-05-02
USR-768,Instant Foods(Noida),Paan B,HVHF,2026-05-30,1.3214285714285714,2.3,2026-05-02
USR-7909,Cross Line Events (Ghaziabad),Paan B,HVHF,2026-05-30,1.608695652173913,2.5,2026-05-02
USR-153230,Cross Line Events (Ghaziabad),Paan A,HVHF,2026-05-31,1.4326923076923077,2.3,2026-05-02
USR-175470,Instant Foods (SED),General B,HVHF,2026-05-28,2.6666666666666665,2.6,2026-05-02
USR-76891,NB Enterprises (West Delhi),Paan B,HVHF,2026-05-29,2.45,2.7,2026-05-02
USR-94731,Instant Foods (SED),General A,HVHF,2026-05-30,1.3925233644859814,2.3,2026-05-02
USR-772,Crossline Events (Noida),Paan A,HVHF,2026-05-30,1.7209302325581395,2.6,2026-05-02
USR-77229,Instant Foods (SED),General C,HVHF,2026-05-28,2.543859649122807,2.3,2026-05-02
USR-175441,Cross Line Events (Ghaziabad),General B,HVHF,2026-05-26,2.861111111111111,2.8,2026-05-02
USR-116620,Crossline Events (Meerut),Paan B,HVHF,2026-05-30,1.9605263157894737,2.8,2026-05-02
USR-175296,Instant Foods(Noida),Paan C,HVHF,2026-05-29,1.82,2.1,2026-05-02
USR-105091,Instant Foods (SED),General A,HVHF,2026-05-28,2.607142857142857,2.4,2026-05-02
USR-175163,Rapid Enterprises,General B,HVLF,2026-02-07,2.0,2.5,2026-05-02
USR-11503,Cross Line Events (Ghaziabad),General B,HVHF,2026-05-27,2.3934426229508197,2.1,2026-05-02
USR-174855,Instant Foods (Mathura),General B,HVLF,2026-02-19,3.0,2.9,2026-05-02
USR-174926,Instant Foods (Mathura),General B,HVHF,2026-05-31,1.75,2.8,2026-05-02
USR-94726,Cross Line Events (EDelhi),Paan B,HVHF,2026-05-29,2.5084745762711864,2.8,2026-05-02
USR-11579,Cross Line Events (Ghaziabad),Paan B,HVHF,2026-05-30,1.3577981651376148,2.3,2026-05-02
USR-11583,Cross Line Events (Ghaziabad),Paan B,HVHF,2026-05-29,2.1142857142857143,2.3,2026-05-02
USR-1047,Crossline Events (Noida),Paan A,HVHF,2026-05-30,1.5204081632653061,2.5,2026-05-02
USR-174823,Instant Foods (SED),Paan B,HVHF,2026-05-30,1.4375,2.7,2026-05-02
USR-153261,Cross Line Events (Ghaziabad),General A,HVHF,2026-05-30,1.2564102564102564,2.1,2026-05-02
USR-132207,Crossline Events (Meerut),General A,HVHF,2026-05-30,1.85,2.7,2026-05-02
USR-174771,Instant Foods (Mathura),Paan A,HVLF,2026-05-14,2.5,2.7,2026-05-02
USR-161493,Cross Line Events (Ghaziabad),General B,HVHF,2026-05-30,0.9411764705882353,2.0,2026-05-02
USR-153236,Instant Foods(Noida),Paan A,HVHF,2026-05-31,1.1578947368421053,2.2,2026-05-02
USR-163782,Rapid Enterprises,General B,HVHF,2026-05-28,2.9791666666666665,2.9,2026-05-02
USR-11584,Cross Line Events (Ghaziabad),Paan B,HVLF,2026-05-30,2.0,2.7,2026-05-02
USR-27311,Crossline Events (Noida),Paan B,HVHF,2026-05-30,1.0567375886524824,2.0,2026-05-02
USR-1168,Crossline Events (Noida),Paan B,HVHF,2026-05-29,1.8481012658227849,2.0,2026-05-02
USR-163837,Rapid Enterprises,Paan A,HVHF,2026-05-28,2.826923076923077,2.7,2026-05-02
USR-812,Instant Foods(Noida),General B,HVHF,2026-05-30,1.9102564102564104,2.8,2026-05-02
USR-94500,Instant Foods (SED),General A,HVHF,2026-05-30,1.7126436781609196,2.6,2026-05-02
USR-17452,Cross Line Events (Ghaziabad),General C,HVHF,2026-05-30,1.8048780487804879,2.9,2026-05-02
USR-175557,Cross Line Events (Ghaziabad),General C,HVHF,2026-05-30,0.8360655737704918,2.0,2026-05-02
USR-167719,Rapid Enterprises,General B,HVHF,2026-05-27,2.843137254901961,2.6,2026-05-02
USR-81705,Instant Foods (SED),Paan B,HVHF,2026-05-30,1.3545454545454545,2.4,2026-05-02
USR-751,Instant Foods(Noida),Paan B,HVHF,2026-02-23,2.3043478260869565,2.4,2026-05-02
USR-161372,Instant Foods(Noida),Paan C,HVLF,2026-05-22,2.2222222222222223,2.3,2026-05-02
USR-11799,Cross Line Events (Ghaziabad),Paan B,HVHF,2026-05-19,2.8181818181818183,2.7,2026-05-02
USR-3410,Instant Foods (GZB),Paan B,HVHF,2026-05-21,2.3728813559322033,2.3,2026-05-02
USR-161368,Crossline Events (Noida),Paan B,HVHF,2026-05-30,1.7529411764705882,2.7,2026-05-02
USR-27300,Crossline Events (Noida),Paan B,HVHF,2026-05-30,1.0875912408759123,2.1,2026-05-02
USR-27958,Crossline Events (Noida),Paan B,HVHF,2026-05-30,1.510204081632653,2.7,2026-05-02
USR-134338,Cross Line Events (EDelhi),General C,HVHF,2026-05-30,1.2844827586206897,2.2,2026-05-02
USR-27236,Crossline Events (Noida),Paan B,HVHF,2026-05-30,1.9102564102564104,2.8,2026-05-02
USR-7534,Cross Line Events (Ghaziabad),General B,HVHF,2026-05-26,2.43859649122807,2.1,2026-05-02
USR-161373,Cross Line Events (EDelhi),Paan C,HVHF,2026-04-22,2.477272727272727,2.3,2026-05-02
USR-153198,Instant Foods (GZB),Paan A,HVHF,2026-04-14,2.2888888888888888,2.2,2026-05-02
USR-1757,Crossline Events (Noida),Paan B,HVHF,2026-05-30,1.9102564102564104,2.9,2026-05-02
USR-114616,NB Enterprises (West Delhi),Paan A,HVHF,2026-04-21,2.725,2.6,2026-05-02
USR-175697,Instant Foods (Mathura),General B,HVHF,2026-05-27,2.5714285714285716,2.4,2026-05-02
USR-161375,Cross Line Events (EDelhi),Paan A,HVHF,2026-05-28,2.5789473684210527,2.4,2026-05-02
USR-7549,Cross Line Events (Ghaziabad),Paan B,HVHF,2026-05-28,2.607142857142857,2.4,2026-05-02
USR-35557,Cross Line Events (EDelhi),Paan B,HVHF,2026-05-28,2.8823529411764706,2.7,2026-05-02
USR-153922,Instant Foods(Noida),Paan B,HVHF,2026-05-30,2.9215686274509802,3.7,2026-05-03
USR-2385,Crossline Events (Noida),Paan B,HVHF,2026-05-29,2.6296296296296298,3.0,2026-05-03
USR-27874,Crossline Events (Noida),General C,HVHF,2026-05-29,2.769230769230769,3.2,2026-05-03
USR-153921,Instant Foods (SED),Paan B,HVHF,2026-05-27,3.9444444444444446,3.8,2026-05-03
USR-26674,Instant Foods(Noida),Paan B,HVHF,2026-05-29,3.020408163265306,3.3,2026-05-03
USR-27990,Instant Foods(Noida),Paan B,HVHF,2026-05-31,2.0,3.1,2026-05-03
USR-153263,Cross Line Events (Ghaziabad),General A,HVHF,2026-05-30,2.7358490566037736,3.8,2026-05-03
USR-149884,Instant Foods (GZB),Paan B,HVHF,2026-05-30,1.9605263157894737,3.0,2026-05-03
USR-150121,Instant Foods(Noida),Paan B,HVHF,2026-05-30,2.76,3.8,2026-05-03
USR-26778,Crossline Events (Noida),Paan B,HVHF,2026-05-30,2.672727272727273,3.8,2026-05-03
USR-158734,Cross Line Events (Ghaziabad),Paan B,HVHF,2026-05-29,3.4186046511627906,3.8,2026-05-03
USR-24269,Instant Foods (GZB),General C,HVLF,2026-01-05,4.0,3.6,2026-05-03
USR-2364,Crossline Events (Noida),General C,HVLF,2026-05-26,3.5,3.4,2026-05-03
USR-151646,Instant Foods(Noida),Paan B,HVHF,2026-05-30,2.0135135135135136,3.6,2026-05-03
USR-2394,Crossline Events (Noida),Paan A,HVHF,2026-05-30,1.922077922077922,3.0,2026-05-03
USR-153231,Crossline Events (Noida),Paan A,HVHF,2026-05-30,2.5084745762711864,3.6,2026-05-03
USR-153905,Instant Foods(Noida),General C,HVHF,2026-05-30,1.6818181818181819,3.3,2026-05-03
USR-165099,Rapid Enterprises,General A,HVHF,2026-05-27,3.380952380952381,3.2,2026-05-03
USR-149882,NB Enterprises (West Delhi),Paan B,HVHF,2026-05-29,3.1956521739130435,3.6,2026-05-03
USR-153128,Instant Foods (GZB),Paan A,HVHF,2026-03-13,2.6296296296296298,3.0,2026-05-03
USR-153140,Cross Line Events (Ghaziabad),Paan C,HVHF,2026-04-11,2.8285714285714287,3.8,2026-05-03
USR-158749,Crossline Events (Meerut),General A,HVHF,2026-05-30,2.6481481481481484,3.6,2026-05-03
USR-153492,Crossline Events (Meerut),Paan C,HVHF,2026-05-30,2.328125,3.3,2026-05-03
USR-151855,Crossline Events (Meerut),General A,HVLF,2026-04-15,44.5,3.8,2026-05-03
USR-28976,Cross Line Events (Ghaziabad),General A,HVHF,2026-05-30,2.6140350877192984,3.7,2026-05-03
USR-29278,Crossline Events (Noida),General B,HVHF,2026-05-29,3.020408163265306,3.4,2026-05-03
USR-26437,Crossline Events (Noida),Paan B,HVHF,2026-03-17,3.0434782608695654,3.0,2026-05-03
USR-29187,Instant Foods (GZB),General B,HVHF,2026-05-29,2.9019607843137254,3.3,2026-05-03
USR-153427,Instant Foods(Noida),Paan A,HVHF,2026-03-27,2.896551724137931,3.1,2026-05-03
USR-27989,Instant Foods(Noida),Paan B,HVHF,2026-05-28,9.466666666666667,3.4,2026-05-03
USR-2374,Crossline Events (Noida),General B,HVHF,2026-05-29,2.979591836734694,3.3,2026-05-03
USR-2445,Crossline Events (Noida),Paan B,HVHF,2026-05-29,3.1739130434782608,3.6,2026-05-03
USR-153591,NB Enterprises (West Delhi),General A,HVHF,2026-05-21,3.6578947368421053,3.8,2026-05-03
USR-2830,Cross Line Events (Ghaziabad),Paan B,HVLF,2026-02-23,4.0,3.9,2026-05-03
USR-149886,Instant Foods(Noida),Paan B,HVHF,2026-05-30,2.0136986301369864,3.1,2026-05-03
USR-151,Crossline Events (Noida),Paan B,HVHF,2026-05-31,2.466666666666667,3.5,2026-05-03
USR-29303,Instant Foods(Noida),General C,HVHF,2026-04-02,3.033333333333333,3.3,2026-05-03
USR-153031,Cross Line Events (Ghaziabad),Paan A,HVHF,2026-05-23,3.0,3.4,2026-05-03
USR-24055,Instant Foods(Noida),General C,HVHF,2026-05-28,3.2954545454545454,3.2,2026-05-03
USR-25632,Instant Foods(Noida),General C,HVHF,2026-05-27,3.8378378378378377,3.7,2026-05-03
USR-25618,Instant Foods(Noida),General C,HVHF,2026-05-30,2.041095890410959,3.0,2026-05-03
USR-153312,NB Enterprises (West Delhi),Paan B,HVLF,2026-05-22,3.0625,3.4,2026-05-03
USR-28450,Crossline Events (Noida),Paan B,HVHF,2026-05-11,3.1707317073170733,3.2,2026-05-03
USR-25254,Instant Foods (GZB),General C,HVHF,2026-05-20,3.268292682926829,3.4,2026-05-03
USR-29433,Instant Foods(Noida),Paan A,HVHF,2026-05-28,3.127659574468085,3.1,2026-05-03
USR-24974,Instant Foods(Noida),General C,HVHF,2026-05-29,2.618181818181818,3.0,2026-05-03
USR-151244,Instant Foods(Noida),Paan B,HVHF,2026-05-23,2.173076923076923,3.6,2026-05-03
USR-152961,Crossline Events (Noida),Paan A,HVHF,2026-04-25,2.4565217391304346,3.0,2026-05-03
USR-24706,Instant Foods(Noida),General C,HVHF,2026-05-30,2.176470588235294,3.2,2026-05-03
USR-153336,Crossline Events (Meerut),Paan C,HVHF,2026-05-30,2.625,3.6,2026-05-03
USR-29431,Instant Foods(Noida),Paan A,HVHF,2026-05-29,2.672727272727273,3.1,2026-05-03
USR-153790,Instant Foods(Noida),Paan B,HVHF,2026-04-15,2.8333333333333335,3.5,2026-05-03
USR-153813,Cross Line Events (EDelhi),Paan B,HVHF,2026-05-30,2.0555555555555554,3.0,2026-05-03
USR-24726,Instant Foods(Noida),Paan B,HVHF,2026-05-30,2.176470588235294,3.3,2026-05-03
USR-2408,Instant Foods(Noida),Paan B,HVHF,2026-05-30,2.041095890410959,3.0,2026-05-03
USR-151242,NB Enterprises (West Delhi),Paan B,HVHF,2026-05-12,2.918918918918919,3.0,2026-05-03
USR-151004,Instant Foods (GZB),Paan B,HVHF,2026-05-30,1.92,3.0,2026-05-03
USR-152817,NB Enterprises (West Delhi),Paan B,HVLF,2026-01-06,4.0,3.4,2026-05-03
USR-28475,Crossline Events (Noida),Paan B,HVHF,2026-05-30,2.442622950819672,3.6,2026-05-03
USR-2890,Cross Line Events (Ghaziabad),Paan B,HVHF,2026-05-30,2.7884615384615383,3.8,2026-05-03
USR-29131,Instant Foods (GZB),Paan B,HVHF,2026-04-18,2.8333333333333335,3.4,2026-05-03
USR-150983,Crossline Events (Meerut),General B,HVHF,2026-05-27,3.186046511627907,3.0,2026-05-03
USR-270,Crossline Events (Noida),General C,HVHF,2026-05-29,3.1025641025641026,3.8,2026-05-03
USR-26108,Instant Foods(Noida),Paan B,HVHF,2026-05-30,1.9102564102564104,3.5,2026-05-03
USR-29282,Cross Line Events (Ghaziabad),General C,HVHF,2026-05-30,2.176470588235294,3.1,2026-05-03
USR-150827,Crossline Events (Meerut),General C,HVHF,2026-05-29,3.127659574468085,3.7,2026-05-03
USR-153949,Instant Foods(Noida),Paan A,HVHF,2026-05-29,2.8461538461538463,3.8,2026-05-03
USR-152128,Instant Foods(Noida),Paan B,HVHF,2026-05-30,2.0985915492957745,3.8,2026-05-03
USR-158727,Instant Foods(Noida),Paan B,HVHF,2026-05-30,1.5774647887323943,3.0,2026-05-03
USR-149988,Instant Foods(Noida),Paan B,HVHF,2026-05-28,3.108695652173913,3.0,2026-05-03
USR-158726,Instant Foods(Noida),Paan B,HVHF,2026-05-23,1.9242424242424243,3.2,2026-05-03
USR-28618,Crossline Events (Noida),General C,HVHF,2026-05-30,2.0273972602739727,3.1,2026-05-03
USR-29287,Instant Foods(Noida),Paan B,HVHF,2026-05-30,2.3870967741935485,3.5,2026-05-03
USR-153087,Crossline Events (Meerut),Paan C,HVHF,2026-05-20,3.6,3.5,2026-05-03
USR-153632,Crossline Events (Meerut),Paan B,HVHF,2026-03-24,3.6470588235294117,3.5,2026-05-03
USR-29269,Cross Line Events (Ghaziabad),Paan B,HVHF,2026-05-30,2.1594202898550723,3.1,2026-05-03
USR-28189,Crossline Events (Noida),Paan B,HVLF,2026-01-22,3.0,3.6,2026-05-03
USR-150699,Instant Foods(Noida),Paan B,HVHF,2026-05-31,2.8823529411764706,3.7,2026-05-03
USR-153267,Instant Foods(Noida),Paan B,HVHF,2026-05-26,3.032258064516129,3.2,2026-05-03
USR-29358,Instant Foods (GZB),General C,HVHF,2026-05-30,2.8823529411764706,3.7,2026-05-03
USR-28539,Crossline Events (Noida),Paan B,HVHF,2026-05-28,2.92,3.4,2026-05-03
USR-28493,Crossline Events (Noida),Paan B,HVHF,2026-05-30,2.5517241379310347,3.4,2026-05-03
USR-158721,Crossline Events (Meerut),General A,HVHF,2026-05-18,3.75,3.7,2026-05-03
USR-158716,Instant Foods (SED),Paan B,HVHF,2026-05-28,3.2666666666666666,3.2,2026-05-03
USR-158714,Instant Foods(Noida),General C,HVHF,2026-05-30,1.510204081632653,3.2,2026-05-03
USR-28491,Instant Foods (GZB),General B,HVHF,2026-05-30,2.0555555555555554,3.1,2026-05-03
USR-153927,Instant Foods(Noida),Paan B,HVHF,2026-05-28,3.1956521739130435,3.1,2026-05-03
USR-28911,Crossline Events (Noida),Paan B,HVHF,2026-05-29,3.0,3.3,2026-05-03
USR-159,Instant Foods(Noida),Paan B,HVHF,2026-05-30,1.783132530120482,3.4,2026-05-03
USR-170162,Cross Line Events (Ghaziabad),General B,HVHF,2026-05-29,3.0,3.4,2026-05-03
USR-170177,Instant Foods (Mathura),General A,HVHF,2026-05-30,2.3555555555555556,3.4,2026-05-03
USR-162809,Rapid Enterprises,General B,HVLF,2026-05-20,43.666666666666664,3.4,2026-05-03
USR-170216,Instant Foods (SED),Paan A,HVHF,2026-05-27,3.1739130434782608,3.0,2026-05-03
USR-170372,Instant Foods (Mathura),General C,HVLF,2026-04-09,3.0,3.6,2026-05-03
USR-170414,Instant Foods (Mathura),General B,HVHF,2026-05-30,2.8157894736842106,3.9,2026-05-03
USR-162713,Instant Foods(Noida),Paan C,HVHF,2026-05-29,2.685185185185185,3.0,2026-05-03
USR-162821,Rapid Enterprises,General B,HVHF,2026-05-30,2.360655737704918,3.4,2026-05-03
USR-170843,Instant Foods (SED),Paan B,HVHF,2026-05-29,2.740740740740741,3.5,2026-05-03
USR-162595,Rapid Enterprises,General C,HVLF,2026-05-28,9.125,3.2,2026-05-03
USR-170989,Instant Foods (Mathura),General A,HVLF,2026-03-24,3.0,3.2,2026-05-03
USR-170993,Instant Foods (Mathura),General A,HVHF,2026-05-27,3.9047619047619047,3.9,2026-05-03
USR-171298,Instant Foods (Mathura),General B,HVLF,2026-04-14,3.8181818181818183,3.8,2026-05-03
USR-171361,Instant Foods (Mathura),General A,HVLF,2026-04-20,3.6666666666666665,3.3,2026-05-03
USR-162423,Instant Foods(Noida),Paan C,HVHF,2026-05-17,3.1904761904761907,3.6,2026-05-03
USR-1714,Crossline Events (Noida),Paan B,HVHF,2026-05-21,3.088888888888889,3.1,2026-05-03
USR-162608,Rapid Enterprises,General C,HVHF,2026-05-29,3.5,3.9,2026-05-03
USR-171416,Instant Foods (Mathura),General B,HVHF,2026-05-29,2.838709677419355,3.3,2026-05-03
USR-170037,Instant Foods (Mathura),General A,HVHF,2026-04-14,2.857142857142857,3.0,2026-05-03
USR-162910,Rapid Enterprises,Paan C,HVHF,2026-05-30,2.9215686274509802,3.8,2026-05-03
USR-169507,Cross Line Events (Ghaziabad),Paan B,HVHF,2026-03-31,2.71875,3.9,2026-05-03
USR-169663,Rapid Enterprises,General A,HVHF,2026-05-27,3.9166666666666665,3.8,2026-05-03
USR-169667,Rapid Enterprises,General A,HVLF,2026-01-12,3.5,3.2,2026-05-03
USR-163065,Rapid Enterprises,General C,HVLF,2026-05-30,9.2,3.5,2026-05-03
USR-169688,Instant Foods (SED),Paan B,HVHF,2026-03-07,3.1578947368421053,3.5,2026-05-03
USR-163058,Instant Foods (SED),Paan C,HVHF,2026-05-29,3.272727272727273,3.7,2026-05-03
USR-169732,Crossline Events (Noida),General A,HVHF,2026-05-14,3.1666666666666665,3.3,2026-05-03
USR-162849,Rapid Enterprises,General B,HVHF,2026-05-26,3.9166666666666665,3.8,2026-05-03
USR-169772,Rapid Enterprises,General A,HVLF,2026-03-17,3.5,3.5,2026-05-03
USR-162998,Rapid Enterprises,Paan A,HVHF,2026-05-30,2.690909090909091,3.7,2026-05-03
USR-169853,Cross Line Events (Ghaziabad),General B,HVHF,2026-04-01,3.6956521739130435,3.8,2026-05-03
USR-169887,NB Enterprises (West Delhi),Paan A,HVHF,2026-05-27,3.710526315789474,3.6,2026-05-03
USR-169890,Cross Line Events (Ghaziabad),General B,HVHF,2026-04-13,2.857142857142857,3.0,2026-05-03
USR-169897,Cross Line Events (Ghaziabad),Paan B,HVHF,2026-05-30,2.5084745762711864,3.6,2026-05-03
USR-169909,Rapid Enterprises,General A,HVHF,2026-05-28,3.1333333333333333,3.5,2026-05-03
USR-162917,Rapid Enterprises,General C,HVHF,2026-05-27,3.5365853658536586,3.5,2026-05-03
USR-169846,Cross Line Events (Ghaziabad),General B,HVHF,2026-05-31,2.403225806451613,3.4,2026-05-03
USR-171540,Instant Foods (Mathura),General B,HVHF,2026-05-31,3.04,3.9,2026-05-03
USR-171556,Instant Foods(Noida),Chemist A,HVHF,2026-05-09,3.2413793103448274,3.6,2026-05-03
USR-162329,Rapid Enterprises,General C,HVHF,2026-05-29,2.8823529411764706,3.3,2026-05-03
USR-172971,Instant Foods (Mathura),General B,HVHF,2026-05-31,2.4878048780487805,3.5,2026-05-03
USR-161951,Rapid Enterprises,Chemist A,HVHF,2026-05-30,2.466666666666667,3.5,2026-05-03
USR-161950,NB Enterprises (West Delhi),Paan B,HVHF,2026-05-06,3.84375,3.9,2026-05-03
USR-173153,Instant Foods (Mathura),General A,HVHF,2026-05-31,2.0576923076923075,3.1,2026-05-03
USR-173180,Instant Foods (Mathura),Paan A,HVLF,2026-04-09,3.0,3.5,2026-05-03
USR-173214,Instant Foods (Mathura),General C,HVHF,2026-05-27,3.5517241379310347,3.6,2026-05-03
USR-161906,Rapid Enterprises,Chemist B,HVHF,2026-05-30,2.792452830188679,3.7,2026-05-03
USR-161968,Rapid Enterprises,General B,HVHF,2026-05-09,3.15,3.7,2026-05-03
USR-173528,Instant Foods (Mathura),General A,HVLF,2026-05-29,35.5,3.6,2026-05-03
USR-173550,Cross Line Events (Ghaziabad),General B,HVHF,2026-05-22,2.926829268292683,3.2,2026-05-03
USR-161854,Instant Foods (GZB),Paan C,HVHF,2026-05-27,3.8636363636363638,3.8,2026-05-03
USR-161848,Crossline Events (Meerut),General C,HVHF,2026-05-08,2.5,3.5,2026-05-03
USR-161837,Rapid Enterprises,General B,HVLF,2026-03-30,12.4,3.6,2026-05-03
USR-161833,Rapid Enterprises,Chemist A,HVHF,2026-05-21,3.5789473684210527,3.6,2026-05-03
USR-173674,Rapid Enterprises,General B,HVLF,2026-01-29,2.0,3.0,2026-05-03
USR-173734,Instant Foods (Mathura),General B,HVLF,2026-05-25,19.333333333333332,3.1,2026-05-03
USR-173544,Instant Foods (Mathura),General C,HVHF,2026-05-30,2.388888888888889,3.4,2026-05-03
USR-172818,Instant Foods (Mathura),General A,HVLF,2026-03-05,3.0,3.0,2026-05-03
USR-162019,Crossline Events (Meerut),General C,HVHF,2026-05-26,3.515151515151515,3.5,2026-05-03
USR-172769,NB Enterprises (West Delhi),Paan A,HVHF,2026-05-19,3.782608695652174,3.7,2026-05-03
USR-171659,Instant Foods (GZB),General B,HVHF,2026-03-28,2.9615384615384617,3.7,2026-05-03
USR-162294,Rapid Enterprises,Paan A,HVHF,2026-05-25,3.864864864864865,3.8,2026-05-03
USR-162283,Instant Foods (GZB),Paan B,HVLF,2026-01-13,3.5,3.1,2026-05-03
USR-162268,Instant Foods (GZB),Paan B,HVHF,2026-05-25,3.475,3.4,2026-05-03
USR-171869,Instant Foods (Mathura),General B,HVHF,2026-05-29,3.380952380952381,3.8,2026-05-03
USR-172110,Instant Foods (Mathura),General C,HVLF,2026-02-23,3.0,3.0,2026-05-03
USR-172137,Instant Foods (Mathura),General B,HVHF,2026-05-29,3.2222222222222223,3.7,2026-05-03
USR-172169,Instant Foods(Noida),Paan B,HVHF,2026-05-31,2.764705882352941,3.7,2026-05-03
USR-162180,NB Enterprises (West Delhi),Paan B,HVHF,2026-04-09,2.935483870967742,3.0,2026-05-03
USR-162167,Rapid Enterprises,General A,HVHF,2026-05-28,3.3125,3.5,2026-05-03
USR-162156,Crossline Events (Meerut),General B,HVHF,2026-05-30,2.440677966101695,3.5,2026-05-03
USR-162147,Rapid Enterprises,Paan A,HVHF,2026-05-30,2.021276595744681,3.1,2026-05-03
USR-162102,Rapid Enterprises,General C,HVHF,2026-05-09,2.975,3.4,2026-05-03
USR-162091,NB Enterprises (West Delhi),General A,HVLF,2026-02-10,4.0,3.4,2026-05-03
USR-172633,Instant Foods (Mathura),Paan A,HVHF,2026-05-30,2.5853658536585367,3.6,2026-05-03
USR-162059,Rapid Enterprises,Chemist B,HVHF,2026-05-14,3.358974358974359,3.6,2026-05-03
USR-162053,Instant Foods (GZB),Paan B,HVHF,2026-05-28,1.651685393258427,3.4,2026-05-03
USR-169447,Rapid Enterprises,General C,HVHF,2026-05-30,2.360655737704918,3.3,2026-05-03
USR-163166,Rapid Enterprises,General C,HVHF,2026-05-23,3.4390243902439024,3.8,2026-05-03
USR-169362,Cross Line Events (Ghaziabad),General B,HVHF,2026-05-30,2.0555555555555554,3.0,2026-05-03
USR-163207,Rapid Enterprises,General C,HVHF,2026-05-26,3.4390243902439024,3.3,2026-05-03
USR-164493,Rapid Enterprises,General B,HVHF,2026-05-29,2.740740740740741,3.1,2026-05-03
USR-166378,Rapid Enterprises,General B,HVHF,2026-05-26,3.918918918918919,3.8,2026-05-03
USR-164484,Crossline Events (Noida),Paan A,HVHF,2026-05-25,3.4047619047619047,3.2,2026-05-03
USR-166386,Rapid Enterprises,Paan A,HVHF,2026-05-22,3.5128205128205128,3.8,2026-05-03
USR-164444,Rapid Enterprises,General B,HVHF,2026-05-20,3.8055555555555554,3.8,2026-05-03
USR-166671,Rapid Enterprises,General B,HVHF,2026-05-28,3.4761904761904763,3.6,2026-05-03
USR-166680,Rapid Enterprises,General B,HVHF,2026-05-30,2.208955223880597,3.2,2026-05-03
USR-164516,Rapid Enterprises,Paan A,HVHF,2026-05-29,3.1739130434782608,3.8,2026-05-03
USR-166788,Cross Line Events (EDelhi),Paan A,HVHF,2026-05-30,2.4915254237288136,3.4,2026-05-03
USR-166837,Crossline Events (Meerut),General C,HVHF,2026-05-09,2.52,3.6,2026-05-03
USR-1669,Instant Foods(Noida),Paan B,HVHF,2026-05-30,2.1594202898550723,3.2,2026-05-03
USR-166907,Rapid Enterprises,General B,HVHF,2026-05-20,3.6578947368421053,3.6,2026-05-03
USR-164221,Rapid Enterprises,General B,HVHF,2026-04-28,3.1621621621621623,3.2,2026-05-03
USR-166928,Rapid Enterprises,General B,HVHF,2026-05-28,3.6153846153846154,3.6,2026-05-03
USR-164208,Crossline Events (Noida),Paan A,HVHF,2026-05-22,3.2045454545454546,3.5,2026-05-03
USR-166953,Rapid Enterprises,General B,HVHF,2026-05-28,3.7435897435897436,3.8,2026-05-03
USR-166834,Crossline Events (Meerut),General A,HVHF,2026-05-09,2.739130434782609,3.8,2026-05-03
USR-166341,NB Enterprises (West Delhi),Paan B,HVHF,2026-05-28,3.152173913043478,3.2,2026-05-03
USR-166328,Rapid Enterprises,General C,HVHF,2026-05-27,3.918918918918919,3.9,2026-05-03
USR-164583,Rapid Enterprises,General B,HVHF,2026-05-30,2.4098360655737703,3.5,2026-05-03
USR-165254,Rapid Enterprises,General B,HVHF,2026-05-28,2.8181818181818183,3.1,2026-05-03
USR-165421,NB Enterprises (West Delhi),Paan B,HVLF,2026-02-14,2.933333333333333,3.1,2026-05-03
USR-165485,Rapid Enterprises,General C,HVHF,2026-05-28,3.25,3.2,2026-05-03
USR-165504,Rapid Enterprises,General A,HVHF,2026-05-31,2.709090909090909,3.7,2026-05-03
USR-165532,Crossline Events (Meerut),General C,HVHF,2026-04-04,3.206896551724138,3.6,2026-05-03
USR-165538,Crossline Events (Meerut),General B,HVHF,2026-05-09,2.52,3.1,2026-05-03
USR-165578,Rapid Enterprises,General A,HVHF,2026-05-28,3.108695652173913,3.1,2026-05-03
USR-164875,Rapid Enterprises,Chemist C,HVHF,2026-05-30,2.8823529411764706,3.8,2026-05-03
USR-1656,Instant Foods(Noida),Paan C,HVHF,2026-05-30,2.8653846153846154,3.7,2026-05-03
USR-165677,Instant Foods(Noida),Paan C,HVHF,2026-05-30,2.328125,3.4,2026-05-03
USR-165712,Rapid Enterprises,General A,HVHF,2026-05-30,2.442622950819672,3.4,2026-05-03
USR-164800,Rapid Enterprises,General A,HVHF,2026-05-30,2.176470588235294,3.3,2026-05-03
USR-165803,Rapid Enterprises,General B,HVHF,2026-05-20,3.8055555555555554,3.9,2026-05-03
USR-165905,Rapid Enterprises,Paan B,HVHF,2026-05-30,2.5892857142857144,3.4,2026-05-03
USR-164716,Instant Foods(Noida),Paan B,HVHF,2026-05-30,2.1285714285714286,3.9,2026-05-03
USR-165927,Rapid Enterprises,General C,HVHF,2026-05-30,2.5084745762711864,3.5,2026-05-03
USR-164610,Rapid Enterprises,General A,HVHF,2026-05-28,3.763157894736842,3.8,2026-05-03
USR-167025,Rapid Enterprises,General B,HVLF,2026-05-27,12.166666666666666,3.9,2026-05-03
USR-173956,Instant Foods (Mathura),General A,HVLF,2026-03-28,2.0,3.1,2026-05-03
USR-167155,NB Enterprises (West Delhi),Paan A,HVHF,2026-05-19,3.1136363636363638,3.5,2026-05-03
USR-163933,Rapid Enterprises,Paan B,HVHF,2026-05-30,2.084507042253521,3.0,2026-05-03
USR-16846,Instant Foods(Noida),Paan B,HVHF,2026-03-20,2.7142857142857144,3.0,2026-05-03
USR-168567,Crossline Events (Noida),Paan C,HVHF,2026-05-28,3.65,3.8,2026-05-03
USR-168813,Cross Line Events (Ghaziabad),General B,HVHF,2026-05-30,2.013888888888889,3.1,2026-05-03
USR-168851,Cross Line Events (Ghaziabad),General B,HVHF,2026-05-23,2.581818181818182,3.1,2026-05-03
USR-163423,Instant Foods(Noida),Paan C,HVLF,2026-01-16,3.5,3.3,2026-05-03
USR-168899,NB Enterprises (West Delhi),Paan B,LVLF,2026-01-14,4.5,3.9,2026-05-03
USR-163382,Crossline Events (Meerut),General A,HVHF,2026-05-09,2.4705882352941178,3.6,2026-05-03
USR-168401,Rapid Enterprises,General A,HVHF,2026-05-26,3.5384615384615383,3.4,2026-05-03
USR-163381,Crossline Events (Meerut),General B,HVHF,2026-05-09,3.0,3.5,2026-05-03
USR-163327,Cross Line Events (Ghaziabad),Paan B,HVHF,2026-04-25,3.1714285714285713,3.6,2026-05-03
USR-163293,Instant Foods (SED),Paan A,HVHF,2026-05-29,3.4186046511627906,3.9,2026-05-03
USR-169167,Instant Foods (SED),Paan B,HVHF,2026-04-08,3.9473684210526314,3.9,2026-05-03
USR-169258,Instant Foods(Noida),Paan A,HVHF,2026-05-31,2.3076923076923075,3.3,2026-05-03
USR-169265,NB Enterprises (West Delhi),Paan B,HVLF,2026-01-19,3.6,3.1,2026-05-03
USR-163237,Rapid Enterprises,Paan A,HVHF,2026-05-30,2.3125,3.2,2026-05-03
USR-169287,Cross Line Events (Ghaziabad),General B,HVHF,2026-04-01,2.75,3.0,2026-05-03
USR-163380,Cross Line Events (Ghaziabad),Paan B,HVHF,2026-05-30,2.543859649122807,3.4,2026-05-03
USR-168339,Rapid Enterprises,General A,HVHF,2026-05-30,2.740740740740741,3.8,2026-05-03
USR-163673,Rapid Enterprises,General B,HVHF,2026-05-30,2.370967741935484,3.3,2026-05-03
USR-16825,Crossline Events (Noida),Paan B,HVHF,2026-05-31,2.2238805970149254,3.1,2026-05-03
USR-16723,Crossline Events (Noida),Paan B,HVLF,2026-05-26,3.090909090909091,3.1,2026-05-03
USR-163910,Rapid Enterprises,General A,HVHF,2026-05-16,3.0930232558139537,3.5,2026-05-03
USR-1639,Crossline Events (Noida),Paan A,HVLF,2026-03-11,3.45,3.2,2026-05-03
USR-163891,Rapid Enterprises,General C,HVLF,2026-01-20,4.0,3.3,2026-05-03
USR-167288,Rapid Enterprises,General B,HVHF,2026-05-13,3.742857142857143,3.9,2026-05-03
USR-167303,Instant Foods (SED),Paan C,HVHF,2026-05-22,2.9210526315789473,3.2,2026-05-03
USR-167371,Crossline Events (Meerut),General C,HVHF,2026-05-25,3.675675675675676,3.5,2026-05-03
USR-167443,Rapid Enterprises,General B,HVHF,2026-05-30,2.161764705882353,3.1,2026-05-03
USR-167454,Instant Foods(Noida),General C,HVHF,2026-05-30,2.3870967741935485,3.5,2026-05-03
USR-167472,Rapid Enterprises,General A,HVHF,2026-05-27,3.2444444444444445,3.3,2026-05-03
USR-167527,Rapid Enterprises,Paan A,HVHF,2026-05-25,3.736842105263158,3.5,2026-05-03
USR-167709,Crossline Events (Noida),Paan C,HVHF,2026-05-29,3.0,3.4,2026-05-03
USR-167718,Rapid Enterprises,General C,HVLF,2026-05-04,3.4,3.6,2026-05-03
USR-167733,Rapid Enterprises,General C,HVHF,2026-05-29,3.0638297872340425,3.5,2026-05-03
USR-167811,Instant Foods (GZB),General B,HVHF,2026-05-25,3.3255813953488373,3.2,2026-05-03
USR-163738,Rapid Enterprises,General B,HVHF,2026-05-29,3.0833333333333335,3.5,2026-05-03
USR-163699,Rapid Enterprises,General C,HVHF,2026-05-23,2.877551020408163,3.3,2026-05-03
USR-164003,Rapid Enterprises,General A,HVLF,2026-05-27,4.333333333333333,3.8,2026-05-03
USR-2343,Crossline Events (Noida),Paan B,HVHF,2026-05-30,2.3492063492063493,3.5,2026-05-03
USR-173959,Instant Foods (Mathura),General A,HVHF,2026-05-30,2.260869565217391,3.4,2026-05-03
USR-161679,Cross Line Events (Ghaziabad),Paan B,HVHF,2026-04-18,3.1818181818181817,3.7,2026-05-03
USR-18608,Instant Foods(Noida),Paan A,HVHF,2026-05-30,2.0,3.2,2026-05-03
USR-160171,Crossline Events (Meerut),Paan C,HVHF,2026-05-30,2.0985915492957745,3.2,2026-05-03
USR-160163,Instant Foods (GZB),Paan A,HVLF,2026-03-02,3.1875,3.7,2026-05-03
USR-160151,Instant Foods (GZB),Paan C,HVLF,2026-03-02,5.25,3.7,2026-05-03
USR-160146,Crossline Events (Noida),Paan C,HVHF,2026-04-06,3.2413793103448274,3.1,2026-05-03
USR-18691,Instant Foods(Noida),General A,HVHF,2026-05-14,3.2195121951219514,3.4,2026-05-03
USR-18706,Instant Foods(Noida),Paan B,HVHF,2026-05-30,2.403225806451613,3.3,2026-05-03
USR-18597,Instant Foods(Noida),General B,HVHF,2026-05-25,3.55,3.3,2026-05-03
USR-18782,Instant Foods(Noida),Paan B,HVHF,2026-05-05,3.263157894736842,3.7,2026-05-03
USR-160123,Crossline Events (Noida),General C,HVHF,2026-05-26,3.3488372093023258,3.4,2026-05-03
USR-160090,Cross Line Events (Ghaziabad),Paan B,HVHF,2026-05-30,1.9866666666666666,3.1,2026-05-03
USR-160072,Instant Foods(Noida),Paan A,HVHF,2026-05-30,1.9473684210526316,3.6,2026-05-03
USR-18820,Instant Foods(Noida),Paan B,HVHF,2026-05-29,3.2666666666666666,3.7,2026-05-03
USR-160053,Instant Foods(Noida),Paan C,HVHF,2026-05-24,2.6,3.1,2026-05-03
USR-160043,Crossline Events (Noida),Paan B,HVHF,2026-04-10,3.413793103448276,3.7,2026-05-03
USR-159898,Instant Foods(Noida),Paan A,HVHF,2026-04-20,3.823529411764706,3.7,2026-05-03
USR-18787,Instant Foods(Noida),General B,HVHF,2026-05-30,2.1911764705882355,3.9,2026-05-03
USR-159879,Instant Foods (GZB),Paan B,HVHF,2026-04-07,3.3703703703703702,3.6,2026-05-03
USR-18595,Instant Foods(Noida),General B,HVHF,2026-03-28,3.44,3.7,2026-05-03
USR-160213,Crossline Events (Meerut),General A,HVHF,2026-03-16,3.7,3.6,2026-05-03
USR-179744,Maa Sharda(LKO),Paan B,HVLF,2026-05-28,3.0,3.4,2026-05-03
USR-160465,Instant Foods (GZB),Paan C,HVLF,2026-01-21,3.5,3.7,2026-05-03
USR-1799,Instant Foods(Noida),General A,HVLF,2026-01-23,3.0,3.5,2026-05-03
USR-180045,Instant Foods (GZB),Paan C,HVLF,2026-05-30,3.0,3.7,2026-05-03
USR-180155,Instant Foods(Noida),Paan C,HVLF,2026-05-30,2.5,3.2,2026-05-03
USR-180873,Cross Line Events (Ghaziabad),Chemist B,HVLF,2026-05-30,2.0,3.0,2026-05-03
USR-18090,Instant Foods(Noida),General A,HVHF,2026-05-30,2.292307692307692,3.4,2026-05-03
USR-1843,Crossline Events (Noida),General B,HVHF,2026-05-09,2.5918367346938775,3.1,2026-05-03
USR-18106,Instant Foods (GZB),Paan A,HVHF,2026-03-17,3.9473684210526314,3.8,2026-05-03
USR-160337,Instant Foods(Noida),Paan C,HVHF,2026-05-28,3.2954545454545454,3.3,2026-05-03
USR-160331,Instant Foods (GZB),Paan C,HVHF,2026-05-27,3.0851063829787235,3.0,2026-05-03
USR-18109,Cross Line Events (Ghaziabad),General C,HVHF,2026-05-08,3.3421052631578947,3.7,2026-05-03
USR-18228,Instant Foods (GZB),Paan B,HVHF,2026-05-26,3.9722222222222223,3.8,2026-05-03
USR-18232,Instant Foods (GZB),General C,HVHF,2026-05-29,2.7735849056603774,3.0,2026-05-03
USR-18303,Instant Foods(Noida),General B,HVHF,2026-05-30,2.196078431372549,3.1,2026-05-03
USR-18343,Instant Foods(Noida),General B,HVLF,2026-01-23,3.0,3.9,2026-05-03
USR-160339,Instant Foods(Noida),Paan A,HVHF,2026-05-23,3.525,3.9,2026-05-03
USR-19014,Instant Foods(Noida),Paan B,HVHF,2026-05-26,4.612903225806452,3.8,2026-05-03
USR-19062,Instant Foods(Noida),General B,HVHF,2026-05-27,3.861111111111111,3.8,2026-05-03
USR-192,Instant Foods(Noida),Paan B,HVHF,2026-03-27,2.9642857142857144,3.1,2026-05-03
USR-2180,Instant Foods(Noida),Paan B,HVHF,2026-05-30,2.5344827586206895,3.4,2026-05-03
USR-21851,Instant Foods(Noida),Paan B,HVHF,2026-05-25,3.789473684210526,3.5,2026-05-03
USR-159241,Instant Foods(Noida),Paan B,HVLF,2026-05-30,2.6666666666666665,3.3,2026-05-03
USR-159238,Cross Line Events (EDelhi),General A,HVHF,2026-03-30,3.142857142857143,3.3,2026-05-03
USR-159224,Instant Foods(Noida),General C,HVHF,2026-05-30,1.6741573033707866,3.3,2026-05-03
USR-22431,Crossline Events (Noida),General C,HVLF,2026-05-27,10.692307692307692,3.7,2026-05-03
USR-22490,Crossline Events (Noida),General C,HVHF,2026-05-30,2.0694444444444446,3.2,2026-05-03
USR-21753,Crossline Events (Noida),General C,HVLF,2026-04-23,3.6923076923076925,3.8,2026-05-03
USR-22518,Cross Line Events (Ghaziabad),Paan A,HVHF,2026-05-21,3.5384615384615383,3.6,2026-05-03
USR-159170,NB Enterprises (West Delhi),Paan B,HVHF,2026-05-20,3.2162162162162162,3.3,2026-05-03
USR-22617,Instant Foods(Noida),Paan B,HVHF,2026-05-28,3.769230769230769,3.8,2026-05-03
USR-159097,Cross Line Events (Ghaziabad),Paan C,HVHF,2026-03-19,2.40625,3.2,2026-05-03
USR-159087,Instant Foods(Noida),Paan B,HVHF,2026-05-30,1.6931818181818181,3.3,2026-05-03
USR-159063,Instant Foods (SED),Paan A,HVHF,2026-05-29,2.9591836734693877,3.4,2026-05-03
USR-159061,Instant Foods (SED),Paan B,HVHF,2026-05-20,3.45,3.7,2026-05-03
USR-23094,Instant Foods(Noida),General A,HVLF,2026-03-21,3.0,3.5,2026-05-03
USR-159172,Crossline Events (Meerut),General A,HVLF,2026-01-24,2.6666666666666665,3.5,2026-05-03
USR-217,Crossline Events (Noida),Paan B,HVHF,2026-05-30,2.208955223880597,3.2,2026-05-03
USR-21554,Instant Foods (GZB),General B,HVHF,2026-05-30,2.98,3.9,2026-05-03
USR-21328,Instant Foods(Noida),General C,HVHF,2026-05-29,3.1956521739130435,3.6,2026-05-03
USR-159723,Cross Line Events (EDelhi),General A,HVHF,2026-04-30,2.975,3.9,2026-05-03
USR-19797,Instant Foods(Noida),General B,HVHF,2026-05-29,3.4285714285714284,3.8,2026-05-03
USR-159684,Crossline Events (Noida),Paan B,HVHF,2026-05-28,3.340909090909091,3.3,2026-05-03
USR-19993,Instant Foods(Noida),Paan B,HVHF,2026-05-28,3.395348837209302,3.3,2026-05-03
USR-159662,NB Enterprises (West Delhi),General A,HVHF,2026-04-22,3.7777777777777777,3.8,2026-05-03
USR-20201,Instant Foods(Noida),Paan B,HVHF,2026-05-27,3.945945945945946,3.8,2026-05-03
USR-20480,Instant Foods(Noida),General C,HVHF,2026-05-07,3.6,3.9,2026-05-03
USR-2050,Crossline Events (Noida),Paan B,HVHF,2026-05-28,3.2666666666666666,3.2,2026-05-03
USR-20603,Instant Foods(Noida),General C,HVHF,2026-05-30,2.328125,3.4,2026-05-03
USR-20685,Instant Foods(Noida),General A,HVLF,2026-02-20,3.0,3.4,2026-05-03
USR-20869,Instant Foods (GZB),General A,HVHF,2026-05-30,2.740740740740741,3.8,2026-05-03
USR-20958,Instant Foods(Noida),Paan B,HVHF,2026-05-25,3.5,3.3,2026-05-03
USR-2105,Crossline Events (Noida),Paan B,HVLF,2026-05-21,3.0,3.3,2026-05-03
USR-21204,Instant Foods(Noida),General C,HVHF,2026-05-28,3.2666666666666666,3.2,2026-05-03
USR-2121,Instant Foods(Noida),Paan B,HVHF,2026-05-29,3.2666666666666666,3.6,2026-05-03
USR-2122,Crossline Events (Noida),Paan B,HVHF,2026-05-30,2.1343283582089554,3.1,2026-05-03
USR-21267,Instant Foods(Noida),General C,HVHF,2026-05-28,3.2045454545454546,3.2,2026-05-03
USR-1797,Crossline Events (Noida),Paan B,HVHF,2026-05-30,2.013888888888889,3.1,2026-05-03
USR-160495,Instant Foods (SED),Paan A,HVHF,2026-05-30,2.0135135135135136,3.0,2026-05-03
USR-17967,Instant Foods (GZB),Paan B,LVLF,2026-04-07,3.75,3.7,2026-05-03
USR-179652,Maa Sharda(LKO),Paan B,HVLF,2026-05-29,3.0,3.6,2026-05-03
USR-1614,Instant Foods(Noida),Paan B,HVHF,2026-05-27,3.857142857142857,3.9,2026-05-03
USR-161364,Instant Foods(Noida),Paan A,HVHF,2026-04-15,3.466666666666667,3.8,2026-05-03
USR-161363,Instant Foods(Noida),Paan C,HVHF,2026-04-15,3.0588235294117645,3.3,2026-05-03
USR-161362,Instant Foods(Noida),Paan B,HVHF,2026-04-17,3.212121212121212,3.7,2026-05-03
USR-175909,Rapid Enterprises,General B,HVLF,2026-03-25,3.375,3.1,2026-05-03
USR-175933,Instant Foods(Noida),Paan A,HVLF,2026-04-01,2.0833333333333335,3.0,2026-05-03
USR-175943,Instant Foods (Mathura),General B,HVHF,2026-05-30,2.4054054054054053,3.5,2026-05-03
USR-161409,Instant Foods(Noida),Paan B,HVHF,2026-05-29,3.340909090909091,3.8,2026-05-03
USR-175972,Crossline Events (Noida),Paan B,HVHF,2026-05-29,2.5454545454545454,3.0,2026-05-03
USR-176055,Instant Foods(Noida),Paan A,HVHF,2026-05-30,2.6296296296296298,3.7,2026-05-03
USR-176067,Instant Foods(Noida),Paan C,HVLF,2026-03-18,4.0,3.9,2026-05-03
USR-176126,Instant Foods(Noida),Paan C,HVHF,2026-05-30,2.0,3.6,2026-05-03
USR-176130,Crossline Events (Noida),Paan B,HVLF,2026-03-26,3.5,3.2,2026-05-03
USR-176198,Cross Line Events (Ghaziabad),Paan A,HVLF,2026-04-25,2.5555555555555554,3.0,2026-05-03
USR-176215,NB Enterprises (West Delhi),Paan C,HVHF,2026-05-23,2.590909090909091,3.3,2026-05-03
USR-161184,Instant Foods (SED),Paan C,HVHF,2026-04-20,3.28125,3.3,2026-05-03
USR-161256,Crossline Events (Meerut),General B,HVHF,2026-05-30,1.6629213483146068,3.2,2026-05-03
USR-175508,Cross Line Events (Ghaziabad),General B,HVLF,2026-03-28,2.6666666666666665,3.0,2026-05-03
USR-175468,Instant Foods (Mathura),General A,HVLF,2026-05-30,10.6,3.6,2026-05-03
USR-161487,NB Enterprises (West Delhi),Paan B,HVHF,2026-05-30,2.9019607843137254,3.7,2026-05-03
USR-161667,Cross Line Events (Ghaziabad),Paan B,HVHF,2026-04-11,3.125,3.8,2026-05-03
USR-174044,Instant Foods (Mathura),General A,HVLF,2026-03-13,3.5,3.6,2026-05-03
USR-174214,Instant Foods (Mathura),General B,HVHF,2026-05-29,2.8620689655172415,3.3,2026-05-03
USR-174337,Instant Foods (Mathura),General C,HVHF,2026-05-30,2.5757575757575757,3.5,2026-05-03
USR-161583,Cross Line Events (EDelhi),Paan C,HVHF,2026-03-23,3.6363636363636362,3.5,2026-05-03
USR-161578,Crossline Events (Meerut),General B,HVHF,2026-05-04,2.5208333333333335,3.3,2026-05-03
USR-174440,Rapid Enterprises,General B,HVLF,2026-02-07,4.5,3.9,2026-05-03
USR-161570,Instant Foods (GZB),Paan B,HVHF,2026-05-29,2.75,3.2,2026-05-03
USR-174592,Instant Foods (Mathura),Paan A,HVLF,2026-04-16,3.0,3.3,2026-05-03
USR-174686,Instant Foods (Mathura),Paan A,HVLF,2026-05-25,3.5,3.5,2026-05-03
USR-161535,NB Enterprises (West Delhi),Paan B,HVHF,2026-05-26,3.7222222222222223,3.7,2026-05-03
USR-161533,Instant Foods (GZB),Paan C,HVHF,2026-05-30,2.811320754716981,3.7,2026-05-03
USR-174724,Instant Foods (Mathura),General C,HVLF,2026-04-08,3.5,3.7,2026-05-03
USR-174755,Instant Foods (Mathura),General B,HVLF,2026-05-25,12.2,3.1,2026-05-03
USR-161519,Instant Foods(Noida),Paan B,HVHF,2026-05-30,2.0869565217391304,3.2,2026-05-03
USR-161511,Instant Foods(Noida),Paan A,HVHF,2026-05-31,2.1739130434782608,3.0,2026-05-03
USR-174908,Instant Foods (Mathura),General A,HVLF,2026-04-10,2.5,3.0,2026-05-03
USR-161163,Instant Foods (SED),Paan B,HVLF,2026-03-09,3.5714285714285716,3.3,2026-05-03
USR-161680,Rapid Enterprises,Paan B,HVHF,2026-05-22,3.25,3.7,2026-05-03
USR-161146,Instant Foods (SED),Paan C,HVHF,2026-05-29,3.217391304347826,3.7,2026-05-03
USR-176343,Maa Sharda(LKO),Paan C,HVLF,2026-05-30,2.125,3.0,2026-05-03
USR-178090,Maa Sharda(LKO),Paan A,HVLF,2026-05-23,2.0,3.5,2026-05-03
USR-178122,Instant Foods (GZB),Paan B,HVLF,2026-05-30,2.909090909090909,3.7,2026-05-03
USR-160781,Cross Line Events (EDelhi),Paan C,HVHF,2026-05-08,3.125,3.5,2026-05-03
USR-178156,Instant Foods (GZB),Paan B,HVLF,2026-05-21,3.6666666666666665,3.8,2026-05-03
USR-178158,Instant Foods (GZB),Paan B,HVHF,2026-05-31,2.1333333333333333,3.3,2026-05-03
USR-160768,NB Enterprises (West Delhi),Paan B,HVHF,2026-04-02,3.3076923076923075,3.6,2026-05-03
USR-178228,Instant Foods (SED),Paan B,HVLF,2026-05-16,3.6666666666666665,3.8,2026-05-03
USR-160833,Cross Line Events (Ghaziabad),General C,HVHF,2026-05-30,2.9583333333333335,3.8,2026-05-03
USR-178239,Instant Foods(Noida),Paan A,HVLF,2026-05-30,3.0,3.9,2026-05-03
USR-178357,Maa Sharda(LKO),Paan A,HVLF,2026-05-28,2.8,3.0,2026-05-03
USR-178417,Instant Foods (SED),Paan B,HVLF,2026-05-30,2.8,3.4,2026-05-03
USR-178721,Maa Sharda(LKO),Paan B,HVLF,2026-05-30,2.3333333333333335,3.1,2026-05-03
USR-179014,Maa Sharda(LKO),Paan C,HVLF,2026-05-30,2.6666666666666665,3.2,2026-05-03
USR-160654,Instant Foods(Noida),Paan C,HVHF,2026-05-29,3.263157894736842,3.6,2026-05-03
USR-1791,Crossline Events (Noida),General A,HVHF,2026-05-30,2.1911764705882355,3.3,2026-05-03
USR-160570,Instant Foods (GZB),General C,HVHF,2026-05-29,3.1777777777777776,3.7,2026-05-03
USR-178328,Instant Foods (Mathura),General B,HVLF,2026-05-20,3.5,3.5,2026-05-03
USR-177912,Maa Sharda(LKO),Paan B,LVLF,2026-05-11,3.0,3.1,2026-05-03
USR-160839,NB Enterprises (West Delhi),Paan A,HVHF,2026-04-11,2.6315789473684212,3.2,2026-05-03
USR-177726,Instant Foods (SED),Paan B,HVLF,2026-05-30,2.111111111111111,3.0,2026-05-03
USR-161095,Instant Foods (SED),Paan B,HVHF,2026-05-22,2.9302325581395348,3.2,2026-05-03
USR-176352,Maa Sharda(LKO),General A,HVLF,2026-05-09,2.0,3.1,2026-05-03
USR-176422,Maa Sharda(LKO),Paan C,HVLF,2026-05-30,3.0,3.6,2026-05-03
USR-176473,Maa Sharda(LKO),General A,HVLF,2026-05-30,2.5,3.5,2026-05-03
USR-176480,Maa Sharda(LKO),General A,HVLF,2026-05-29,4.5,3.9,2026-05-03
USR-161042,Instant Foods (SED),General C,HVHF,2026-05-30,2.0985915492957745,3.0,2026-05-03
USR-176645,Maa Sharda(LKO),Paan A,HVLF,2026-05-30,2.6666666666666665,3.2,2026-05-03
USR-1769,Crossline Events (Noida),Paan B,HVHF,2026-04-25,3.138888888888889,3.7,2026-05-03
USR-160980,NB Enterprises (West Delhi),Paan B,HVHF,2026-04-25,3.2,3.7,2026-05-03
USR-177162,Instant Foods (Mathura),General B,HVLF,2026-05-26,3.5833333333333335,3.6,2026-05-03
USR-177352,Instant Foods (SED),Paan C,HVHF,2026-05-31,1.8125,3.0,2026-05-03
USR-160907,Instant Foods(Noida),General B,HVHF,2026-05-30,2.084507042253521,3.7,2026-05-03
USR-177384,Instant Foods(Noida),Paan C,HVLF,2026-05-29,2.857142857142857,3.3,2026-05-03
USR-160902,Instant Foods(Noida),Paan C,HVLF,2026-01-16,3.5,3.3,2026-05-03
USR-177617,Instant Foods (SED),Paan B,HVLF,2026-05-31,3.3846153846153846,3.9,2026-05-03
USR-177619,Maa Sharda(LKO),Paan A,HVLF,2026-05-30,2.125,3.1,2026-05-03
USR-160872,Instant Foods(Noida),Paan A,HVHF,2026-05-31,2.6140350877192984,3.6,2026-05-03
USR-161139,Instant Foods (SED),Paan C,HVHF,2026-05-30,2.642857142857143,3.7,2026-05-03
USR-29511,Instant Foods(Noida),General C,HVHF,2026-05-29,2.7547169811320753,3.3,2026-05-03
USR-165077,Rapid Enterprises,General A,HVHF,2026-05-26,3.5,3.3,2026-05-03
USR-69102,Instant Foods (SED),Paan B,HVHF,2026-05-29,2.94,3.4,2026-05-03
USR-109617,NB Enterprises (West Delhi),Paan B,HVHF,2026-05-18,3.4210526315789473,3.7,2026-05-03
USR-5248,Cross Line Events (Ghaziabad),General C,HVHF,2026-03-21,2.5161290322580645,3.1,2026-05-03
USR-529,Instant Foods(Noida),Paan B,HVHF,2026-05-27,3.1818181818181817,3.0,2026-05-03
USR-81186,NB Enterprises (West Delhi),General C,HVLF,2026-02-07,4.333333333333333,3.8,2026-05-03
USR-109533,NB Enterprises (West Delhi),General C,HVHF,2026-05-29,3.0625,3.5,2026-05-03
USR-53409,Instant Foods (SED),Paan B,HVLF,2026-04-13,6.3125,3.4,2026-05-03
USR-1095,Instant Foods(Noida),Paan B,HVHF,2026-05-30,1.9342105263157894,3.5,2026-05-03
USR-127071,Crossline Events (Meerut),General A,HVHF,2026-05-30,2.5964912280701755,3.5,2026-05-03
USR-92197,Instant Foods (SED),General C,HVHF,2026-05-07,3.588235294117647,3.8,2026-05-03
USR-127030,Crossline Events (Meerut),General A,HVHF,2026-05-22,3.1818181818181817,3.5,2026-05-03
USR-132005,Crossline Events (Meerut),General C,HVHF,2026-05-19,4.25,3.7,2026-05-03
USR-127282,Crossline Events (Meerut),General B,HVHF,2026-05-28,3.5121951219512195,3.4,2026-05-03
USR-132069,Crossline Events (Meerut),General C,HVHF,2026-05-30,2.759259259259259,3.8,2026-05-03
USR-127024,Crossline Events (Meerut),Paan A,HVHF,2026-05-29,2.7735849056603774,3.1,2026-05-03
USR-39353,Cross Line Events (EDelhi),General A,HVHF,2026-05-18,3.8055555555555554,3.9,2026-05-03
USR-92340,Instant Foods (SED),General A,HVHF,2026-05-27,3.3181818181818183,3.1,2026-05-03
USR-39320,Cross Line Events (EDelhi),General A,HVHF,2026-05-29,3.2888888888888888,3.7,2026-05-03
USR-109133,NB Enterprises (West Delhi),General A,HVHF,2026-05-28,3.65,3.8,2026-05-03
USR-92367,Instant Foods (SED),General A,HVHF,2026-05-30,2.208955223880597,3.8,2026-05-03
USR-114638,NB Enterprises (West Delhi),Paan A,HVHF,2026-04-21,3.4375,3.4,2026-05-03
USR-132251,Crossline Events (Meerut),General A,HVHF,2026-05-30,2.8653846153846154,3.8,2026-05-03
USR-132284,Crossline Events (Meerut),General A,HVHF,2026-05-23,2.673076923076923,3.2,2026-05-03
USR-8047,Instant Foods(Noida),Paan B,HVHF,2026-05-28,3.0625,3.2,2026-05-03
USR-542,Crossline Events (Noida),Paan B,HVHF,2026-05-30,2.292307692307692,3.4,2026-05-03
USR-92285,Instant Foods (SED),General A,HVHF,2026-05-28,3.3181818181818183,3.3,2026-05-03
USR-127292,Crossline Events (Meerut),General C,HVLF,2026-04-29,18.666666666666668,3.5,2026-05-03
USR-109790,NB Enterprises (West Delhi),Paan A,HVLF,2026-01-09,3.5,3.3,2026-05-03
USR-92038,Instant Foods (SED),General A,HVHF,2026-05-23,3.0,3.4,2026-05-03
USR-131582,Crossline Events (Meerut),General C,HVHF,2026-05-28,3.3181818181818183,3.3,2026-05-03
USR-91559,Instant Foods (SED),General A,HVHF,2026-05-26,3.6857142857142855,3.5,2026-05-03
USR-127624,Crossline Events (Meerut),General A,HVHF,2026-05-27,3.4523809523809526,3.2,2026-05-03
USR-131659,Crossline Events (Meerut),General C,HVHF,2026-04-07,3.8,3.6,2026-05-03
USR-4057,Cross Line Events (Ghaziabad),Paan B,HVLF,2026-04-24,3.0,3.6,2026-05-03
USR-5097,Instant Foods (GZB),Paan A,HVHF,2026-05-17,3.142857142857143,3.6,2026-05-03
USR-127575,Crossline Events (Meerut),General B,HVHF,2026-05-30,2.257575757575758,3.2,2026-05-03
USR-40278,Instant Foods (GZB),General B,HVHF,2026-05-16,2.509433962264151,3.0,2026-05-03
USR-4015,Cross Line Events (Ghaziabad),General C,HVHF,2026-05-29,3.0425531914893615,3.5,2026-05-03
USR-4005,Cross Line Events (Ghaziabad),General C,HVHF,2026-05-25,3.9444444444444446,3.7,2026-05-03
USR-51154,Instant Foods (SED),Paan B,HVHF,2026-05-30,2.130434782608696,3.2,2026-05-03
USR-91710,Instant Foods (SED),General A,HVHF,2026-05-28,3.1739130434782608,3.3,2026-05-03
USR-114468,NB Enterprises (West Delhi),General B,HVHF,2026-05-30,2.96,3.8,2026-05-03
USR-40018,Cross Line Events (EDelhi),General A,HVHF,2026-05-30,2.625,3.7,2026-05-03
USR-127436,Crossline Events (Meerut),Paan A,HVHF,2026-04-03,3.1379310344827585,3.6,2026-05-03
USR-51519,Instant Foods (SED),Paan B,HVHF,2026-05-30,1.6021505376344085,3.2,2026-05-03
USR-91842,Instant Foods (SED),General A,HVLF,2026-05-14,66.0,3.4,2026-05-03
USR-91848,Instant Foods (SED),General A,HVHF,2026-05-26,3.9166666666666665,3.8,2026-05-03
USR-91876,Instant Foods (SED),General A,HVHF,2026-05-29,2.6666666666666665,3.0,2026-05-03
USR-109866,NB Enterprises (West Delhi),Paan B,HVHF,2026-05-18,3.5135135135135136,3.4,2026-05-03
USR-39834,Cross Line Events (EDelhi),General A,HVHF,2026-05-30,1.9350649350649352,3.0,2026-05-03
USR-920,Instant Foods(Noida),General C,HVHF,2026-05-30,2.5,3.6,2026-05-03
USR-92015,Instant Foods (SED),General A,HVHF,2026-05-30,2.2153846153846155,3.3,2026-05-03
USR-131858,Crossline Events (Meerut),General A,HVHF,2026-05-30,2.642857142857143,3.6,2026-05-03
USR-3971,Instant Foods (GZB),General B,HVLF,2026-04-28,13.5,3.3,2026-05-03
USR-39063,Cross Line Events (EDelhi),Paan B,HVHF,2026-05-30,2.3870967741935485,3.5,2026-05-03
USR-110338,NB Enterprises (West Delhi),General A,HVHF,2026-04-29,3.7419354838709675,3.9,2026-05-03
USR-132442,Crossline Events (Meerut),General A,HVHF,2026-05-25,3.1621621621621623,3.1,2026-05-03
USR-80243,Instant Foods (SED),Paan B,HVHF,2026-05-16,2.7346938775510203,3.1,2026-05-03
USR-45,Crossline Events (Noida),Paan B,HVHF,2026-05-30,2.4262295081967213,3.4,2026-05-03
USR-5589,Instant Foods (GZB),General B,HVLF,2026-05-13,11.1,3.7,2026-05-03
USR-133221,Instant Foods (GZB),General A,HVLF,2026-01-19,3.0,3.2,2026-05-03
USR-37616,Cross Line Events (EDelhi),General A,HVLF,2026-05-09,3.5,3.7,2026-05-03
USR-93240,Instant Foods (SED),General A,HVHF,2026-05-30,2.5689655172413794,3.4,2026-05-03
USR-93257,Instant Foods (SED),General A,HVHF,2026-05-31,2.292307692307692,3.2,2026-05-03
USR-93261,Instant Foods (SED),General A,HVHF,2026-05-30,2.709090909090909,3.6,2026-05-03
USR-126691,Crossline Events (Meerut),General B,HVLF,2026-03-13,3.6666666666666665,3.7,2026-05-03
USR-37555,Instant Foods (GZB),General A,HVHF,2026-05-19,4.366666666666666,3.3,2026-05-03
USR-106898,Crossline Events (Noida),General A,HVHF,2026-05-11,3.5,3.4,2026-05-03
USR-133289,Instant Foods (GZB),General A,HVLF,2026-05-18,24.666666666666668,3.5,2026-05-03
USR-37946,Cross Line Events (EDelhi),Paan A,HVHF,2026-05-19,3.6216216216216215,3.6,2026-05-03
USR-37489,Cross Line Events (EDelhi),Paan A,HVHF,2026-05-26,3.475,3.3,2026-05-03
USR-93340,Instant Foods (SED),General A,HVHF,2026-05-29,3.3636363636363638,3.8,2026-05-03
USR-77505,Instant Foods (SED),Paan B,HVHF,2026-05-18,3.7027027027027026,3.7,2026-05-03
USR-576,Crossline Events (Noida),Paan B,HVHF,2026-04-14,3.5172413793103448,3.8,2026-05-03
USR-580,Instant Foods(Noida),Paan A,HVHF,2026-05-30,2.1,3.0,2026-05-03
USR-7731,Cross Line Events (Ghaziabad),General B,HVHF,2026-05-29,3.3488372093023258,3.7,2026-05-03
USR-93492,Instant Foods (SED),General A,HVHF,2026-05-28,3.1333333333333333,3.1,2026-05-03
USR-37276,Instant Foods(Noida),Paan B,HVHF,2026-05-29,3.4761904761904763,3.9,2026-05-03
USR-37267,Cross Line Events (EDelhi),Paan B,HVLF,2026-04-30,12.777777777777779,3.0,2026-05-03
USR-126518,Crossline Events (Meerut),Paan A,HVHF,2026-05-23,3.111111111111111,3.6,2026-05-03
USR-1063,Instant Foods(Noida),Paan B,HVHF,2026-05-29,2.672727272727273,3.0,2026-05-03
USR-93698,Instant Foods (SED),General A,HVHF,2026-05-23,2.6037735849056602,3.7,2026-05-03
USR-37444,Cross Line Events (EDelhi),General A,HVHF,2026-05-30,2.843137254901961,3.8,2026-05-03
USR-558,Instant Foods(Noida),Paan B,HVHF,2026-05-30,2.1129032258064515,3.3,2026-05-03
USR-108689,NB Enterprises (West Delhi),General A,HVHF,2026-05-28,3.0851063829787235,3.0,2026-05-03
USR-108714,NB Enterprises (West Delhi),General A,HVHF,2026-05-22,3.3095238095238093,3.6,2026-05-03
USR-109,Instant Foods(Noida),Paan B,HVHF,2026-05-26,3.2045454545454546,3.1,2026-05-03
USR-92704,Instant Foods (SED),General A,HVLF,2026-03-02,3.411764705882353,3.7,2026-05-03
USR-92750,Instant Foods (SED),General A,HVHF,2026-05-30,2.176470588235294,3.2,2026-05-03
USR-794,Instant Foods(Noida),Paan B,HVHF,2026-05-29,2.826923076923077,3.1,2026-05-03
USR-38701,Cross Line Events (EDelhi),General A,HVHF,2026-05-28,3.742857142857143,3.8,2026-05-03
USR-55317,Instant Foods (SED),General C,HVLF,2026-04-27,18.0,3.1,2026-05-03
USR-126830,Crossline Events (Meerut),General C,HVHF,2026-05-18,3.4871794871794872,3.5,2026-05-03
USR-38511,Cross Line Events (EDelhi),Paan A,HVHF,2026-05-30,2.9019607843137254,3.7,2026-05-03
USR-92838,Cross Line Events (EDelhi),Paan A,HVHF,2026-05-30,1.9864864864864864,3.1,2026-05-03
USR-108843,NB Enterprises (West Delhi),General A,HVHF,2026-05-23,2.6923076923076925,3.2,2026-05-03
USR-38423,Instant Foods (GZB),Paan A,HVHF,2026-05-20,4.111111111111111,3.6,2026-05-03
USR-126823,Crossline Events (Meerut),General C,HVHF,2026-05-30,2.208955223880597,3.1,2026-05-03
USR-7807,Instant Foods (GZB),Paan B,HVHF,2026-05-28,3.1333333333333333,3.1,2026-05-03
USR-38306,Instant Foods (GZB),Paan B,HVLF,2026-03-13,3.25,3.4,2026-05-03
USR-93142,Instant Foods (SED),General A,HVHF,2026-05-23,3.525,3.9,2026-05-03
USR-132700,Crossline Events (Meerut),General A,HVHF,2026-05-29,3.5,3.9,2026-05-03
USR-5532,Instant Foods (GZB),Paan A,HVHF,2026-05-30,2.7884615384615383,3.7,2026-05-03
USR-77864,NB Enterprises (West Delhi),Paan B,HVHF,2026-05-28,3.2790697674418605,3.3,2026-05-03
USR-93207,Instant Foods (SED),General A,HVHF,2026-05-30,2.084507042253521,3.0,2026-05-03
USR-38206,Cross Line Events (EDelhi),General A,HVHF,2026-05-28,3.4523809523809526,3.6,2026-05-03
USR-108734,NB Enterprises (West Delhi),Paan A,HVHF,2026-05-29,2.792452830188679,3.2,2026-05-03
USR-38103,Cross Line Events (EDelhi),General A,HVHF,2026-05-30,2.7735849056603774,3.8,2026-05-03
USR-77714,Instant Foods (SED),General C,HVHF,2026-05-20,3.75,3.7,2026-05-03
USR-3800,Cross Line Events (Ghaziabad),General B,HVHF,2026-05-28,3.5853658536585367,3.6,2026-05-03
USR-133160,Instant Foods (GZB),General A,HVHF,2026-05-29,3.2666666666666666,3.7,2026-05-03
USR-38890,Instant Foods(Noida),Paan B,HVLF,2026-05-15,3.0,3.6,2026-05-03
USR-583,Instant Foods(Noida),General C,HVHF,2026-05-29,3.3636363636363638,3.8,2026-05-03
USR-110421,Instant Foods(Noida),Paan B,HVHF,2026-05-28,3.127659574468085,3.1,2026-05-03
USR-503,Crossline Events (Noida),Paan B,HVHF,2026-05-31,2.403225806451613,3.4,2026-05-03
USR-45362,Cross Line Events (EDelhi),General A,HVHF,2026-05-29,3.0454545454545454,3.5,2026-05-03
USR-43586,Cross Line Events (EDelhi),Paan A,HVHF,2026-05-30,2.0694444444444446,3.0,2026-05-03
USR-88278,Instant Foods (SED),Paan B,HVHF,2026-05-30,2.2238805970149254,3.8,2026-05-03
USR-88500,NB Enterprises (West Delhi),Paan B,HVHF,2026-05-29,2.7755102040816326,3.1,2026-05-03
USR-113978,NB Enterprises (West Delhi),Paan A,HVLF,2026-03-09,3.0,3.1,2026-05-03
USR-4358,Cross Line Events (Ghaziabad),General A,HVHF,2026-05-29,2.9019607843137254,3.2,2026-05-03
USR-43577,Cross Line Events (EDelhi),General A,HVHF,2026-05-30,2.1538461538461537,3.1,2026-05-03
USR-4547,Instant Foods (GZB),Paan B,HVHF,2026-05-29,3.4285714285714284,3.7,2026-05-03
USR-129941,Crossline Events (Meerut),General A,HVHF,2026-05-30,2.8653846153846154,3.7,2026-05-03
USR-43318,Cross Line Events (EDelhi),General A,HVHF,2026-05-26,3.3255813953488373,3.2,2026-05-03
USR-43312,Cross Line Events (EDelhi),General A,HVHF,2026-05-25,3.4146341463414633,3.2,2026-05-03
USR-84762,Instant Foods (SED),Paan B,HVHF,2026-05-30,2.3870967741935485,3.5,2026-05-03
USR-130067,Crossline Events (Meerut),General C,HVHF,2026-05-30,2.843137254901961,3.8,2026-05-03
USR-4550,Cross Line Events (Ghaziabad),Paan B,HVHF,2026-05-30,2.5517241379310347,3.6,2026-05-03
USR-45512,Instant Foods (GZB),General A,HVHF,2026-05-26,3.6,3.5,2026-05-03
USR-83969,NB Enterprises (West Delhi),Paan B,HVLF,2026-03-02,2.8095238095238093,3.2,2026-05-03
USR-891,Crossline Events (Noida),Paan B,HVHF,2026-05-11,3.6,3.4,2026-05-03
USR-45542,Cross Line Events (EDelhi),General A,HVHF,2026-05-26,3.7837837837837838,3.6,2026-05-03
USR-43167,Cross Line Events (EDelhi),General A,HVHF,2026-05-29,3.020408163265306,3.3,2026-05-03
USR-130141,Crossline Events (Meerut),General C,HVHF,2026-05-26,3.5121951219512195,3.3,2026-05-03
USR-83607,Instant Foods (SED),Paan B,HVLF,2026-03-16,3.1818181818181817,3.0,2026-05-03
USR-8358,Instant Foods(Noida),Paan B,HVHF,2026-05-30,2.3870967741935485,3.5,2026-05-03
USR-43140,Cross Line Events (EDelhi),General A,HVLF,2026-03-10,4.5,3.8,2026-05-03
USR-130151,Crossline Events (Meerut),General A,HVHF,2026-05-30,2.1940298507462686,3.1,2026-05-03
USR-114023,NB Enterprises (West Delhi),General A,HVLF,2026-05-09,2.0,3.3,2026-05-03
USR-43619,Cross Line Events (EDelhi),General A,HVLF,2026-02-28,2.9,3.4,2026-05-03
USR-8804,Cross Line Events (Ghaziabad),General A,HVHF,2026-05-30,2.338709677419355,3.4,2026-05-03
USR-44142,Instant Foods(Noida),Paan B,HVHF,2026-05-30,2.5084745762711864,3.6,2026-05-03
USR-44992,Cross Line Events (EDelhi),Paan B,HVHF,2026-05-23,2.2903225806451615,3.4,2026-05-03
USR-45077,Instant Foods (GZB),Paan A,HVHF,2026-05-30,2.3015873015873014,3.4,2026-05-03
USR-44837,Cross Line Events (EDelhi),General A,HVHF,2026-05-30,2.690909090909091,3.7,2026-05-03
USR-8566,Cross Line Events (Ghaziabad),Paan B,HVHF,2026-05-30,2.1594202898550723,3.2,2026-05-03
USR-11366,Instant Foods (GZB),Paan B,HVHF,2026-05-30,2.257575757575758,3.3,2026-05-03
USR-85355,Instant Foods (SED),General C,HVHF,2026-05-29,2.979591836734694,3.3,2026-05-03
USR-44798,Instant Foods (GZB),Paan B,HVLF,2026-01-29,2.857142857142857,3.4,2026-05-03
USR-45133,Cross Line Events (EDelhi),Paan A,HVHF,2026-05-04,2.880952380952381,3.3,2026-05-03
USR-45228,Instant Foods (GZB),Paan B,HVHF,2026-05-29,2.7037037037037037,3.0,2026-05-03
USR-44673,Instant Foods (GZB),Paan B,HVHF,2026-05-30,2.769230769230769,3.8,2026-05-03
USR-45230,Cross Line Events (EDelhi),General A,HVHF,2026-05-26,3.238095238095238,3.1,2026-05-03
USR-44540,Instant Foods(Noida),Paan B,HVHF,2026-05-30,1.7619047619047619,3.3,2026-05-03
USR-44435,Instant Foods (GZB),General B,HVHF,2026-05-26,3.525,3.5,2026-05-03
USR-112951,NB Enterprises (West Delhi),General B,HVLF,2026-03-13,3.0,3.1,2026-05-03
USR-44423,Cross Line Events (EDelhi),General A,HVHF,2026-05-29,3.2666666666666666,3.7,2026-05-03
USR-44422,Crossline Events (Noida),General A,HVHF,2026-05-18,3.6944444444444446,3.7,2026-05-03
USR-112935,NB Enterprises (West Delhi),General A,HVHF,2026-05-25,3.272727272727273,3.1,2026-05-03
USR-112932,NB Enterprises (West Delhi),General A,HVHF,2026-05-27,3.2444444444444445,3.1,2026-05-03
USR-112816,NB Enterprises (West Delhi),General B,HVHF,2026-05-13,3.4594594594594597,3.5,2026-05-03
USR-45252,Cross Line Events (EDelhi),General A,HVHF,2026-04-24,3.0,3.4,2026-05-03
USR-45289,Crossline Events (Noida),Paan B,HVHF,2026-05-15,3.358974358974359,3.7,2026-05-03
USR-44277,Cross Line Events (EDelhi),General A,HVHF,2026-05-26,3.45,3.3,2026-05-03
USR-112764,NB Enterprises (West Delhi),Paan A,HVHF,2026-05-30,1.9350649350649352,3.0,2026-05-03
USR-112716,NB Enterprises (West Delhi),Paan A,HVHF,2026-05-25,3.6842105263157894,3.5,2026-05-03
USR-87647,Instant Foods (SED),Paan B,HVHF,2026-05-28,3.1739130434782608,3.2,2026-05-03
USR-8962,Instant Foods (GZB),Paan B,HVHF,2026-05-27,3.5121951219512195,3.3,2026-05-03
USR-9153,Instant Foods (GZB),General B,HVHF,2026-04-07,3.6538461538461537,3.6,2026-05-03
USR-128811,Crossline Events (Meerut),General C,HVHF,2026-05-25,3.5,3.5,2026-05-03
USR-9057,Cross Line Events (Ghaziabad),Paan A,HVHF,2026-05-30,2.292307692307692,3.2,2026-05-03
USR-4684,Instant Foods (GZB),Paan B,HVHF,2026-05-30,2.0985915492957745,3.1,2026-05-03
USR-114248,NB Enterprises (West Delhi),Paan B,HVHF,2026-05-29,2.938775510204082,3.2,2026-05-03
USR-470,Instant Foods(Noida),Paan B,HVHF,2026-05-28,3.340909090909091,3.3,2026-05-03
USR-4703,Instant Foods (GZB),Paan B,HVLF,2026-05-07,3.5,3.6,2026-05-03
USR-47254,Instant Foods (SED),Paan B,HVHF,2026-05-27,3.1538461538461537,3.1,2026-05-03
USR-131000,Crossline Events (Meerut),General B,HVHF,2026-05-30,2.6140350877192984,3.8,2026-05-03
USR-4765,Instant Foods (GZB),Paan B,HVHF,2026-05-29,3.5238095238095237,3.9,2026-05-03
USR-8276,Instant Foods(Noida),General C,HVHF,2026-05-28,3.717948717948718,3.8,2026-05-03
USR-110926,Instant Foods (GZB),Paan B,HVHF,2026-05-29,3.0,3.4,2026-05-03
USR-110756,NB Enterprises (West Delhi),General A,HVHF,2026-05-30,2.811320754716981,3.7,2026-05-03
USR-13118,Cross Line Events (Ghaziabad),General A,HVHF,2026-05-30,2.328125,3.9,2026-05-03
USR-114234,NB Enterprises (West Delhi),Paan B,HVHF,2026-05-27,3.789473684210526,3.7,2026-05-03
USR-128239,Crossline Events (Meerut),General C,HVHF,2026-05-30,3.020408163265306,3.9,2026-05-03
USR-4145,Instant Foods (GZB),General C,HVHF,2026-05-30,2.1594202898550723,3.1,2026-05-03
USR-82507,Instant Foods (SED),Paan B,HVHF,2026-05-29,3.2,3.6,2026-05-03
USR-114308,NB Enterprises (West Delhi),General A,HVHF,2026-05-23,3.021276595744681,3.9,2026-05-03
USR-66787,Instant Foods (SED),Paan B,HVHF,2026-05-29,3.2444444444444445,3.8,2026-05-03
USR-4865,Instant Foods (GZB),Paan B,HVHF,2026-04-02,2.6363636363636362,3.0,2026-05-03
USR-114344,NB Enterprises (West Delhi),General B,HVHF,2026-05-28,3.3181818181818183,3.3,2026-05-03
USR-131354,Crossline Events (Meerut),General C,HVHF,2026-05-30,2.1911764705882355,3.1,2026-05-03
USR-823,Instant Foods(Noida),Paan B,HVHF,2026-05-28,3.717948717948718,3.9,2026-05-03
USR-91400,Crossline Events (Noida),Paan B,HVHF,2026-04-25,2.404255319148936,3.0,2026-05-03
USR-41133,Crossline Events (Noida),Paan A,HVHF,2026-05-30,2.1285714285714286,3.1,2026-05-03
USR-110598,NB Enterprises (West Delhi),General A,HVHF,2026-05-26,3.717948717948718,3.7,2026-05-03
USR-41459,Cross Line Events (EDelhi),General A,LVLF,2026-01-23,3.0,3.8,2026-05-03
USR-42097,Cross Line Events (EDelhi),General A,HVHF,2026-05-30,2.403225806451613,3.5,2026-05-03
USR-42231,Cross Line Events (EDelhi),Paan B,HVHF,2026-05-30,2.3125,3.2,2026-05-03
USR-91171,Instant Foods(Noida),Paan B,HVHF,2026-05-31,2.2388059701492535,3.2,2026-05-03
USR-45825,NB Enterprises (West Delhi),Paan B,HVLF,2026-04-20,3.5555555555555554,3.5,2026-05-03
USR-459,Instant Foods(Noida),General B,HVHF,2026-05-29,2.75,3.1,2026-05-03
USR-90573,Instant Foods (SED),Paan B,HVHF,2026-05-30,1.9589041095890412,3.0,2026-05-03
USR-4591,Instant Foods (GZB),General C,HVHF,2026-05-29,3.127659574468085,3.6,2026-05-03
USR-11143,Cross Line Events (Ghaziabad),General A,HVHF,2026-05-30,2.2615384615384615,3.4,2026-05-03
USR-460,Instant Foods(Noida),Paan B,HVHF,2026-05-30,2.3225806451612905,3.4,2026-05-03
USR-111401,NB Enterprises (West Delhi),General B,HVLF,2026-02-24,3.5,3.5,2026-05-03
USR-91007,Instant Foods (SED),General A,HVHF,2026-05-30,2.9019607843137254,3.9,2026-05-03
USR-46114,Instant Foods (SED),Paan B,HVHF,2026-05-29,2.690909090909091,3.0,2026-05-03
USR-8334,Instant Foods(Noida),Paan B,HVHF,2026-04-22,3.142857142857143,3.3,2026-05-03
USR-42813,Cross Line Events (EDelhi),General A,HVHF,2026-05-25,3.4634146341463414,3.3,2026-05-03
USR-130450,Instant Foods (GZB),Paan B,HVHF,2026-05-28,3.2444444444444445,3.2,2026-05-03
USR-42807,Instant Foods(Noida),Paan B,HVHF,2026-05-30,2.1449275362318843,3.1,2026-05-03
USR-128671,Crossline Events (Meerut),General A,HVHF,2026-05-27,3.380952380952381,3.2,2026-05-03
USR-114232,NB Enterprises (West Delhi),General B,HVHF,2026-05-26,3.7837837837837838,3.6,2026-05-03
USR-1305,Instant Foods(Noida),Paan B,HVHF,2026-05-27,3.372093023255814,3.2,2026-05-03
USR-91069,Instant Foods (SED),General A,HVHF,2026-05-30,2.130434782608696,3.7,2026-05-03
USR-42789,Cross Line Events (EDelhi),General A,HVHF,2026-05-28,3.4324324324324325,3.5,2026-05-03
USR-13058,Instant Foods (GZB),Chemist B,HVLF,2026-04-22,36.0,3.6,2026-05-03
USR-91151,Cross Line Events (EDelhi),Paan B,HVHF,2026-05-30,1.6373626373626373,3.4,2026-05-03
USR-46351,Instant Foods (SED),Paan B,HVHF,2026-05-18,3.3333333333333335,3.3,2026-05-03
USR-42489,Cross Line Events (EDelhi),General A,HVLF,2026-05-27,11.545454545454545,3.1,2026-05-03
USR-4244,Cross Line Events (Ghaziabad),Paan B,HVHF,2026-05-30,2.1285714285714286,3.1,2026-05-03
USR-42397,Instant Foods(Noida),Paan B,HVHF,2026-03-31,3.1666666666666665,3.5,2026-05-03
USR-42364,Cross Line Events (EDelhi),General A,HVHF,2026-05-30,2.5689655172413794,3.4,2026-05-03
USR-45669,Instant Foods (SED),General A,HVHF,2026-05-30,2.6140350877192984,3.7,2026-05-03
USR-76800,Instant Foods (SED),Paan B,HVHF,2026-05-30,2.5254237288135593,3.4,2026-05-03
USR-93218,Instant Foods (SED),General A,HVHF,2026-05-28,3.395348837209302,3.3,2026-05-03
USR-37191,Instant Foods (GZB),General A,HVHF,2026-05-29,3.1818181818181817,3.8,2026-05-03
USR-96405,Instant Foods (SED),General A,HVHF,2026-05-23,2.5,3.6,2026-05-03
USR-101983,Cross Line Events (EDelhi),Paan B,HVHF,2026-05-30,2.5128205128205128,3.6,2026-05-03
USR-70322,Instant Foods (SED),Paan B,HVHF,2026-05-30,2.084507042253521,3.0,2026-05-03
USR-125380,Crossline Events (Meerut),General C,HVHF,2026-05-27,3.108695652173913,3.0,2026-05-03
USR-96568,Instant Foods (SED),General A,HVHF,2026-05-30,2.0704225352112675,3.1,2026-05-03
USR-119875,Instant Foods(Noida),Paan A,HVHF,2026-05-31,2.3076923076923075,3.2,2026-05-03
USR-96581,Instant Foods (SED),General A,HVHF,2026-05-29,3.217391304347826,3.7,2026-05-03
USR-3116,Instant Foods (GZB),Paan B,HVHF,2026-05-30,2.685185185185185,3.7,2026-05-03
USR-136541,Instant Foods (SED),General A,HVHF,2026-04-06,3.9583333333333335,3.7,2026-05-03
USR-698,Crossline Events (Noida),General B,HVHF,2026-05-30,2.176470588235294,3.3,2026-05-03
USR-1206,Crossline Events (Noida),General B,HVHF,2026-05-30,2.5084745762711864,3.6,2026-05-03
USR-12589,Instant Foods (GZB),Paan B,HVHF,2026-05-29,3.020408163265306,3.4,2026-05-03
USR-97022,Instant Foods (SED),General A,HVHF,2026-05-29,3.3181818181818183,3.8,2026-05-03
USR-101760,Cross Line Events (EDelhi),General A,HVHF,2026-05-28,3.4047619047619047,3.6,2026-05-03
USR-6414,Cross Line Events (Ghaziabad),Paan B,HVHF,2026-05-30,1.9473684210526316,3.0,2026-05-03
USR-101568,Instant Foods (SED),General A,HVHF,2026-05-30,2.292307692307692,3.3,2026-05-03
USR-97260,Instant Foods (SED),General A,HVHF,2026-05-30,2.94,3.8,2026-05-03
USR-101420,Instant Foods (SED),General A,HVLF,2026-05-27,17.714285714285715,3.2,2026-05-03
USR-3064,Instant Foods (GZB),General A,HVHF,2026-05-31,2.9215686274509802,3.7,2026-05-03
USR-101405,Instant Foods (SED),General A,HVHF,2026-05-30,2.709090909090909,3.8,2026-05-03
USR-30389,Cross Line Events (EDelhi),Paan B,HVHF,2026-05-06,2.86046511627907,3.4,2026-05-03
USR-149873,Crossline Events (Noida),Paan B,HVHF,2026-05-29,2.8461538461538463,3.2,2026-05-03
USR-645,Crossline Events (Noida),General A,HVHF,2026-05-29,3.5238095238095237,3.9,2026-05-03
USR-101395,Crossline Events (Noida),General C,HVHF,2026-05-26,3.7027027027027026,3.6,2026-05-03
USR-30973,Cross Line Events (EDelhi),Paan B,HVHF,2026-05-30,2.0136986301369864,3.0,2026-05-03
USR-69041,Instant Foods (SED),General C,HVHF,2026-04-21,3.793103448275862,3.8,2026-05-03
USR-125947,Crossline Events (Meerut),General B,HVHF,2026-05-31,2.938775510204082,3.7,2026-05-03
USR-31419,Cross Line Events (EDelhi),Paan B,HVHF,2026-05-26,3.2222222222222223,3.1,2026-05-03
USR-103,Instant Foods(Noida),Paan B,HVHF,2026-05-30,1.8271604938271604,3.3,2026-05-03
USR-119271,Crossline Events (Meerut),General C,HVHF,2026-05-24,2.84,3.8,2026-05-03
USR-33111,Cross Line Events (EDelhi),Paan B,HVHF,2026-05-30,2.1666666666666665,3.3,2026-05-03
USR-135150,Cross Line Events (Ghaziabad),Paan B,HVHF,2026-05-27,3.152173913043478,3.0,2026-05-03
USR-95764,Instant Foods (SED),General A,HVHF,2026-05-28,3.625,3.6,2026-05-03
USR-7286,Instant Foods (GZB),Paan B,HVHF,2026-05-29,2.8461538461538463,3.4,2026-05-03
USR-72342,Instant Foods (SED),General C,HVLF,2026-01-19,4.5,3.7,2026-05-03
USR-3267,Instant Foods (GZB),General C,HVHF,2026-05-29,3.0625,3.7,2026-05-03
USR-32482,Cross Line Events (EDelhi),Paan B,HVHF,2026-05-30,2.9215686274509802,3.8,2026-05-03
USR-95989,Instant Foods (SED),General A,HVHF,2026-05-29,2.6545454545454548,3.0,2026-05-03
USR-96009,Instant Foods (SED),General A,HVHF,2026-05-29,3.217391304347826,3.6,2026-05-03
USR-7036,Cross Line Events (Ghaziabad),General B,HVHF,2026-05-27,3.372093023255814,3.2,2026-05-03
USR-63212,NB Enterprises (West Delhi),General C,HVHF,2026-05-11,3.5135135135135136,3.5,2026-05-03
USR-135347,Instant Foods (SED),General C,HVHF,2026-05-30,1.96,3.9,2026-05-03
USR-102487,Instant Foods (SED),General A,HVHF,2026-05-30,1.8974358974358974,3.4,2026-05-03
USR-13539,Crossline Events (Noida),Paan B,HVHF,2026-05-14,3.2195121951219514,3.4,2026-05-03
USR-135516,Crossline Events (Meerut),General C,HVHF,2026-05-26,3.6153846153846154,3.4,2026-05-03
USR-126495,Crossline Events (Meerut),General A,HVHF,2026-05-18,3.526315789473684,3.5,2026-05-03
USR-31955,Cross Line Events (EDelhi),Paan B,HVLF,2026-02-16,3.5,3.2,2026-05-03
USR-96086,Instant Foods (SED),General A,HVHF,2026-05-28,3.864864864864865,3.9,2026-05-03
USR-31855,Instant Foods (GZB),Paan B,HVLF,2026-03-26,14.666666666666666,3.0,2026-05-03
USR-31743,Cross Line Events (EDelhi),Paan B,HVHF,2026-05-29,2.685185185185185,3.0,2026-05-03
USR-31635,Cross Line Events (EDelhi),Paan B,HVLF,2026-03-06,4.0,3.8,2026-05-03
USR-31475,Cross Line Events (EDelhi),Paan B,HVHF,2026-05-30,1.5520833333333333,3.2,2026-05-03
USR-119640,Crossline Events (Meerut),General C,HVHF,2026-05-29,2.88,3.4,2026-05-03
USR-100986,Instant Foods (SED),General A,HVHF,2026-05-19,3.526315789473684,3.5,2026-05-03
USR-13850,Crossline Events (Noida),Paan B,HVLF,2026-01-10,4.0,3.9,2026-05-03
USR-977,Crossline Events (Noida),Paan B,HVHF,2026-05-30,1.7209302325581395,3.3,2026-05-03
USR-100329,Instant Foods (SED),General A,HVHF,2026-05-28,3.5365853658536586,3.6,2026-05-03
USR-681,Instant Foods(Noida),General C,HVHF,2026-04-21,3.3125,3.8,2026-05-03
USR-145368,Cross Line Events (Ghaziabad),General C,HVLF,2026-05-25,3.888888888888889,3.9,2026-05-03
USR-146,Instant Foods(Noida),Paan A,HVHF,2026-05-28,3.3181818181818183,3.6,2026-05-03
USR-29681,Instant Foods (GZB),General B,HVHF,2026-05-30,2.3703703703703702,3.5,2026-05-03
USR-100258,Instant Foods (SED),General A,HVHF,2026-05-25,3.4285714285714284,3.3,2026-05-03
USR-29603,Instant Foods(Noida),General B,HVLF,2026-02-11,4.0,3.8,2026-05-03
USR-1472,Crossline Events (Noida),Paan B,HVHF,2026-05-30,1.7619047619047619,3.4,2026-05-03
USR-29579,Instant Foods(Noida),Paan A,HVHF,2026-05-31,2.403225806451613,3.4,2026-05-03
USR-12309,Cross Line Events (Ghaziabad),General C,HVHF,2026-03-25,3.6666666666666665,3.9,2026-05-03
USR-100239,Instant Foods (SED),General A,HVHF,2026-05-29,3.0416666666666665,3.4,2026-05-03
USR-29690,Instant Foods (GZB),Chemist B,HVHF,2026-05-14,2.962962962962963,3.9,2026-05-03
USR-14734,Instant Foods(Noida),Paan B,HVHF,2026-05-30,2.0,3.1,2026-05-03
USR-99471,Instant Foods (SED),General A,HVHF,2026-05-30,2.8653846153846154,3.7,2026-05-03
USR-29543,Cross Line Events (Ghaziabad),General C,HVHF,2026-05-23,2.660377358490566,3.2,2026-05-03
USR-148668,Crossline Events (Noida),Paan B,HVHF,2026-05-23,2.4482758620689653,3.1,2026-05-03
USR-100211,Instant Foods (SED),Chemist A,HVHF,2026-05-29,2.769230769230769,3.2,2026-05-03
USR-99520,Instant Foods (SED),General A,HVHF,2026-05-26,3.097560975609756,3.0,2026-05-03
USR-29524,Instant Foods (GZB),Paan B,HVHF,2026-05-30,2.1142857142857143,3.0,2026-05-03
USR-100062,Instant Foods (SED),General A,HVLF,2026-05-29,10.9,3.6,2026-05-03
USR-149661,Crossline Events (Noida),Paan B,HVHF,2026-04-24,3.111111111111111,3.5,2026-05-03
USR-123054,Crossline Events (Meerut),Paan B,HVLF,2026-02-18,3.25,3.2,2026-05-03
USR-673,Crossline Events (Noida),General C,HVHF,2026-05-29,3.0416666666666665,3.5,2026-05-03
USR-149837,Instant Foods(Noida),General A,HVLF,2026-01-17,3.25,3.4,2026-05-03
USR-29556,Instant Foods (GZB),Paan B,HVHF,2026-04-27,3.8095238095238093,3.6,2026-05-03
USR-99226,Instant Foods (SED),General A,HVHF,2026-05-23,2.6792452830188678,3.2,2026-05-03
USR-29772,Cross Line Events (Ghaziabad),Paan B,HVHF,2026-05-26,3.891891891891892,3.8,2026-05-03
USR-145045,Crossline Events (Noida),Paan B,HVHF,2026-05-30,2.372549019607843,3.9,2026-05-03
USR-100917,Instant Foods (SED),General A,HVHF,2026-05-30,2.466666666666667,3.5,2026-05-03
USR-97751,Instant Foods (SED),General A,HVHF,2026-05-30,2.227272727272727,3.3,2026-05-03
USR-2992,Instant Foods (GZB),Paan B,HVHF,2026-05-27,3.5365853658536586,3.4,2026-05-03
USR-97792,Instant Foods (SED),General A,HVHF,2026-05-30,2.2238805970149254,3.3,2026-05-03
USR-29915,Instant Foods(Noida),Paan B,HVLF,2026-05-31,3.0,3.5,2026-05-03
USR-68777,Instant Foods (SED),Paan B,HVHF,2026-05-29,3.4186046511627906,3.9,2026-05-03
USR-97841,Instant Foods (SED),General A,HVHF,2026-05-25,3.3488372093023258,3.2,2026-05-03
USR-140327,Cross Line Events (EDelhi),General C,HVHF,2026-05-30,2.94,3.8,2026-05-03
USR-29912,Instant Foods(Noida),Paan B,HVHF,2026-05-30,1.8227848101265822,3.5,2026-05-03
USR-97873,Instant Foods (GZB),General A,HVHF,2026-05-30,2.1818181818181817,3.1,2026-05-03
USR-100823,Instant Foods (SED),General A,HVHF,2026-05-30,2.4262295081967213,3.5,2026-05-03
USR-29876,Cross Line Events (Ghaziabad),Paan A,HVHF,2026-04-07,3.392857142857143,3.8,2026-05-03
USR-97986,Instant Foods (SED),General A,HVHF,2026-05-30,2.7884615384615383,3.7,2026-05-03
USR-29855,Cross Line Events (Ghaziabad),General C,HVHF,2026-05-20,3.088888888888889,3.0,2026-05-03
USR-2984,Cross Line Events (Ghaziabad),General A,HVHF,2026-05-30,2.3870967741935485,3.5,2026-05-03
USR-29830,Cross Line Events (Ghaziabad),General C,HVHF,2026-05-30,2.9215686274509802,3.7,2026-05-03
USR-100758,Instant Foods (SED),General A,HVHF,2026-05-12,3.358974358974359,3.4,2026-05-03
USR-143783,NB Enterprises (West Delhi),General B,HVHF,2026-05-21,3.3095238095238093,3.4,2026-05-03
USR-98402,Instant Foods (SED),General A,HVHF,2026-05-30,2.9183673469387754,3.8,2026-05-03
USR-29803,Instant Foods(Noida),General B,HVHF,2026-05-30,2.7735849056603774,3.8,2026-05-03
USR-29799,Instant Foods(Noida),Paan A,HVHF,2026-05-30,2.690909090909091,3.8,2026-05-03
USR-100689,Instant Foods (SED),General A,HVHF,2026-05-30,2.0694444444444446,3.0,2026-05-03
USR-6550,Cross Line Events (Ghaziabad),Paan B,HVHF,2026-05-30,2.5254237288135593,3.6,2026-05-03
USR-990,Instant Foods(Noida),Paan B,HVHF,2026-05-31,2.272727272727273,3.3,2026-05-03
USR-29776,Cross Line Events (Ghaziabad),Paan B,HVHF,2026-05-30,2.176470588235294,3.2,2026-05-03
USR-629,Crossline Events (Noida),Paan B,HVHF,2026-05-29,3.238095238095238,3.8,2026-05-03
USR-62839,NB Enterprises (West Delhi),General C,HVHF,2026-05-22,3.238095238095238,3.6,2026-05-03
USR-32,Crossline Events (Noida),Paan B,HVHF,2026-05-30,1.9864864864864864,3.1,2026-05-03
USR-12612,Instant Foods (GZB),Paan B,HVHF,2026-05-29,3.2790697674418605,3.8,2026-05-03
USR-133904,Instant Foods (GZB),General C,HVHF,2026-05-29,3.3488372093023258,3.8,2026-05-03
USR-105399,Instant Foods (SED),General A,HVLF,2026-02-13,3.0,3.3,2026-05-03
USR-75762,NB Enterprises (West Delhi),Paan B,HVHF,2026-04-22,3.0277777777777777,3.0,2026-05-03
USR-11751,Instant Foods (GZB),General B,HVHF,2026-05-30,2.9215686274509802,3.9,2026-05-03
USR-361,Instant Foods(Noida),Paan B,HVLF,2026-02-23,3.3333333333333335,3.1,2026-05-03
USR-105289,Instant Foods (SED),General A,HVHF,2026-05-30,2.7358490566037736,3.7,2026-05-03
USR-94387,Instant Foods (SED),General A,HVHF,2026-05-30,2.9,3.7,2026-05-03
USR-134288,Instant Foods (GZB),General C,HVHF,2026-05-27,3.0851063829787235,3.0,2026-05-03
USR-95628,Instant Foods (SED),General A,HVHF,2026-05-30,2.041095890410959,3.1,2026-05-03
USR-75450,NB Enterprises (West Delhi),General C,HVLF,2026-05-28,9.733333333333333,3.1,2026-05-03
USR-7509,Cross Line Events (Ghaziabad),Paan A,HVHF,2026-05-30,2.96,3.7,2026-05-03
USR-11716,Cross Line Events (Ghaziabad),Paan B,HVHF,2026-04-30,2.975,3.3,2026-05-03
USR-3574,Instant Foods (GZB),General C,HVHF,2026-05-30,1.9733333333333334,3.1,2026-05-03
USR-105088,Instant Foods (SED),General A,HVHF,2026-05-26,3.25,3.1,2026-05-03
USR-104586,Instant Foods (SED),General A,HVHF,2026-05-30,2.6140350877192984,3.7,2026-05-03
USR-11809,Cross Line Events (Ghaziabad),Paan B,HVHF,2026-05-30,2.618181818181818,3.6,2026-05-03
USR-35665,Cross Line Events (EDelhi),Paan B,HVHF,2026-05-18,3.2439024390243905,3.3,2026-05-03
USR-104578,Instant Foods (SED),General A,HVHF,2026-05-31,2.4193548387096775,3.3,2026-05-03
USR-94817,Instant Foods(Noida),Paan B,HVLF,2026-02-14,3.5,3.3,2026-05-03
USR-7431,Instant Foods (GZB),General B,HVHF,2026-05-29,3.3636363636363638,3.9,2026-05-03
USR-11829,Instant Foods (GZB),General B,HVHF,2026-05-28,3.5609756097560976,3.5,2026-05-03
USR-11850,Instant Foods (GZB),Paan B,HVHF,2026-04-28,3.484848484848485,3.9,2026-05-03
USR-3544,Instant Foods (GZB),Paan B,HVHF,2026-05-29,2.96,3.4,2026-05-03
USR-94888,Instant Foods (SED),General A,HVHF,2026-05-30,2.5689655172413794,3.6,2026-05-03
USR-60483,Instant Foods (SED),General C,HVHF,2026-05-30,2.403225806451613,3.3,2026-05-03
USR-11708,Cross Line Events (Ghaziabad),General C,HVHF,2026-05-30,2.94,3.9,2026-05-03
USR-105471,Instant Foods (SED),General A,HVHF,2026-05-27,3.8157894736842106,3.7,2026-05-03
USR-36682,Cross Line Events (EDelhi),Paan A,HVHF,2026-05-28,3.1739130434782608,3.1,2026-05-03
USR-93924,Crossline Events (Noida),Paan A,HVHF,2026-05-30,2.3492063492063493,3.4,2026-05-03
USR-3712,Cross Line Events (Ghaziabad),General A,HVHF,2026-05-30,2.084507042253521,3.0,2026-05-03
USR-5847,Instant Foods (GZB),Paan A,HVHF,2026-05-30,1.8615384615384616,3.5,2026-05-03
USR-94002,Instant Foods (SED),General A,HVHF,2026-04-25,2.8974358974358974,3.3,2026-05-03
USR-105854,Instant Foods (SED),General A,HVHF,2026-05-30,2.5689655172413794,3.4,2026-05-03
USR-105831,Instant Foods (SED),General A,HVLF,2026-05-29,2.875,3.6,2026-05-03
USR-37044,Instant Foods (GZB),General A,HVHF,2026-05-28,3.675,3.7,2026-05-03
USR-37017,Instant Foods(Noida),General A,HVHF,2026-05-29,2.75,3.5,2026-05-03
USR-126470,Crossline Events (Meerut),General A,HVHF,2026-05-29,3.127659574468085,3.6,2026-05-03
USR-36952,Instant Foods (GZB),Paan B,HVLF,2026-01-22,4.0,3.9,2026-05-03
USR-116888,Crossline Events (Meerut),General C,HVHF,2026-05-22,3.255813953488372,3.5,2026-05-03
USR-76486,Instant Foods (SED),Paan B,HVHF,2026-05-30,2.5576923076923075,3.5,2026-05-03
USR-36931,Instant Foods (GZB),Paan A,HVHF,2026-05-27,3.2,3.1,2026-05-03
USR-36917,Instant Foods (GZB),Paan B,HVHF,2026-05-29,3.1956521739130435,3.6,2026-05-03
USR-5950,Instant Foods (GZB),Paan B,HVHF,2026-05-30,2.1194029850746268,3.7,2026-05-03
USR-36874,Instant Foods (GZB),General A,HVHF,2026-05-29,3.020408163265306,3.3,2026-05-03
USR-5958,Instant Foods (GZB),Paan A,HVLF,2026-03-16,3.6875,3.3,2026-05-03
USR-133857,NB Enterprises (West Delhi),Paan B,HVHF,2026-05-23,2.5641025641025643,3.2,2026-05-03
USR-105737,Instant Foods (SED),General C,HVHF,2026-05-28,3.0416666666666665,3.0,2026-05-03
USR-36817,Instant Foods(Noida),General A,HVHF,2026-05-30,2.5517241379310347,3.4,2026-05-03
USR-12636,Instant Foods (GZB),Paan B,HVHF,2026-05-29,3.5238095238095237,3.9,2026-05-03
USR-942,Instant Foods(Noida),General B,HVHF,2026-05-29,3.0,3.3,2026-05-03
USR-94236,Instant Foods (SED),General A,HVHF,2026-05-30,2.242424242424242,3.2,2026-05-03
USR-36723,Cross Line Events (EDelhi),Paan B,HVHF,2026-04-21,3.9130434782608696,3.8,2026-05-03
USR-36715,Instant Foods(Noida),Paan A,HVHF,2026-05-30,2.769230769230769,3.9,2026-05-03
USR-3531,Instant Foods (GZB),Paan B,HVLF,2026-02-09,4.0,3.3,2026-05-03
USR-3505,Cross Line Events (Ghaziabad),Paan B,HVLF,2026-04-01,3.230769230769231,3.7,2026-05-03
USR-450,Instant Foods(Noida),Paan B,HVHF,2026-05-27,3.4285714285714284,3.5,2026-05-03
USR-3474,Cross Line Events (Ghaziabad),General C,HVHF,2026-05-27,3.942857142857143,3.8,2026-05-03
USR-1039,Crossline Events (Noida),Paan B,HVHF,2026-05-27,3.5625,3.4,2026-05-03
USR-732,Instant Foods(Noida),Paan B,HVHF,2026-05-30,1.7710843373493976,3.3,2026-05-03
USR-135059,Cross Line Events (Ghaziabad),General C,HVHF,2026-05-30,2.6607142857142856,3.6,2026-05-03
USR-3436,Instant Foods (GZB),General B,HVHF,2026-03-24,3.076923076923077,3.0,2026-05-03
USR-118693,Crossline Events (Meerut),General C,HVHF,2026-04-11,2.5641025641025643,3.6,2026-05-03
USR-135007,Crossline Events (Meerut),General A,HVHF,2026-05-29,2.96,3.3,2026-05-03
USR-7315,Instant Foods (GZB),General A,HVHF,2026-03-23,3.5789473684210527,3.6,2026-05-03
USR-134839,Crossline Events (Meerut),General C,HVHF,2026-05-27,3.2,3.0,2026-05-03
USR-3377,Instant Foods (GZB),General B,HVHF,2026-05-29,2.672727272727273,3.0,2026-05-03
USR-126131,Crossline Events (Meerut),General B,HVHF,2026-05-30,2.5344827586206895,3.5,2026-05-03
USR-135052,Crossline Events (Meerut),General C,HVHF,2026-05-30,2.690909090909091,3.6,2026-05-03
USR-6244,Cross Line Events (Ghaziabad),Paan B,HVHF,2026-05-13,2.951219512195122,3.0,2026-05-03
USR-10403,Instant Foods (GZB),General C,HVHF,2026-05-30,2.9583333333333335,3.7,2026-05-03
USR-6277,Cross Line Events (Ghaziabad),Paan B,HVHF,2026-04-01,2.6923076923076925,3.0,2026-05-03
USR-95108,Cross Line Events (EDelhi),Paan B,HVLF,2026-02-16,4.333333333333333,3.8,2026-05-03
USR-175093,Instant Foods (Mathura),General B,HVLF,2026-04-10,4.5,4.5,2026-05-04
USR-121995,Crossline Events (Meerut),Paan B,HVHF,2026-05-30,3.3863636363636362,4.8,2026-05-04
USR-161875,Rapid Enterprises,Chemist C,HVLF,2026-05-09,3.6,4.1,2026-05-04
USR-173574,Instant Foods (Mathura),General A,HVHF,2026-05-28,4.208333333333333,4.6,2026-05-04
USR-174363,Instant Foods (Mathura),General B,HVHF,2026-05-30,3.142857142857143,4.2,2026-05-04
USR-76,Instant Foods(Noida),Paan B,HVHF,2026-05-30,3.1041666666666665,4.1,2026-05-04
USR-8430,Instant Foods(Noida),General B,HVHF,2026-05-27,5.035714285714286,4.9,2026-05-04
USR-176021,Instant Foods(Noida),General C,HVHF,2026-05-28,3.8095238095238093,4.0,2026-05-04
USR-175510,Instant Foods (GZB),Paan A,HVHF,2026-05-30,2.7837837837837838,4.3,2026-05-04
USR-76287,Instant Foods (SED),Paan B,HVLF,2026-02-03,5.0,4.7,2026-05-04
USR-161579,Instant Foods (GZB),Paan C,HVHF,2026-05-28,3.942857142857143,4.1,2026-05-04
USR-176445,Maa Sharda(LKO),General A,HVLF,2026-05-31,4.6,4.8,2026-05-04
USR-173524,Instant Foods (Mathura),General A,HVHF,2026-05-29,4.0,4.6,2026-05-04
USR-161557,Crossline Events (Meerut),Paan B,HVHF,2026-05-26,5.333333333333333,4.1,2026-05-04
USR-173437,Instant Foods (Mathura),General A,HVHF,2026-05-30,3.35,4.2,2026-05-04
USR-161061,Instant Foods (GZB),Paan C,HVHF,2026-05-15,3.4358974358974357,4.2,2026-05-04
USR-76031,NB Enterprises (West Delhi),Paan B,LVLF,2026-05-01,4.0,4.7,2026-05-04
USR-8437,Instant Foods(Noida),General B,HVHF,2026-05-26,4.8,4.7,2026-05-04
USR-175560,Rapid Enterprises,General B,HVLF,2026-03-26,11.0,4.1,2026-05-04
USR-174352,Instant Foods (Mathura),General A,HVLF,2026-05-28,4.916666666666667,4.9,2026-05-04
USR-176469,Maa Sharda(LKO),General A,HVLF,2026-05-16,4.0,4.6,2026-05-04
USR-119545,Crossline Events (Meerut),Paan B,HVLF,2026-03-07,5.5,4.8,2026-05-04
USR-161491,Cross Line Events (EDelhi),General A,HVLF,2026-05-29,4.75,4.3,2026-05-04
USR-161883,NB Enterprises (West Delhi),Paan B,HVLF,2026-05-22,3.9,4.2,2026-05-04
USR-161049,Instant Foods (SED),General B,HVHF,2026-05-29,3.6097560975609757,4.5,2026-05-04
USR-161038,Instant Foods(Noida),Paan A,HVHF,2026-04-16,4.277777777777778,4.5,2026-05-04
USR-173062,Instant Foods (Mathura),General B,HVHF,2026-05-27,4.357142857142857,4.2,2026-05-04
USR-173074,Instant Foods (Mathura),General B,HVHF,2026-05-30,3.6923076923076925,4.8,2026-05-04
USR-161558,Crossline Events (Meerut),Paan B,HVLF,2026-02-20,4.166666666666667,4.5,2026-05-04
USR-8548,Cross Line Events (EDelhi),Paan B,HVHF,2026-05-29,3.763157894736842,4.7,2026-05-04
USR-175950,Instant Foods(Noida),General A,HVLF,2026-04-28,14.333333333333334,4.8,2026-05-04
USR-161565,Instant Foods (SED),General A,HVHF,2026-05-30,3.1956521739130435,4.0,2026-05-04
USR-114518,NB Enterprises (West Delhi),General B,HVLF,2026-05-06,4.0,4.1,2026-05-04
USR-113889,NB Enterprises (West Delhi),General B,HVHF,2026-05-27,4.67741935483871,4.6,2026-05-04
USR-173268,Instant Foods (Mathura),General B,HVHF,2026-05-29,3.75,4.3,2026-05-04
USR-12202,Cross Line Events (Ghaziabad),General C,HVHF,2026-05-28,3.9722222222222223,4.0,2026-05-04
USR-173286,Instant Foods (Mathura),Paan A,HVLF,2026-05-28,4.454545454545454,4.6,2026-05-04
USR-175446,Instant Foods (SED),Paan C,HVLF,2026-04-16,4.615384615384615,4.7,2026-05-04
USR-161451,Instant Foods (GZB),Paan A,HVHF,2026-05-31,2.1594202898550723,4.3,2026-05-04
USR-175399,Cross Line Events (EDelhi),Paan A,HVLF,2026-04-28,4.0,4.0,2026-05-04
USR-113929,NB Enterprises (West Delhi),General B,HVHF,2026-05-30,3.2666666666666666,4.2,2026-05-04
USR-173326,Instant Foods (Mathura),General B,HVLF,2026-04-07,4.0,4.5,2026-05-04
USR-175974,Crossline Events (Noida),Paan B,HVHF,2026-05-29,3.6956521739130435,4.1,2026-05-04
USR-161475,Cross Line Events (Ghaziabad),Paan A,HVLF,2026-05-28,17.375,4.4,2026-05-04
USR-175245,Crossline Events (Meerut),General C,HVHF,2026-05-21,4.478260869565218,4.9,2026-05-04
USR-815,Instant Foods(Noida),Paan B,HVHF,2026-05-27,4.833333333333333,4.7,2026-05-04
USR-11646,Cross Line Events (Ghaziabad),Paan B,HVHF,2026-05-29,3.972972972972973,4.9,2026-05-04
USR-176,Instant Foods(Noida),Paan B,HVHF,2026-04-20,4.888888888888889,4.8,2026-05-04
USR-175507,Instant Foods (Mathura),Wholesaler,HVLF,2026-04-20,3.8125,4.0,2026-05-04
USR-161415,Instant Foods(Noida),Paan C,HVHF,2026-04-15,3.9615384615384617,4.3,2026-05-04
USR-175100,Instant Foods (Mathura),General B,HVHF,2026-05-29,3.607142857142857,4.4,2026-05-04
USR-84003,Instant Foods (SED),Paan B,HVHF,2026-05-29,3.6097560975609757,4.6,2026-05-04
USR-176438,Cross Line Events (Ghaziabad),Paan B,HVHF,2026-05-30,3.176470588235294,4.1,2026-05-04
USR-175942,Instant Foods (SED),Paan B,HVHF,2026-05-29,4.090909090909091,4.5,2026-05-04
USR-161143,Instant Foods (GZB),Paan B,HVLF,2026-03-30,4.5625,4.4,2026-05-04
USR-161518,Instant Foods(Noida),Paan C,HVLF,2026-02-28,5.0,4.9,2026-05-04
USR-173793,Instant Foods (Mathura),General A,HVLF,2026-05-14,3.75,4.2,2026-05-04
USR-173804,Instant Foods (Mathura),General A,HVHF,2026-05-31,3.242424242424242,4.4,2026-05-04
USR-118008,Crossline Events (Meerut),General C,HVHF,2026-05-30,2.5,4.1,2026-05-04
USR-176320,Maa Sharda(LKO),Paan A,HVLF,2026-05-27,4.5,4.1,2026-05-04
USR-161719,Rapid Enterprises,Paan A,HVHF,2026-05-30,2.9215686274509802,4.6,2026-05-04
USR-173894,Instant Foods (Mathura),General A,HVHF,2026-05-23,3.5,4.0,2026-05-04
USR-173896,Instant Foods (Mathura),Paan A,HVHF,2026-05-22,3.3333333333333335,4.0,2026-05-04
USR-11851,Instant Foods (GZB),Paan B,HVHF,2026-05-28,4.2,4.4,2026-05-04
USR-114730,NB Enterprises (West Delhi),General A,HVHF,2026-05-20,4.758620689655173,4.8,2026-05-04
USR-6968,Instant Foods (GZB),Paan A,HVHF,2026-05-20,4.03030303030303,4.1,2026-05-04
USR-173770,Instant Foods (Mathura),General B,HVLF,2026-04-13,5.0,4.6,2026-05-04
USR-718,Crossline Events (Noida),Paan B,HVHF,2026-05-29,3.769230769230769,4.6,2026-05-04
USR-7500,Cross Line Events (Ghaziabad),General C,HVHF,2026-05-30,2.3870967741935485,4.1,2026-05-04
USR-161634,Instant Foods(Noida),Paan B,HVHF,2026-05-30,2.740740740740741,4.3,2026-05-04
USR-176149,Instant Foods (GZB),General C,HVLF,2026-05-29,4.375,4.4,2026-05-04
USR-80349,Instant Foods (SED),Paan B,HVLF,2026-05-25,6.0,4.6,2026-05-04
USR-174030,Instant Foods (Mathura),General A,HVHF,2026-05-30,3.0606060606060606,4.0,2026-05-04
USR-173980,Instant Foods (Mathura),General A,HVHF,2026-05-26,4.571428571428571,4.3,2026-05-04
USR-161531,Instant Foods (GZB),Paan B,HVHF,2026-05-27,4.5,4.7,2026-05-04
USR-174029,Instant Foods (Mathura),General B,HVLF,2026-05-12,4.0,4.3,2026-05-04
USR-80987,NB Enterprises (West Delhi),Paan B,HVHF,2026-04-10,4.75,4.9,2026-05-04
USR-161349,Instant Foods (SED),Paan C,HVHF,2026-05-07,3.6363636363636362,4.1,2026-05-04
USR-8254,Instant Foods(Noida),Paan B,HVHF,2026-05-26,4.117647058823529,4.1,2026-05-04
USR-82682,Instant Foods (SED),General C,HVHF,2026-05-31,3.5714285714285716,4.8,2026-05-04
USR-8239,Instant Foods(Noida),General B,HVHF,2026-05-26,4.363636363636363,4.2,2026-05-04
USR-161581,Instant Foods(Noida),Paan B,HVHF,2026-05-28,4.147058823529412,4.7,2026-05-04
USR-161618,Rapid Enterprises,Paan C,HVHF,2026-05-27,4.645161290322581,4.6,2026-05-04
USR-174244,Cross Line Events (Ghaziabad),General B,HVHF,2026-05-30,3.727272727272727,4.9,2026-05-04
USR-175915,Instant Foods (Mathura),General B,HVLF,2026-03-02,4.0,4.1,2026-05-04
USR-114530,NB Enterprises (West Delhi),General B,HVHF,2026-05-25,4.8,4.7,2026-05-04
USR-161584,Instant Foods(Noida),General C,HVLF,2026-05-29,46.666666666666664,4.2,2026-05-04
USR-176376,Maa Sharda(LKO),Paan C,HVLF,2026-05-30,3.5,4.3,2026-05-04
USR-161824,Rapid Enterprises,General B,HVHF,2026-04-28,4.64,4.9,2026-05-04
USR-81771,Instant Foods (SED),Paan B,HVHF,2026-05-27,4.294117647058823,4.2,2026-05-04
USR-175082,Rapid Enterprises,General B,HVHF,2026-05-27,4.291666666666667,4.4,2026-05-04
USR-7190,Instant Foods (GZB),General A,HVHF,2026-05-27,4.294117647058823,4.4,2026-05-04
USR-161792,Rapid Enterprises,Chemist C,HVHF,2026-05-30,3.441860465116279,4.2,2026-05-04
USR-81470,NB Enterprises (West Delhi),Paan B,HVHF,2026-05-26,4.833333333333333,4.9,2026-05-04
USR-8356,Instant Foods(Noida),Paan B,HVHF,2026-05-19,4.451612903225806,4.5,2026-05-04
USR-8335,Instant Foods(Noida),Paan B,LVLF,2026-03-25,4.933333333333334,4.3,2026-05-04
USR-161238,Cross Line Events (Ghaziabad),Paan B,HVLF,2026-02-12,10.25,4.5,2026-05-04
USR-161765,Instant Foods (SED),Paan A,HVHF,2026-05-28,4.7,4.8,2026-05-04
USR-173685,Instant Foods (Mathura),General B,HVHF,2026-05-30,3.6551724137931036,4.6,2026-05-04
USR-161379,Cross Line Events (EDelhi),Paan B,HVHF,2026-05-30,2.627450980392157,4.2,2026-05-04
USR-174261,Instant Foods (Mathura),General A,HVLF,2026-05-30,3.0,4.0,2026-05-04
USR-174660,Instant Foods (Mathura),General B,HVHF,2026-05-23,3.764705882352941,4.3,2026-05-04
USR-175923,Instant Foods (Mathura),General B,HVLF,2026-03-02,4.0,4.1,2026-05-04
USR-6887,Cross Line Events (Ghaziabad),Paan B,HVHF,2026-05-28,4.387096774193548,4.5,2026-05-04
USR-7367,Instant Foods (GZB),General A,HVHF,2026-05-25,4.6,4.6,2026-05-04
USR-81938,Instant Foods (SED),Paan B,HVHF,2026-05-30,3.5476190476190474,4.9,2026-05-04
USR-175718,Cross Line Events (EDelhi),Paan A,HVHF,2026-05-30,4.0,4.8,2026-05-04
USR-161323,Instant Foods (GZB),Paan B,HVHF,2026-05-30,3.5238095238095237,4.9,2026-05-04
USR-176351,Maa Sharda(LKO),Paan A,HVLF,2026-05-23,4.0,4.6,2026-05-04
USR-114773,Instant Foods(Noida),General A,HVHF,2026-05-30,2.3207547169811322,4.0,2026-05-04
USR-161599,Instant Foods (GZB),Paan C,HVHF,2026-05-30,3.4651162790697674,4.2,2026-05-04
USR-12147,Instant Foods (GZB),General A,HVHF,2026-05-18,4.0,4.2,2026-05-04
USR-171145,Instant Foods (Mathura),General A,HVHF,2026-05-30,3.6842105263157894,4.3,2026-05-04
USR-173044,Instant Foods (Mathura),General A,HVHF,2026-05-30,3.5384615384615383,4.3,2026-05-04
USR-105780,Instant Foods (SED),General A,HVHF,2026-05-21,4.666666666666667,4.9,2026-05-04
USR-168560,Rapid Enterprises,General B,HVHF,2026-05-15,3.8484848484848486,4.9,2026-05-04
USR-94115,Instant Foods (SED),General A,HVHF,2026-05-26,4.814814814814815,4.8,2026-05-04
USR-105775,Instant Foods (SED),General A,HVHF,2026-05-28,4.181818181818182,4.4,2026-05-04
USR-105761,Instant Foods (SED),General A,HVLF,2026-03-25,5.0,4.7,2026-05-04
USR-168375,Rapid Enterprises,General A,HVLF,2026-05-05,5.0,4.4,2026-05-04
USR-168354,Crossline Events (Noida),General A,HVHF,2026-05-29,3.8421052631578947,4.9,2026-05-04
USR-168314,Instant Foods (SED),Paan B,HVHF,2026-04-04,3.7142857142857144,4.2,2026-05-04
USR-105698,Instant Foods (SED),General A,HVHF,2026-05-28,3.9444444444444446,4.0,2026-05-04
USR-94195,Instant Foods (SED),General A,HVHF,2026-05-26,4.8,4.8,2026-05-04
USR-105411,Crossline Events (Noida),General A,HVLF,2026-02-07,4.5,4.3,2026-05-04
USR-167965,Rapid Enterprises,General B,HVHF,2026-05-28,4.7,4.8,2026-05-04
USR-168625,Instant Foods(Noida),Paan B,HVHF,2026-04-30,3.051282051282051,4.3,2026-05-04
USR-167947,Rapid Enterprises,General B,HVHF,2026-05-29,3.7948717948717947,4.6,2026-05-04
USR-94386,Instant Foods (SED),General A,HVHF,2026-05-19,4.419354838709677,4.5,2026-05-04
USR-94514,Instant Foods (SED),General A,HVHF,2026-05-28,4.09375,4.3,2026-05-04
USR-94730,Instant Foods (SED),General A,HVHF,2026-05-30,3.2,4.2,2026-05-04
USR-163818,Cross Line Events (Ghaziabad),Paan A,HVHF,2026-05-27,4.862068965517241,4.8,2026-05-04
USR-163819,Cross Line Events (Ghaziabad),General B,HVHF,2026-05-28,4.5625,4.8,2026-05-04
USR-94773,Instant Foods (SED),General A,HVHF,2026-05-28,4.67741935483871,4.7,2026-05-04
USR-167491,Rapid Enterprises,Paan B,HVHF,2026-05-31,3.148936170212766,4.1,2026-05-04
USR-163846,Rapid Enterprises,General B,HVHF,2026-05-28,4.171428571428572,4.4,2026-05-04
USR-94852,Cross Line Events (EDelhi),Paan B,HVHF,2026-05-14,4.172413793103448,4.8,2026-05-04
USR-167464,Instant Foods (GZB),Paan A,HVHF,2026-05-29,3.769230769230769,4.7,2026-05-04
USR-10443,Cross Line Events (Ghaziabad),General B,HVHF,2026-05-29,3.8947368421052633,4.8,2026-05-04
USR-104426,Instant Foods (SED),General A,HVLF,2026-01-07,5.0,4.5,2026-05-04
USR-167908,Rapid Enterprises,General C,HVHF,2026-05-26,4.642857142857143,4.6,2026-05-04
USR-168635,Rapid Enterprises,General A,HVHF,2026-04-27,4.2592592592592595,4.4,2026-05-04
USR-94067,Instant Foods (SED),General A,HVHF,2026-05-29,3.769230769230769,4.8,2026-05-04
USR-168842,Rapid Enterprises,General A,HVLF,2026-04-20,11.333333333333334,4.6,2026-05-04
USR-163133,Rapid Enterprises,General B,HVHF,2026-05-30,3.4651162790697674,4.1,2026-05-04
USR-163146,Rapid Enterprises,General B,HVLF,2026-02-13,4.0,4.1,2026-05-04
USR-108789,NB Enterprises (West Delhi),Paan A,HVLF,2026-01-22,4.5,4.8,2026-05-04
USR-169400,Instant Foods (SED),Paan B,HVLF,2026-05-28,4.0,4.3,2026-05-04
USR-169399,Rapid Enterprises,General C,HVLF,2026-02-28,5.0,4.8,2026-05-04
USR-163208,Rapid Enterprises,General C,HVHF,2026-05-29,4.086956521739131,4.8,2026-05-04
USR-169358,Instant Foods (GZB),Paan B,HVHF,2026-05-31,3.1956521739130435,4.1,2026-05-04
USR-169284,Rapid Enterprises,General B,HVLF,2026-04-28,14.857142857142858,4.1,2026-05-04
USR-169262,Cross Line Events (Ghaziabad),General A,HVLF,2026-02-28,3.5,4.0,2026-05-04
USR-93238,Cross Line Events (EDelhi),General C,HVHF,2026-05-25,5.346153846153846,4.9,2026-05-04
USR-163264,Rapid Enterprises,General C,HVHF,2026-05-28,4.294117647058823,4.4,2026-05-04
USR-169026,Cross Line Events (Ghaziabad),General B,HVHF,2026-05-26,4.117647058823529,4.2,2026-05-04
USR-106865,Instant Foods(Noida),Paan B,HVLF,2026-05-29,4.5,4.3,2026-05-04
USR-9340,Instant Foods (GZB),General B,HVHF,2026-05-29,6.083333333333333,4.7,2026-05-04
USR-169011,Crossline Events (Meerut),General C,HVHF,2026-05-19,4.310344827586207,4.2,2026-05-04
USR-163348,Rapid Enterprises,General C,HVHF,2026-05-26,4.67741935483871,4.5,2026-05-04
USR-106679,Instant Foods (SED),Paan B,HVHF,2026-05-27,4.53125,4.7,2026-05-04
USR-93400,Instant Foods (SED),General A,HVHF,2026-05-26,4.766666666666667,4.7,2026-05-04
USR-106624,Instant Foods (GZB),General B,HVHF,2026-05-28,3.8684210526315788,4.0,2026-05-04
USR-106601,Cross Line Events (Ghaziabad),Paan B,HVHF,2026-05-27,4.733333333333333,4.7,2026-05-04
USR-106321,Instant Foods(Noida),General A,HVLF,2026-03-19,4.166666666666667,4.2,2026-05-04
USR-168927,Rapid Enterprises,General A,HVHF,2026-05-05,4.275862068965517,4.5,2026-05-04
USR-163396,Instant Foods(Noida),Paan B,HVHF,2026-04-10,3.8076923076923075,4.2,2026-05-04
USR-163397,Rapid Enterprises,General B,HVHF,2026-05-30,3.148936170212766,4.1,2026-05-04
USR-168867,Rapid Enterprises,General A,HVHF,2026-05-27,4.424242424242424,4.3,2026-05-04
USR-93724,Instant Foods (SED),General A,HVHF,2026-05-26,4.3,4.2,2026-05-04
USR-93918,Cross Line Events (EDelhi),Paan B,HVHF,2026-03-31,4.190476190476191,4.1,2026-05-04
USR-167316,Rapid Enterprises,General B,HVHF,2026-05-31,3.1956521739130435,4.1,2026-05-04
USR-95152,Instant Foods (SED),General A,HVHF,2026-05-30,3.0408163265306123,4.6,2026-05-04
USR-167251,Instant Foods (GZB),Paan C,HVLF,2026-05-31,4.0,4.5,2026-05-04
USR-95174,Instant Foods (SED),General A,HVHF,2026-05-23,3.58974358974359,4.5,2026-05-04
USR-164428,Rapid Enterprises,General B,HVLF,2026-04-22,46.0,4.5,2026-05-04
USR-9671,Cross Line Events (Ghaziabad),Paan B,HVHF,2026-05-30,2.3015873015873014,4.1,2026-05-04
USR-9718,Cross Line Events (Ghaziabad),General A,HVLF,2026-02-09,5.666666666666667,4.9,2026-05-04
USR-97207,Instant Foods (SED),General A,HVLF,2026-03-30,4.9375,4.5,2026-05-04
USR-166374,Rapid Enterprises,Paan B,HVHF,2026-05-30,3.1555555555555554,4.0,2026-05-04
USR-166340,Rapid Enterprises,General B,HVHF,2026-05-30,3.239130434782609,4.2,2026-05-04
USR-166270,Rapid Enterprises,Paan B,HVHF,2026-05-30,3.5476190476190474,4.3,2026-05-04
USR-166186,Cross Line Events (Ghaziabad),Paan B,HVLF,2026-05-28,3.7777777777777777,4.0,2026-05-04
USR-16612,Crossline Events (Noida),Paan A,HVHF,2026-05-30,3.1041666666666665,4.1,2026-05-04
USR-166114,Rapid Enterprises,General B,HVHF,2026-05-26,4.7,4.6,2026-05-04
USR-166084,Rapid Enterprises,Paan C,HVHF,2026-05-30,3.1702127659574466,4.7,2026-05-04
USR-165997,Rapid Enterprises,General A,HVHF,2026-05-25,5.111111111111111,4.9,2026-05-04
USR-165936,Instant Foods(Noida),Paan C,HVLF,2026-03-28,3.909090909090909,4.9,2026-05-04
USR-165870,Rapid Enterprises,Paan B,HVLF,2026-05-09,4.0,4.8,2026-05-04
USR-165861,Rapid Enterprises,General B,HVHF,2026-05-20,4.258064516129032,4.2,2026-05-04
USR-100694,Instant Foods (SED),General A,HVLF,2026-05-29,16.428571428571427,4.4,2026-05-04
USR-165632,Rapid Enterprises,General C,HVHF,2026-05-28,4.25,4.3,2026-05-04
USR-100568,Instant Foods (SED),General A,HVHF,2026-05-29,3.8684210526315788,4.8,2026-05-04
USR-99086,Instant Foods (SED),General A,HVHF,2026-05-27,4.266666666666667,4.3,2026-05-04
USR-99247,Instant Foods (SED),General A,HVHF,2026-05-27,4.235294117647059,4.1,2026-05-04
USR-165571,Instant Foods(Noida),Paan C,HVLF,2026-01-31,2.6363636363636362,4.1,2026-05-04
USR-164890,Rapid Enterprises,General C,HVHF,2026-05-25,4.15625,4.1,2026-05-04
USR-165529,Rapid Enterprises,Paan A,HVHF,2026-05-28,4.375,4.6,2026-05-04
USR-100185,Instant Foods(Noida),Paan B,HVHF,2026-04-22,3.7,4.0,2026-05-04
USR-164999,Rapid Enterprises,General A,HVHF,2026-05-26,4.862068965517241,4.8,2026-05-04
USR-165102,Rapid Enterprises,General C,HVHF,2026-05-27,4.53125,4.5,2026-05-04
USR-165030,Rapid Enterprises,General A,HVHF,2026-05-30,3.1702127659574466,4.1,2026-05-04
USR-166583,Rapid Enterprises,General B,HVHF,2026-05-26,4.333333333333333,4.3,2026-05-04
USR-92832,Instant Foods (SED),General A,HVHF,2026-05-27,5.071428571428571,4.9,2026-05-04
USR-10188,Cross Line Events (Ghaziabad),General B,HVLF,2026-05-28,18.571428571428573,4.1,2026-05-04
USR-164343,Rapid Enterprises,Paan B,HVHF,2026-04-27,4.666666666666667,4.9,2026-05-04
USR-167208,Instant Foods(Noida),Paan B,HVHF,2026-05-20,4.0,4.3,2026-05-04
USR-95175,Instant Foods (SED),General A,HVHF,2026-05-30,2.4262295081967213,4.3,2026-05-04
USR-167190,Rapid Enterprises,Paan B,HVHF,2026-05-30,2.803921568627451,4.7,2026-05-04
USR-164011,Rapid Enterprises,Paan A,HVHF,2026-05-27,4.114285714285714,4.1,2026-05-04
USR-167108,Instant Foods (GZB),Paan B,HVHF,2026-05-29,3.5128205128205128,4.4,2026-05-04
USR-167089,Cross Line Events (EDelhi),General B,HVLF,2026-05-24,33.0,4.8,2026-05-04
USR-167054,Instant Foods(Noida),Paan B,HVLF,2026-03-12,5.0,4.3,2026-05-04
USR-167043,Rapid Enterprises,General B,HVHF,2026-05-28,4.611111111111111,4.7,2026-05-04
USR-95448,Instant Foods (SED),General A,HVLF,2026-05-11,4.0,4.5,2026-05-04
USR-95522,Instant Foods (SED),General A,HVHF,2026-05-28,4.142857142857143,4.3,2026-05-04
USR-166993,Rapid Enterprises,General B,HVHF,2026-05-30,4.294117647058823,4.9,2026-05-04
USR-10301,Instant Foods(Noida),General B,HVHF,2026-05-30,2.4833333333333334,4.0,2026-05-04
USR-95630,Instant Foods (SED),General A,HVLF,2026-01-17,4.5,4.9,2026-05-04
USR-166950,Rapid Enterprises,General B,HVHF,2026-05-20,4.34375,4.4,2026-05-04
USR-1029,Crossline Events (Noida),Paan B,HVHF,2026-05-30,3.1041666666666665,4.0,2026-05-04
USR-95786,Instant Foods (SED),General A,HVHF,2026-03-27,4.05,4.2,2026-05-04
USR-95927,Instant Foods (SED),General A,HVHF,2026-05-29,3.5238095238095237,4.0,2026-05-04
USR-102676,Instant Foods (SED),General A,HVHF,2026-05-30,3.5121951219512195,4.3,2026-05-04
USR-166912,Rapid Enterprises,General A,HVHF,2026-05-28,4.294117647058823,4.4,2026-05-04
USR-164238,NB Enterprises (West Delhi),Paan B,HVHF,2026-05-23,3.4390243902439024,4.4,2026-05-04
USR-166894,Rapid Enterprises,General B,HVHF,2026-05-26,4.2727272727272725,4.3,2026-05-04
USR-1025,Crossline Events (Noida),Paan B,HVHF,2026-05-30,2.740740740740741,4.3,2026-05-04
USR-96111,Instant Foods (SED),General A,HVHF,2026-05-30,3.311111111111111,4.2,2026-05-04
USR-96402,Instant Foods(Noida),General A,HVLF,2026-03-25,4.611111111111111,4.7,2026-05-04
USR-166690,Instant Foods(Noida),Paan A,HVHF,2026-05-30,2.403225806451613,4.6,2026-05-04
USR-166689,Rapid Enterprises,General B,HVHF,2026-05-23,3.7222222222222223,4.6,2026-05-04
USR-166688,Rapid Enterprises,General B,HVHF,2026-05-30,3.2666666666666666,4.1,2026-05-04
USR-166630,Rapid Enterprises,General B,HVHF,2026-05-21,4.3125,4.4,2026-05-04
USR-169435,Instant Foods (SED),Paan B,HVHF,2026-05-29,3.8947368421052633,4.8,2026-05-04
USR-163122,Rapid Enterprises,General B,HVHF,2026-05-23,3.5454545454545454,4.1,2026-05-04
USR-92752,Cross Line Events (EDelhi),Paan A,HVHF,2026-05-29,3.6944444444444446,4.9,2026-05-04
USR-89481,Instant Foods (SED),Paan B,HVHF,2026-05-30,2.7547169811320753,4.4,2026-05-04
USR-172176,Instant Foods (Mathura),Paan A,HVHF,2026-05-30,4.333333333333333,4.9,2026-05-04
USR-172174,Instant Foods (Mathura),General B,HVLF,2026-05-27,5.090909090909091,4.9,2026-05-04
USR-89813,Instant Foods (SED),Paan B,HVHF,2026-05-28,4.176470588235294,4.4,2026-05-04
USR-89945,Instant Foods (SED),Paan B,HVHF,2026-05-01,3.4285714285714284,4.2,2026-05-04
USR-90155,Instant Foods (SED),Paan B,HVHF,2026-05-30,3.1956521739130435,4.1,2026-05-04
USR-90211,NB Enterprises (West Delhi),Paan B,HVHF,2026-05-30,4.0,4.7,2026-05-04
USR-9023,Cross Line Events (EDelhi),General B,HVHF,2026-05-27,5.916666666666667,4.5,2026-05-04
USR-172056,Instant Foods (Mathura),General C,HVLF,2026-03-23,5.0,4.5,2026-05-04
USR-172044,Rapid Enterprises,General C,HVLF,2026-05-30,4.0,4.7,2026-05-04
USR-172034,Instant Foods(Noida),Paan B,HVHF,2026-05-27,4.0,4.5,2026-05-04
USR-171956,Instant Foods (Mathura),General B,HVHF,2026-05-30,8.235294117647058,4.7,2026-05-04
USR-162261,Rapid Enterprises,General B,HVHF,2026-05-11,4.555555555555555,4.9,2026-05-04
USR-91040,Instant Foods (SED),General A,HVHF,2026-05-27,4.264705882352941,4.4,2026-05-04
USR-171837,Instant Foods (Mathura),General B,HVHF,2026-05-27,4.238095238095238,4.4,2026-05-04
USR-162280,Rapid Enterprises,General B,HVHF,2026-05-26,5.5,4.0,2026-05-04
USR-91055,Instant Foods (SED),General A,HVHF,2026-05-30,2.843137254901961,4.4,2026-05-04
USR-111299,NB Enterprises (West Delhi),General A,HVLF,2026-05-25,4.454545454545454,4.3,2026-05-04
USR-171717,Instant Foods (Mathura),General A,HVLF,2026-05-18,15.4,4.8,2026-05-04
USR-171700,NB Enterprises (West Delhi),Paan B,HVLF,2026-01-29,3.4285714285714284,4.4,2026-05-04
USR-171681,Instant Foods (Mathura),General B,HVHF,2026-05-28,3.92,4.0,2026-05-04
USR-171678,Instant Foods (Mathura),General B,HVLF,2026-05-30,15.0,4.3,2026-05-04
USR-111223,NB Enterprises (West Delhi),General A,HVHF,2026-05-26,4.8,4.9,2026-05-04
USR-171595,Instant Foods (Mathura),General A,HVHF,2026-05-27,3.9615384615384617,4.0,2026-05-04
USR-171582,Instant Foods (Mathura),Paan A,HVHF,2026-05-29,3.6666666666666665,4.2,2026-05-04
USR-91180,Instant Foods (SED),General A,HVHF,2026-05-30,3.441860465116279,4.2,2026-05-04
USR-171563,Instant Foods(Noida),Paan C,HVHF,2026-05-30,3.0625,4.8,2026-05-04
USR-162168,Instant Foods(Noida),Paan B,HVLF,2026-03-11,4.428571428571429,4.2,2026-05-04
USR-91203,Instant Foods (SED),General A,HVHF,2026-04-13,4.454545454545454,4.6,2026-05-04
USR-89109,Instant Foods (SED),Paan B,HVHF,2026-04-24,4.035714285714286,4.6,2026-05-04
USR-88971,NB Enterprises (West Delhi),Paan B,HVHF,2026-05-28,4.323529411764706,4.5,2026-05-04
USR-173019,Instant Foods (Mathura),General B,HVHF,2026-05-30,4.333333333333333,4.8,2026-05-04
USR-161948,Rapid Enterprises,Chemist A,HVHF,2026-05-19,4.225806451612903,4.3,2026-05-04
USR-172996,Instant Foods (Mathura),General B,HVHF,2026-05-29,3.925925925925926,4.6,2026-05-04
USR-172988,Instant Foods (Mathura),General B,HVLF,2026-05-18,5.0,4.9,2026-05-04
USR-8567,Cross Line Events (Ghaziabad),Paan A,HVHF,2026-05-30,2.709090909090909,4.3,2026-05-04
USR-86341,Instant Foods (SED),Paan B,HVHF,2026-05-30,3.4878048780487805,4.2,2026-05-04
USR-17296,Instant Foods (GZB),Paan B,HVHF,2026-05-31,3.2857142857142856,4.2,2026-05-04
USR-172910,Instant Foods (Mathura),General B,HVLF,2026-05-27,4.2,4.5,2026-05-04
USR-162006,Rapid Enterprises,Chemist B,HVHF,2026-05-31,3.106382978723404,4.1,2026-05-04
USR-113137,NB Enterprises (West Delhi),Paan B,HVHF,2026-05-23,3.6538461538461537,4.2,2026-05-04
USR-86547,NB Enterprises (West Delhi),Paan B,HVHF,2026-04-10,4.666666666666667,4.8,2026-05-04
USR-162054,Instant Foods (GZB),Paan C,HVHF,2026-05-25,1.6941176470588235,4.8,2026-05-04
USR-162058,Rapid Enterprises,General C,HVHF,2026-05-26,5.76,4.6,2026-05-04
USR-172722,Instant Foods (Mathura),General B,HVLF,2026-03-06,5.5,4.6,2026-05-04
USR-172705,Cross Line Events (Ghaziabad),Paan C,HVHF,2026-04-07,4.882352941176471,4.8,2026-05-04
USR-172662,Instant Foods (Mathura),General A,HVHF,2026-05-30,3.35,4.3,2026-05-04
USR-162086,Rapid Enterprises,Paan A,HVLF,2026-01-29,3.2857142857142856,4.4,2026-05-04
USR-172535,Instant Foods (Mathura),General A,HVHF,2026-05-30,3.652173913043478,4.3,2026-05-04
USR-172504,Instant Foods (Mathura),General A,HVHF,2026-05-29,4.0,4.8,2026-05-04
USR-172420,Instant Foods (Mathura),General A,HVLF,2026-05-26,4.0,4.2,2026-05-04
USR-112294,NB Enterprises (West Delhi),General B,HVHF,2026-05-29,3.789473684210526,4.6,2026-05-04
USR-172285,Instant Foods (Mathura),General B,HVHF,2026-05-25,4.545454545454546,4.7,2026-05-04
USR-112287,NB Enterprises (West Delhi),General B,HVHF,2026-05-19,4.193548387096774,4.3,2026-05-04
USR-172270,Crossline Events (Meerut),General C,HVLF,2026-02-18,5.0,4.8,2026-05-04
USR-8878,Instant Foods(Noida),Paan B,HVHF,2026-05-30,9.866666666666667,4.3,2026-05-04
USR-8887,Instant Foods(Noida),General B,HVLF,2026-02-16,4.0,4.1,2026-05-04
USR-172218,Instant Foods (Mathura),General A,HVHF,2026-05-30,3.7857142857142856,4.7,2026-05-04
USR-89049,Instant Foods (SED),Paan B,LVLF,2026-03-21,4.0,4.0,2026-05-04
USR-173047,Instant Foods (Mathura),General B,HVHF,2026-05-28,3.92,4.2,2026-05-04
USR-111039,NB Enterprises (West Delhi),General A,HVHF,2026-04-14,4.08,4.4,2026-05-04
USR-162392,Rapid Enterprises,Paan C,HVHF,2026-05-23,3.186046511627907,4.2,2026-05-04
USR-170606,Instant Foods (Mathura),General C,HVHF,2026-05-21,4.260869565217392,4.5,2026-05-04
USR-109994,NB Enterprises (West Delhi),Paan B,HVLF,2026-03-06,5.0,4.5,2026-05-04
USR-162705,Cross Line Events (Ghaziabad),Paan A,HVHF,2026-05-29,3.8684210526315788,4.8,2026-05-04
USR-91731,Instant Foods (SED),General A,HVHF,2026-05-29,3.5121951219512195,4.0,2026-05-04
USR-162721,Rapid Enterprises,General C,HVHF,2026-05-28,4.171428571428572,4.4,2026-05-04
USR-170311,Cross Line Events (Ghaziabad),Paan A,HVHF,2026-05-09,2.32,4.4,2026-05-04
USR-9205,Instant Foods (GZB),General B,HVLF,2026-02-23,4.4,4.6,2026-05-04
USR-92069,Instant Foods (SED),General A,HVLF,2026-05-08,3.8333333333333335,4.2,2026-05-04
USR-109654,NB Enterprises (West Delhi),Paan B,HVHF,2026-05-20,4.724137931034483,4.7,2026-05-04
USR-92109,Instant Foods (SED),General A,HVHF,2026-05-19,4.724137931034483,4.8,2026-05-04
USR-92131,Instant Foods (SED),General A,HVHF,2026-05-30,3.0833333333333335,4.0,2026-05-04
USR-92133,Instant Foods (SED),General A,HVHF,2026-05-30,2.4833333333333334,4.3,2026-05-04
USR-162871,Rapid Enterprises,General C,HVHF,2026-05-27,4.147058823529412,4.1,2026-05-04
USR-162902,Rapid Enterprises,General B,HVHF,2026-05-31,3.2888888888888888,4.0,2026-05-04
USR-92151,Instant Foods (SED),General A,HVHF,2026-05-25,4.766666666666667,4.7,2026-05-04
USR-162943,Rapid Enterprises,Paan C,HVHF,2026-05-26,4.5,4.3,2026-05-04
USR-169919,Cross Line Events (Ghaziabad),General B,HVHF,2026-05-27,4.7,4.7,2026-05-04
USR-109350,Crossline Events (Noida),General C,HVHF,2026-04-29,4.37037037037037,4.8,2026-05-04
USR-92291,Instant Foods (SED),General A,HVLF,2026-03-02,4.5,4.2,2026-05-04
USR-109165,NB Enterprises (West Delhi),General A,HVHF,2026-05-29,3.945945945945946,4.9,2026-05-04
USR-163048,Rapid Enterprises,Paan C,HVHF,2026-05-30,3.5,4.1,2026-05-04
USR-169700,Rapid Enterprises,General A,HVHF,2026-05-28,4.766666666666667,4.9,2026-05-04
USR-109085,NB Enterprises (West Delhi),General C,HVLF,2026-05-12,4.2,4.3,2026-05-04
USR-92419,Instant Foods (SED),General A,HVHF,2026-05-26,4.181818181818182,4.2,2026-05-04
USR-109078,NB Enterprises (West Delhi),Paan B,HVHF,2026-05-15,3.6944444444444446,4.7,2026-05-04
USR-169649,Instant Foods (GZB),Paan A,HVLF,2026-05-24,4.0,4.7,2026-05-04
USR-169508,Cross Line Events (Ghaziabad),General B,HVHF,2026-05-29,3.6666666666666665,4.8,2026-05-04
USR-170691,Instant Foods (Mathura),General B,HVLF,2026-03-24,4.75,4.4,2026-05-04
USR-162364,Rapid Enterprises,General A,HVHF,2026-05-30,3.4146341463414633,4.3,2026-05-04
USR-170711,Instant Foods (Mathura),Chemist A,HVLF,2026-03-03,4.0,4.1,2026-05-04
USR-170777,Instant Foods (Mathura),General B,HVHF,2026-05-30,3.8214285714285716,4.7,2026-05-04
USR-171438,Instant Foods (Mathura),General B,HVLF,2026-04-15,4.333333333333333,4.5,2026-05-04
USR-91267,Instant Foods (GZB),General B,HVHF,2026-05-30,3.1041666666666665,4.7,2026-05-04
USR-110924,Cross Line Events (EDelhi),Paan B,HVHF,2026-05-30,3.5,4.2,2026-05-04
USR-162433,Instant Foods (SED),Paan B,HVHF,2026-05-30,3.1702127659574466,4.2,2026-05-04
USR-110701,NB Enterprises (West Delhi),General A,LVLF,2026-05-11,4.0,4.4,2026-05-04
USR-110652,NB Enterprises (West Delhi),General A,HVLF,2026-04-28,21.6,4.8,2026-05-04
USR-171330,Rapid Enterprises,General B,HVLF,2026-02-12,4.714285714285714,4.6,2026-05-04
USR-110625,NB Enterprises (West Delhi),General A,HVLF,2026-03-17,5.357142857142857,4.3,2026-05-04
USR-171231,Instant Foods (Mathura),Chemist B,HVLF,2026-05-30,11.916666666666666,4.7,2026-05-04
USR-171224,Instant Foods (Mathura),General B,HVHF,2026-05-29,3.8260869565217392,4.5,2026-05-04
USR-171172,Instant Foods (SED),Paan B,HVHF,2026-05-11,4.7894736842105265,4.9,2026-05-04
USR-162525,Rapid Enterprises,General C,HVHF,2026-05-30,2.4285714285714284,4.1,2026-05-04
USR-171119,Instant Foods (Mathura),General B,HVLF,2026-05-27,12.727272727272727,4.3,2026-05-04
USR-162535,Instant Foods (SED),Paan B,HVHF,2026-05-20,4.962962962962963,4.9,2026-05-04
USR-162544,Rapid Enterprises,Paan A,HVHF,2026-05-29,3.5609756097560976,4.6,2026-05-04
USR-171000,Instant Foods (Mathura),General B,HVHF,2026-05-30,3.823529411764706,4.5,2026-05-04
USR-91481,Instant Foods (SED),General A,HVHF,2026-05-13,4.366666666666666,4.6,2026-05-04
USR-91509,Instant Foods (SED),General A,HVLF,2026-03-26,5.333333333333333,4.9,2026-05-04
USR-91547,Instant Foods (SED),General A,HVHF,2026-05-30,2.403225806451613,4.2,2026-05-04
USR-170875,Instant Foods (Mathura),General A,HVLF,2026-05-30,11.375,4.1,2026-05-04
USR-162615,Rapid Enterprises,Paan C,HVHF,2026-05-29,3.6666666666666665,4.6,2026-05-04
USR-170847,Instant Foods (Mathura),General B,HVHF,2026-05-28,3.7142857142857144,4.0,2026-05-04
USR-91583,Instant Foods (SED),General A,HVHF,2026-05-29,4.416666666666667,4.8,2026-05-04
USR-162624,Instant Foods(Noida),Paan C,HVHF,2026-05-12,3.7142857142857144,4.0,2026-05-04
USR-170837,Instant Foods (Mathura),General B,HVHF,2026-05-27,4.181818181818182,4.1,2026-05-04
USR-170832,Instant Foods (Mathura),General B,HVHF,2026-05-30,3.68,4.4,2026-05-04
USR-91612,Instant Foods (SED),General A,HVHF,2026-05-28,4.709677419354839,4.8,2026-05-04
USR-110095,NB Enterprises (West Delhi),General A,HVHF,2026-05-27,5.0,4.9,2026-05-04
USR-176539,Instant Foods(Noida),General A,HVLF,2026-05-27,4.363636363636363,4.6,2026-05-04
USR-149875,Instant Foods(Noida),Paan B,HVHF,2026-05-31,2.242424242424242,4.6,2026-05-04
USR-100,Crossline Events (Noida),Paan A,HVLF,2026-05-27,12.083333333333334,4.0,2026-05-04
USR-20033,Instant Foods(Noida),Paan B,HVHF,2026-05-27,4.027777777777778,4.0,2026-05-04
USR-159637,Instant Foods(Noida),General C,HVHF,2026-05-27,4.5,4.3,2026-05-04
USR-43273,Cross Line Events (EDelhi),General A,HVHF,2026-05-29,3.972972972972973,4.9,2026-05-04
USR-20030,Instant Foods(Noida),General C,HVHF,2026-05-25,4.181818181818182,4.0,2026-05-04
USR-20028,Instant Foods(Noida),Paan B,HVHF,2026-05-28,4.612903225806452,4.8,2026-05-04
USR-2001,Instant Foods(Noida),Paan B,HVHF,2026-05-30,2.180327868852459,4.0,2026-05-04
USR-19928,Instant Foods(Noida),Paan B,HVHF,2026-05-18,3.9375,4.1,2026-05-04
USR-153353,Instant Foods(Noida),Paan B,HVLF,2026-01-22,4.25,4.5,2026-05-04
USR-27111,Instant Foods(Noida),Paan B,HVHF,2026-05-30,3.217391304347826,4.2,2026-05-04
USR-19914,Instant Foods(Noida),General C,HVHF,2026-05-27,4.027777777777778,4.0,2026-05-04
USR-3599,Cross Line Events (Ghaziabad),General B,HVHF,2026-05-24,3.4878048780487805,4.5,2026-05-04
USR-1343,Instant Foods(Noida),General A,HVHF,2026-05-30,2.98,4.6,2026-05-04
USR-43640,Cross Line Events (EDelhi),General A,HVHF,2026-05-26,4.9655172413793105,4.9,2026-05-04
USR-19674,Instant Foods(Noida),General C,HVHF,2026-05-28,4.235294117647059,4.3,2026-05-04
USR-27285,Crossline Events (Noida),General C,HVHF,2026-05-11,3.903225806451613,4.0,2026-05-04
USR-153320,Crossline Events (Meerut),Paan B,HVHF,2026-05-28,4.833333333333333,4.9,2026-05-04
USR-3573,Instant Foods (GZB),Paan B,HVLF,2026-04-06,18.0,4.3,2026-05-04
USR-129670,Crossline Events (Meerut),General B,HVHF,2026-05-28,4.709677419354839,4.9,2026-05-04
USR-44352,Cross Line Events (EDelhi),General A,HVHF,2026-05-30,2.3278688524590163,4.7,2026-05-04
USR-159710,Instant Foods(Noida),General C,HVHF,2026-05-29,5.653846153846154,4.9,2026-05-04
USR-3570,Cross Line Events (Ghaziabad),Paan B,HVHF,2026-05-25,4.466666666666667,4.8,2026-05-04
USR-36643,Cross Line Events (Ghaziabad),Paan B,HVLF,2026-02-17,4.3,4.2,2026-05-04
USR-159713,Instant Foods(Noida),Paan B,HVHF,2026-05-31,3.488372093023256,4.8,2026-05-04
USR-159634,Instant Foods(Noida),General C,HVLF,2026-03-12,4.428571428571429,4.4,2026-05-04
USR-20060,Instant Foods(Noida),General C,HVHF,2026-05-30,3.2888888888888888,4.2,2026-05-04
USR-20580,Instant Foods(Noida),Chemist C,HVHF,2026-05-25,4.925925925925926,4.8,2026-05-04
USR-130403,Crossline Events (Meerut),General C,HVLF,2026-04-03,4.5,4.8,2026-05-04
USR-153474,Instant Foods (SED),General C,HVHF,2026-05-18,4.029411764705882,4.3,2026-05-04
USR-36833,Cross Line Events (Ghaziabad),Paan B,HVHF,2026-05-25,5.071428571428571,4.8,2026-05-04
USR-26623,Instant Foods(Noida),Paan B,HVHF,2026-05-30,5.25,4.6,2026-05-04
USR-20504,Instant Foods(Noida),General A,HVHF,2026-05-22,3.7027027027027026,4.6,2026-05-04
USR-153430,Instant Foods (GZB),Paan A,HVHF,2026-05-28,1.5698924731182795,4.4,2026-05-04
USR-42897,Cross Line Events (EDelhi),General A,HVLF,2026-02-13,4.3,4.4,2026-05-04
USR-20503,Instant Foods(Noida),General C,HVHF,2026-05-28,4.027777777777778,4.2,2026-05-04
USR-20500,Instant Foods(Noida),Paan B,HVHF,2026-05-27,3.8157894736842106,4.0,2026-05-04
USR-36734,Cross Line Events (EDelhi),General B,HVHF,2026-05-29,3.6097560975609757,4.6,2026-05-04
USR-42899,Crossline Events (Noida),Paan B,HVHF,2026-05-25,4.733333333333333,4.9,2026-05-04
USR-42964,Cross Line Events (EDelhi),General A,HVHF,2026-05-28,4.580645161290323,4.8,2026-05-04
USR-153400,Cross Line Events (Ghaziabad),General A,HVHF,2026-05-30,3.642857142857143,4.4,2026-05-04
USR-203,Crossline Events (Noida),General B,HVHF,2026-05-27,4.666666666666667,4.7,2026-05-04
USR-153398,NB Enterprises (West Delhi),General C,HVHF,2026-05-29,4.111111111111111,4.9,2026-05-04
USR-130292,Crossline Events (Meerut),General B,HVHF,2026-05-28,4.176470588235294,4.3,2026-05-04
USR-43029,Cross Line Events (EDelhi),General A,HVHF,2026-04-20,4.32,4.4,2026-05-04
USR-2016,Instant Foods(Noida),Paan B,HVHF,2026-05-30,3.441860465116279,4.3,2026-05-04
USR-2015,Instant Foods(Noida),Paan B,HVHF,2026-05-23,3.6486486486486487,4.6,2026-05-04
USR-20135,Crossline Events (Noida),General C,HVHF,2026-05-11,4.0,4.2,2026-05-04
USR-2006,Instant Foods(Noida),General B,HVHF,2026-05-19,4.181818181818182,4.4,2026-05-04
USR-153299,NB Enterprises (West Delhi),Paan B,HVHF,2026-05-26,4.67741935483871,4.6,2026-05-04
USR-3553,Instant Foods (GZB),General C,HVHF,2026-05-28,4.833333333333333,4.9,2026-05-04
USR-153262,Crossline Events (Meerut),General A,HVHF,2026-05-28,3.4523809523809526,4.1,2026-05-04
USR-45424,Cross Line Events (EDelhi),General A,HVHF,2026-05-19,4.620689655172414,4.8,2026-05-04
USR-153135,Crossline Events (Noida),Paan A,HVLF,2026-05-27,4.153846153846154,4.2,2026-05-04
USR-28071,Instant Foods(Noida),Paan B,HVLF,2026-02-28,5.0,4.9,2026-05-04
USR-45496,Instant Foods(Noida),Paan B,HVHF,2026-04-15,4.12,4.6,2026-05-04
USR-160097,Instant Foods(Noida),Paan C,HVHF,2026-05-25,5.0,4.8,2026-05-04
USR-160099,Instant Foods(Noida),Paan C,HVHF,2026-05-29,3.5,4.0,2026-05-04
USR-18809,Instant Foods(Noida),General B,HVLF,2026-05-18,4.555555555555555,4.5,2026-05-04
USR-18807,Instant Foods(Noida),General B,HVHF,2026-05-30,3.2222222222222223,4.2,2026-05-04
USR-18793,Instant Foods(Noida),General B,HVHF,2026-05-30,2.3870967741935485,4.2,2026-05-04
USR-33302,Cross Line Events (EDelhi),Paan B,HVHF,2026-05-31,2.6140350877192984,4.3,2026-05-04
USR-4559,Instant Foods (GZB),General A,HVHF,2026-05-30,3.272727272727273,4.2,2026-05-04
USR-128817,Crossline Events (Meerut),General B,HVHF,2026-05-29,3.8684210526315788,4.9,2026-05-04
USR-28117,Instant Foods(Noida),Paan B,HVHF,2026-05-30,2.3870967741935485,4.0,2026-05-04
USR-28132,Crossline Events (Noida),Paan B,HVLF,2026-03-17,4.5625,4.9,2026-05-04
USR-18711,Instant Foods(Noida),General B,HVHF,2026-05-27,4.5,4.4,2026-05-04
USR-33301,Cross Line Events (EDelhi),Paan B,HVHF,2026-05-30,2.9,4.5,2026-05-04
USR-46130,Instant Foods (SED),Paan B,HVHF,2026-04-20,5.0,4.6,2026-05-04
USR-128668,Crossline Events (Meerut),General C,HVHF,2026-05-27,4.4375,4.4,2026-05-04
USR-18648,Instant Foods(Noida),Paan B,HVHF,2026-05-30,3.6097560975609757,4.9,2026-05-04
USR-135107,Crossline Events (Meerut),General C,HVHF,2026-03-21,3.5714285714285716,4.0,2026-05-04
USR-18607,Instant Foods(Noida),Paan A,HVHF,2026-05-30,2.1911764705882355,4.2,2026-05-04
USR-45373,Cross Line Events (EDelhi),General A,HVHF,2026-05-30,2.2238805970149254,4.1,2026-05-04
USR-33637,Cross Line Events (EDelhi),Paan B,HVHF,2026-05-23,3.357142857142857,4.0,2026-05-04
USR-45342,Instant Foods (GZB),General A,HVHF,2026-05-30,1.8625,4.4,2026-05-04
USR-128940,Crossline Events (Meerut),General C,HVLF,2026-05-07,32.666666666666664,4.3,2026-05-04
USR-44694,Cross Line Events (EDelhi),General A,HVHF,2026-05-30,3.0638297872340425,4.1,2026-05-04
USR-153242,NB Enterprises (West Delhi),General C,HVLF,2026-05-19,11.166666666666666,4.1,2026-05-04
USR-44785,Cross Line Events (EDelhi),General A,HVLF,2026-04-14,10.666666666666666,4.7,2026-05-04
USR-153233,Crossline Events (Noida),Paan A,HVHF,2026-05-27,4.303030303030303,4.3,2026-05-04
USR-19061,Instant Foods(Noida),Paan B,HVHF,2026-05-27,4.733333333333333,4.6,2026-05-04
USR-159760,Crossline Events (Meerut),General B,HVHF,2026-05-31,2.690909090909091,4.2,2026-05-04
USR-2751,Instant Foods (GZB),Paan B,HVHF,2026-05-30,3.311111111111111,4.7,2026-05-04
USR-159770,Crossline Events (Meerut),General C,HVHF,2026-04-11,4.217391304347826,4.7,2026-05-04
USR-18988,Instant Foods(Noida),Paan B,HVHF,2026-05-30,2.403225806451613,4.0,2026-05-04
USR-18977,Instant Foods(Noida),Paan B,HVHF,2026-04-13,3.740740740740741,4.0,2026-05-04
USR-42831,Cross Line Events (EDelhi),General A,HVHF,2026-05-30,3.311111111111111,4.0,2026-05-04
USR-153222,NB Enterprises (West Delhi),Paan B,HVHF,2026-05-20,4.96,4.8,2026-05-04
USR-3443,Instant Foods (GZB),Paan B,HVHF,2026-05-22,3.6578947368421053,4.5,2026-05-04
USR-45085,Instant Foods (GZB),General A,HVLF,2026-01-29,4.75,4.7,2026-05-04
USR-134722,Cross Line Events (Ghaziabad),Paan B,HVHF,2026-05-26,4.3,4.2,2026-05-04
USR-45103,Cross Line Events (EDelhi),General A,HVHF,2026-05-29,3.4761904761904763,4.2,2026-05-04
USR-153169,Cross Line Events (Ghaziabad),General B,HVHF,2026-05-15,4.476190476190476,4.6,2026-05-04
USR-12913,Cross Line Events (Ghaziabad),Paan B,HVHF,2026-05-25,4.366666666666666,4.4,2026-05-04
USR-134749,Cross Line Events (Ghaziabad),General C,HVLF,2026-01-29,3.5,4.2,2026-05-04
USR-18918,Instant Foods(Noida),Paan B,HVHF,2026-05-30,2.8653846153846154,4.5,2026-05-04
USR-129066,Crossline Events (Meerut),General A,HVHF,2026-05-30,3.6153846153846154,4.9,2026-05-04
USR-134977,Crossline Events (Meerut),General A,HVHF,2026-05-30,3.5238095238095237,4.3,2026-05-04
USR-45024,Crossline Events (Noida),Paan B,HVHF,2026-04-02,4.095238095238095,4.5,2026-05-04
USR-130433,Crossline Events (Meerut),General C,HVHF,2026-05-28,4.294117647058823,4.5,2026-05-04
USR-36900,Cross Line Events (Ghaziabad),Paan B,HVHF,2026-05-29,3.8684210526315788,4.9,2026-05-04
USR-159493,Instant Foods(Noida),General C,HVHF,2026-05-28,4.205882352941177,4.3,2026-05-04
USR-132727,Crossline Events (Meerut),General C,HVHF,2026-05-19,4.678571428571429,4.8,2026-05-04
USR-39889,Cross Line Events (EDelhi),General A,HVHF,2026-05-20,4.655172413793103,4.7,2026-05-04
USR-132823,Crossline Events (Meerut),General A,HVHF,2026-05-30,3.7,4.9,2026-05-04
USR-399,Instant Foods(Noida),Paan B,HVHF,2026-05-27,3.5365853658536586,4.1,2026-05-04
USR-133068,Crossline Events (Meerut),General B,HVHF,2026-05-30,3.3636363636363638,4.8,2026-05-04
USR-133076,Crossline Events (Meerut),General A,HVHF,2026-05-23,3.9615384615384617,4.7,2026-05-04
USR-380,Instant Foods(Noida),Paan B,HVHF,2026-05-28,4.866666666666666,4.9,2026-05-04
USR-2428,Instant Foods(Noida),Paan B,HVHF,2026-03-20,4.0,4.3,2026-05-04
USR-2438,Instant Foods(Noida),Paan A,HVHF,2026-05-28,4.171428571428572,4.7,2026-05-04
USR-39956,Cross Line Events (EDelhi),General A,HVHF,2026-05-06,4.37037037037037,4.6,2026-05-04
USR-159115,Instant Foods (SED),General A,HVLF,2026-05-27,5.333333333333333,4.6,2026-05-04
USR-159121,Crossline Events (Noida),Paan C,HVHF,2026-05-25,4.516129032258065,4.7,2026-05-04
USR-153906,Instant Foods(Noida),General C,HVHF,2026-05-29,3.769230769230769,4.0,2026-05-04
USR-133218,Instant Foods (GZB),General C,HVHF,2026-05-20,4.925925925925926,4.9,2026-05-04
USR-3996,Instant Foods (GZB),General A,HVLF,2026-02-23,5.2,4.8,2026-05-04
USR-22613,Instant Foods(Noida),General C,HVHF,2026-05-25,4.8,4.7,2026-05-04
USR-37563,Instant Foods (GZB),General A,HVHF,2026-05-29,3.9166666666666665,4.9,2026-05-04
USR-22609,Instant Foods(Noida),General C,HVHF,2026-05-25,4.375,4.2,2026-05-04
USR-22602,Instant Foods (GZB),General B,HVHF,2026-05-30,3.239130434782609,4.0,2026-05-04
USR-22593,Instant Foods(Noida),General A,HVHF,2026-05-28,4.59375,4.6,2026-05-04
USR-40270,Cross Line Events (EDelhi),General A,HVHF,2026-05-25,4.666666666666667,4.7,2026-05-04
USR-39758,Cross Line Events (EDelhi),General A,HVHF,2026-05-30,3.5853658536585367,4.8,2026-05-04
USR-159086,Instant Foods (SED),Paan B,HVHF,2026-05-29,3.5,4.0,2026-05-04
USR-159085,Instant Foods (SED),Paan A,HVHF,2026-05-30,3.675,4.8,2026-05-04
USR-153967,Crossline Events (Meerut),General B,HVHF,2026-05-27,4.821428571428571,4.8,2026-05-04
USR-23813,Crossline Events (Noida),General C,HVLF,2026-03-31,5.117647058823529,4.9,2026-05-04
USR-39152,Crossline Events (Noida),Paan B,HVHF,2026-05-30,2.3492063492063493,4.3,2026-05-04
USR-132352,Crossline Events (Meerut),General B,HVHF,2026-05-26,4.212121212121212,4.2,2026-05-04
USR-158964,Crossline Events (Meerut),General A,HVHF,2026-05-27,4.5,4.3,2026-05-04
USR-132449,Crossline Events (Meerut),General B,HVHF,2026-05-25,4.5,4.3,2026-05-04
USR-23408,Instant Foods(Noida),General C,HVLF,2026-02-11,4.0,4.1,2026-05-04
USR-158739,Crossline Events (Noida),Paan B,HVHF,2026-05-30,2.457627118644068,4.3,2026-05-04
USR-38860,Cross Line Events (EDelhi),General A,HVLF,2026-03-20,4.625,4.9,2026-05-04
USR-23324,Instant Foods(Noida),General C,HVHF,2026-05-26,4.733333333333333,4.6,2026-05-04
USR-131987,Crossline Events (Meerut),General A,HVLF,2026-05-20,12.272727272727273,4.9,2026-05-04
USR-153824,Instant Foods(Noida),Paan B,HVHF,2026-04-17,4.304347826086956,4.5,2026-05-04
USR-131969,Crossline Events (Meerut),General C,HVHF,2026-05-26,4.0,4.0,2026-05-04
USR-38561,Instant Foods(Noida),General A,HVHF,2026-05-30,3.108695652173913,4.2,2026-05-04
USR-39476,Cross Line Events (EDelhi),General A,HVHF,2026-05-27,4.9655172413793105,4.8,2026-05-04
USR-132589,Crossline Events (Meerut),General C,HVHF,2026-05-28,4.393939393939394,4.5,2026-05-04
USR-132678,Crossline Events (Meerut),General A,HVHF,2026-05-30,3.8620689655172415,4.5,2026-05-04
USR-39630,Cross Line Events (EDelhi),General A,HVHF,2026-05-25,4.666666666666667,4.8,2026-05-04
USR-3970,Instant Foods (GZB),General B,HVHF,2026-05-28,4.393939393939394,4.6,2026-05-04
USR-2294,Crossline Events (Noida),Paan B,HVHF,2026-05-14,4.0476190476190474,4.4,2026-05-04
USR-2290,Instant Foods(Noida),Paan B,HVHF,2026-05-30,3.6341463414634148,4.8,2026-05-04
USR-2283,Instant Foods(Noida),Paan B,HVHF,2026-05-30,3.725,4.9,2026-05-04
USR-22750,Cross Line Events (Ghaziabad),General C,HVHF,2026-04-20,4.7727272727272725,4.9,2026-05-04
USR-38744,Cross Line Events (EDelhi),Paan A,HVHF,2026-05-30,3.769230769230769,4.9,2026-05-04
USR-18603,Instant Foods(Noida),General B,HVHF,2026-04-21,4.04,4.3,2026-05-04
USR-4037,Instant Foods (GZB),Paan B,HVHF,2026-05-30,3.869565217391304,4.4,2026-05-04
USR-22476,Instant Foods(Noida),General C,HVHF,2026-05-28,4.387096774193548,4.6,2026-05-04
USR-2593,Cross Line Events (Ghaziabad),Paan B,HVHF,2026-05-30,2.5964912280701755,4.2,2026-05-04
USR-37215,Cross Line Events (Ghaziabad),Paan B,HVHF,2026-05-27,4.2727272727272725,4.2,2026-05-04
USR-133578,Instant Foods (GZB),General A,HVHF,2026-05-29,3.8684210526315788,4.8,2026-05-04
USR-21462,Instant Foods(Noida),General C,HVLF,2026-05-26,13.090909090909092,4.8,2026-05-04
USR-37107,Cross Line Events (EDelhi),General A,HVHF,2026-05-30,3.3863636363636362,4.8,2026-05-04
USR-133647,Cross Line Events (EDelhi),General C,HVHF,2026-05-09,4.333333333333333,4.7,2026-05-04
USR-21335,Instant Foods(Noida),General C,HVHF,2026-05-30,2.98,4.4,2026-05-04
USR-21332,Instant Foods(Noida),General C,HVHF,2026-05-26,4.085714285714285,4.0,2026-05-04
USR-2641,Instant Foods (GZB),General C,HVHF,2026-05-30,3.380952380952381,4.2,2026-05-04
USR-130982,Crossline Events (Meerut),General B,HVHF,2026-05-30,3.152173913043478,4.7,2026-05-04
USR-21275,Crossline Events (Noida),General C,HVHF,2026-05-30,2.642857142857143,4.3,2026-05-04
USR-4229,Cross Line Events (Ghaziabad),Paan B,HVHF,2026-05-29,3.8378378378378377,4.8,2026-05-04
USR-26410,Crossline Events (Noida),Paan B,HVLF,2026-03-30,5.0588235294117645,4.6,2026-05-04
USR-130794,Crossline Events (Meerut),General A,HVHF,2026-04-03,4.4,4.8,2026-05-04
USR-42559,Cross Line Events (EDelhi),General A,HVHF,2026-05-30,3.2954545454545454,4.2,2026-05-04
USR-42610,Cross Line Events (EDelhi),General A,HVHF,2026-05-30,2.5689655172413794,4.1,2026-05-04
USR-26488,Instant Foods(Noida),Paan B,HVHF,2026-05-29,7.625,4.1,2026-05-04
USR-42716,Instant Foods (GZB),Paan B,HVHF,2026-04-21,3.6666666666666665,4.0,2026-05-04
USR-159479,Instant Foods(Noida),General C,HVHF,2026-05-28,4.59375,4.6,2026-05-04
USR-20729,Instant Foods(Noida),General C,HVLF,2026-05-04,4.0,4.5,2026-05-04
USR-153514,Instant Foods (SED),Paan B,HVHF,2026-05-30,2.9130434782608696,4.8,2026-05-04
USR-131070,Crossline Events (Meerut),General C,HVHF,2026-05-30,3.4285714285714284,4.2,2026-05-04
USR-4154,Cross Line Events (Ghaziabad),Paan B,HVHF,2026-05-30,3.4285714285714284,4.3,2026-05-04
USR-2182,Instant Foods(Noida),Paan B,HVHF,2026-05-30,2.5964912280701755,4.3,2026-05-04
USR-3725,Cross Line Events (Ghaziabad),General C,HVHF,2026-05-29,3.6097560975609757,4.9,2026-05-04
USR-40629,Crossline Events (Noida),Paan B,HVHF,2026-05-30,2.86,4.4,2026-05-04
USR-40645,Cross Line Events (EDelhi),General A,HVHF,2026-05-25,4.21875,4.1,2026-05-04
USR-131607,Crossline Events (Meerut),General C,HVHF,2026-05-30,3.0408163265306123,4.0,2026-05-04
USR-37490,Instant Foods(Noida),Paan B,HVHF,2026-05-25,5.5,4.9,2026-05-04
USR-41015,Cross Line Events (EDelhi),Paan B,HVHF,2026-05-27,4.294117647058823,4.2,2026-05-04
USR-131567,Crossline Events (Meerut),General C,HVHF,2026-05-31,3.4523809523809526,4.3,2026-05-04
USR-24955,Instant Foods (GZB),General A,HVLF,2026-02-23,4.083333333333333,4.0,2026-05-04
USR-37364,Cross Line Events (EDelhi),Paan B,HVHF,2026-05-28,4.193548387096774,4.4,2026-05-04
USR-22175,Instant Foods(Noida),Paan B,HVHF,2026-05-25,5.0,4.8,2026-05-04
USR-22084,Crossline Events (Noida),General C,HVLF,2026-04-08,3.5,4.1,2026-05-04
USR-40507,Cross Line Events (EDelhi),Paan B,HVHF,2026-05-07,3.6551724137931036,4.0,2026-05-04
USR-133410,Instant Foods (GZB),General A,HVLF,2026-03-09,4.0,4.1,2026-05-04
USR-25134,Instant Foods(Noida),General C,HVHF,2026-05-30,3.2888888888888888,4.7,2026-05-04
USR-153752,Instant Foods (SED),Paan B,HVHF,2026-05-04,4.6923076923076925,4.9,2026-05-04
USR-41147,Cross Line Events (EDelhi),Paan A,HVHF,2026-05-28,7.631578947368421,4.1,2026-05-04
USR-21934,Instant Foods(Noida),General C,HVHF,2026-05-28,4.741935483870968,4.9,2026-05-04
USR-133412,Instant Foods (GZB),General A,HVHF,2026-05-29,3.972972972972973,4.8,2026-05-04
USR-21924,Crossline Events (Noida),General C,HVHF,2026-05-26,4.46875,4.5,2026-05-04
USR-159291,Crossline Events (Meerut),General A,HVLF,2026-03-09,4.384615384615385,4.1,2026-05-04
USR-37319,Cross Line Events (EDelhi),General A,HVHF,2026-05-30,3.152173913043478,4.1,2026-05-04
USR-37315,Instant Foods(Noida),Paan B,HVHF,2026-05-30,3.5476190476190474,4.3,2026-05-04
USR-153685,Instant Foods(Noida),Paan B,HVLF,2026-03-10,5.153846153846154,4.5,2026-05-04
USR-2510,Cross Line Events (Ghaziabad),General B,HVLF,2026-02-20,4.0,4.4,2026-05-04
USR-33264,Cross Line Events (EDelhi),Paan B,HVHF,2026-05-27,4.057142857142857,4.1,2026-05-04
USR-3441,Instant Foods (GZB),Paan B,HVHF,2026-05-30,2.6607142857142856,4.3,2026-05-04
USR-28220,Instant Foods (GZB),General A,HVHF,2026-05-30,2.466666666666667,4.1,2026-05-04
USR-29172,Instant Foods(Noida),General C,HVHF,2026-05-06,4.92,4.9,2026-05-04
USR-29173,Instant Foods (GZB),Paan B,HVLF,2026-05-29,14.222222222222221,4.0,2026-05-04
USR-151105,Crossline Events (Meerut),General A,HVHF,2026-05-26,4.9655172413793105,4.8,2026-05-04
USR-29188,Instant Foods (GZB),General B,HVHF,2026-05-30,3.5853658536585367,4.9,2026-05-04
USR-126346,Crossline Events (Meerut),General C,HVHF,2026-05-29,3.972972972972973,4.9,2026-05-04
USR-178318,Instant Foods(Noida),Paan C,HVLF,2026-05-30,3.0,4.3,2026-05-04
USR-12634,Instant Foods (GZB),Paan B,HVHF,2026-05-29,3.8378378378378377,4.8,2026-05-04
USR-126263,Crossline Events (Meerut),General C,HVLF,2026-05-28,4.0,4.3,2026-05-04
USR-128504,Crossline Events (Meerut),General B,HVHF,2026-05-29,3.878787878787879,4.8,2026-05-04
USR-178247,Instant Foods (Mathura),General B,HVLF,2026-05-24,4.5,4.8,2026-05-04
USR-29863,Cross Line Events (Ghaziabad),General A,HVHF,2026-05-30,3.769230769230769,4.9,2026-05-04
USR-178207,Instant Foods (Mathura),General B,HVLF,2026-05-25,5.25,4.5,2026-05-04
USR-178204,Instant Foods (Mathura),General B,HVLF,2026-05-29,4.166666666666667,4.6,2026-05-04
USR-150995,Crossline Events (Meerut),General A,HVHF,2026-05-22,3.6216216216216215,4.4,2026-05-04
USR-178176,Instant Foods (Mathura),General B,HVLF,2026-05-30,4.142857142857143,4.7,2026-05-04
USR-160763,Instant Foods(Noida),General C,HVHF,2026-05-30,3.0833333333333335,4.1,2026-05-04
USR-150992,Crossline Events (Meerut),General B,HVLF,2026-05-21,3.6666666666666665,4.0,2026-05-04
USR-6123,Instant Foods (GZB),Paan B,HVHF,2026-05-30,3.2666666666666666,4.2,2026-05-04
USR-6016,Instant Foods (GZB),Paan B,HVHF,2026-05-31,3.5,4.2,2026-05-04
USR-622,Crossline Events (Noida),Paan B,HVHF,2026-05-25,5.269230769230769,4.9,2026-05-04
USR-139426,Cross Line Events (EDelhi),General C,HVHF,2026-05-27,4.148148148148148,4.3,2026-05-04
USR-5948,Instant Foods (GZB),Paan B,HVLF,2026-03-18,5.0,4.8,2026-05-04
USR-554,Instant Foods(Noida),Paan B,HVLF,2026-02-23,4.2,4.4,2026-05-04
USR-137038,NB Enterprises (West Delhi),General A,HVHF,2026-05-26,4.235294117647059,4.2,2026-05-04
USR-126724,Crossline Events (Meerut),General B,HVHF,2026-05-26,4.516129032258065,4.6,2026-05-04
USR-126694,Crossline Events (Meerut),General C,HVHF,2026-05-27,4.833333333333333,4.7,2026-05-04
USR-17921,Cross Line Events (Ghaziabad),General C,HVHF,2026-05-23,3.7837837837837838,4.6,2026-05-04
USR-151457,Crossline Events (Meerut),General C,HVHF,2026-05-30,3.6341463414634148,4.9,2026-05-04
USR-160627,Instant Foods(Noida),Paan C,HVHF,2026-05-30,1.9027777777777777,4.7,2026-05-04
USR-29047,Instant Foods (GZB),Paan B,HVHF,2026-05-23,2.406779661016949,4.5,2026-05-04
USR-59693,Instant Foods (SED),General C,HVHF,2026-05-30,2.642857142857143,4.2,2026-05-04
USR-126531,Crossline Events (Meerut),General A,HVHF,2026-05-30,4.153846153846154,4.9,2026-05-04
USR-13820,Crossline Events (Noida),Paan B,HVHF,2026-04-08,4.217391304347826,4.1,2026-05-04
USR-3023,Instant Foods (GZB),Paan A,HVHF,2026-05-30,3.302325581395349,4.2,2026-05-04
USR-29108,Instant Foods (GZB),Paan B,HVHF,2026-05-30,2.98,4.4,2026-05-04
USR-126522,Crossline Events (Meerut),Paan A,HVHF,2026-05-30,3.4242424242424243,4.2,2026-05-04
USR-138381,NB Enterprises (West Delhi),General C,HVLF,2026-03-07,5.5,4.7,2026-05-04
USR-160644,Instant Foods(Noida),Paan A,HVLF,2026-01-16,5.0,4.5,2026-05-04
USR-30030,Instant Foods (GZB),Paan B,HVHF,2026-05-31,3.7,4.9,2026-05-04
USR-3001,Instant Foods (GZB),Paan B,HVHF,2026-05-30,3.227272727272727,4.8,2026-05-04
USR-137647,Crossline Events (Noida),General C,HVHF,2026-05-24,3.302325581395349,4.7,2026-05-04
USR-178136,Instant Foods (Mathura),Wholesaler,HVLF,2026-05-30,4.166666666666667,4.5,2026-05-04
USR-160784,Instant Foods (GZB),Paan B,HVHF,2026-05-22,3.6216216216216215,4.6,2026-05-04
USR-178129,Maa Sharda(LKO),General C,LVLF,2026-05-28,4.5,4.5,2026-05-04
USR-29428,Instant Foods (GZB),General C,HVHF,2026-05-28,3.8157894736842106,4.0,2026-05-04
USR-29544,Instant Foods(Noida),Paan B,HVHF,2026-05-25,4.46875,4.3,2026-05-04
USR-29442,Instant Foods (GZB),Paan B,HVHF,2026-05-26,4.433333333333334,4.4,2026-05-04
USR-29529,Instant Foods(Noida),General C,HVHF,2026-05-27,4.580645161290323,4.6,2026-05-04
USR-160936,NB Enterprises (West Delhi),Paan A,LVLF,2026-01-16,4.5,4.5,2026-05-04
USR-6452,Cross Line Events (Ghaziabad),General C,HVHF,2026-04-01,4.0,4.2,2026-05-04
USR-177156,Instant Foods(Noida),Paan C,HVLF,2026-05-20,4.5,4.4,2026-05-04
USR-177133,Instant Foods (Mathura),General B,LVLF,2026-04-17,4.0,4.8,2026-05-04
USR-14680,Instant Foods(Noida),Paan B,HVLF,2026-05-21,12.272727272727273,4.8,2026-05-04
USR-12422,Cross Line Events (Ghaziabad),General B,HVHF,2026-04-07,4.181818181818182,4.1,2026-05-04
USR-1497,Instant Foods(Noida),General C,HVHF,2026-04-29,3.9285714285714284,4.2,2026-05-04
USR-66331,Instant Foods (SED),Paan B,HVHF,2026-05-25,4.363636363636363,4.4,2026-05-04
USR-176925,Maa Sharda(LKO),Paan A,HVLF,2026-05-13,4.0,4.6,2026-05-04
USR-17681,Instant Foods(Noida),General A,HVHF,2026-05-28,4.242424242424242,4.4,2026-05-04
USR-6634,Instant Foods (GZB),Paan B,HVLF,2026-03-11,5.111111111111111,4.9,2026-05-04
USR-29494,Cross Line Events (Ghaziabad),Paan B,HVHF,2026-05-19,4.533333333333333,4.7,2026-05-04
USR-66388,Instant Foods (SED),Paan B,HVHF,2026-05-30,7.842105263157895,4.6,2026-05-04
USR-149871,Crossline Events (Noida),Paan B,HVHF,2026-05-27,4.5,4.7,2026-05-04
USR-177125,Maa Sharda(LKO),Paan A,HVLF,2026-05-18,4.0,4.5,2026-05-04
USR-6375,Cross Line Events (Ghaziabad),Paan B,HVHF,2026-05-29,3.5853658536585367,4.6,2026-05-04
USR-177472,Maa Sharda(LKO),General B,HVLF,2026-05-15,4.0,4.9,2026-05-04
USR-145737,NB Enterprises (West Delhi),General A,HVHF,2026-05-30,2.759259259259259,4.5,2026-05-04
USR-62427,NB Enterprises (West Delhi),Paan B,HVHF,2026-05-06,4.653846153846154,4.8,2026-05-04
USR-6255,Cross Line Events (Ghaziabad),General C,HVLF,2026-02-24,4.416666666666667,4.5,2026-05-04
USR-62716,Instant Foods (SED),Paan B,HVHF,2026-05-28,3.918918918918919,4.0,2026-05-04
USR-12605,Instant Foods (GZB),Paan B,HVHF,2026-05-29,3.5853658536585367,4.5,2026-05-04
USR-29813,Instant Foods(Noida),General C,HVLF,2026-05-21,17.428571428571427,4.6,2026-05-04
USR-126019,Crossline Events (Meerut),General B,HVHF,2026-05-22,3.6578947368421053,4.5,2026-05-04
USR-29791,Instant Foods(Noida),Paan B,HVHF,2026-05-26,4.235294117647059,4.1,2026-05-04
USR-177901,Maa Sharda(LKO),Paan A,HVLF,2026-05-29,3.6,4.0,2026-05-04
USR-160854,NB Enterprises (West Delhi),Paan A,HVHF,2026-05-27,4.451612903225806,4.6,2026-05-04
USR-144701,Crossline Events (Noida),Paan B,HVHF,2026-05-30,2.792452830188679,4.4,2026-05-04
USR-29293,Instant Foods(Noida),General B,HVHF,2026-05-30,2.740740740740741,4.5,2026-05-04
USR-29300,Instant Foods(Noida),Paan B,HVHF,2026-05-28,3.8421052631578947,4.0,2026-05-04
USR-17768,Instant Foods (GZB),Paan B,HVHF,2026-05-29,3.4186046511627906,4.0,2026-05-04
USR-63229,NB Enterprises (West Delhi),Paan B,HVLF,2026-02-01,5.0,4.9,2026-05-04
USR-150444,NB Enterprises (West Delhi),General C,HVHF,2026-05-16,3.268292682926829,4.2,2026-05-04
USR-17767,Cross Line Events (Ghaziabad),General C,HVHF,2026-05-30,2.365079365079365,4.0,2026-05-04
USR-29318,Cross Line Events (Ghaziabad),Paan B,HVHF,2026-04-01,4.0,4.4,2026-05-04
USR-125979,Crossline Events (Meerut),General B,HVLF,2026-04-18,4.125,4.4,2026-05-04
USR-125971,Crossline Events (Meerut),General B,HVHF,2026-04-11,4.2727272727272725,4.6,2026-05-04
USR-126770,Crossline Events (Meerut),General A,HVHF,2026-05-22,3.730769230769231,4.0,2026-05-04
USR-28998,Instant Foods (GZB),General C,HVHF,2026-05-30,2.6607142857142856,4.3,2026-05-04
USR-39081,Cross Line Events (EDelhi),General A,HVHF,2026-05-08,4.117647058823529,4.5,2026-05-04
USR-32121,Cross Line Events (EDelhi),Paan B,HVHF,2026-05-27,4.548387096774194,4.7,2026-05-04
USR-18132,Instant Foods(Noida),General B,HVHF,2026-05-29,3.972972972972973,4.8,2026-05-04
USR-31378,Cross Line Events (EDelhi),Paan B,HVHF,2026-05-30,3.5238095238095237,4.3,2026-05-04
USR-28381,Crossline Events (Noida),Paan B,HVHF,2026-05-30,3.340909090909091,4.1,2026-05-04
USR-180101,Maa Sharda(LKO),Paan C,HVLF,2026-05-30,4.0,4.7,2026-05-04
USR-4987,Cross Line Events (Ghaziabad),General B,HVHF,2026-05-27,4.0588235294117645,4.1,2026-05-04
USR-4787,Instant Foods (GZB),General C,HVHF,2026-05-28,4.171428571428572,4.9,2026-05-04
USR-152183,Crossline Events (Meerut),Paan B,HVLF,2026-04-09,4.071428571428571,4.2,2026-05-04
USR-283,Crossline Events (Noida),Paan B,HVHF,2026-05-30,3.2222222222222223,4.1,2026-05-04
USR-136077,NB Enterprises (West Delhi),General C,HVHF,2026-05-27,4.363636363636363,4.4,2026-05-04
USR-18372,Cross Line Events (Ghaziabad),General C,HVHF,2026-05-29,3.9444444444444446,4.8,2026-05-04
USR-127783,Crossline Events (Meerut),General C,HVHF,2026-05-30,3.6,4.8,2026-05-04
USR-160412,Crossline Events (Meerut),Paan A,HVHF,2026-05-29,3.054054054054054,4.7,2026-05-04
USR-53383,Cross Line Events (EDelhi),Paan B,HVHF,2026-04-19,3.925925925925926,4.6,2026-05-04
USR-4818,Instant Foods (GZB),Paan B,HVHF,2026-04-25,3.2941176470588234,4.3,2026-05-04
USR-4838,Instant Foods (GZB),Paan B,HVHF,2026-05-30,2.5344827586206895,4.2,2026-05-04
USR-4957,Cross Line Events (Ghaziabad),General C,HVHF,2026-04-30,4.705882352941177,4.8,2026-05-04
USR-127451,Crossline Events (Meerut),General C,HVHF,2026-05-30,3.5365853658536586,4.8,2026-05-04
USR-153008,NB Enterprises (West Delhi),Paan B,LVLF,2026-02-16,4.6,4.4,2026-05-04
USR-48523,NB Enterprises (West Delhi),Paan B,HVHF,2026-05-05,4.72,4.9,2026-05-04
USR-51606,Instant Foods (SED),Paan B,HVHF,2026-05-27,4.294117647058823,4.3,2026-05-04
USR-31377,Cross Line Events (EDelhi),Paan B,HVHF,2026-05-30,3.5238095238095237,4.3,2026-05-04
USR-128105,Crossline Events (Meerut),General C,HVHF,2026-05-25,4.176470588235294,4.1,2026-05-04
USR-28245,Crossline Events (Noida),General C,HVHF,2026-05-28,4.4375,4.7,2026-05-04
USR-3243,Instant Foods (GZB),Paan B,HVHF,2026-05-30,3.0408163265306123,4.1,2026-05-04
USR-51043,NB Enterprises (West Delhi),Paan A,HVHF,2026-05-28,3.945945945945946,4.3,2026-05-04
USR-160349,Instant Foods (GZB),Paan B,HVHF,2026-05-30,9.25,4.7,2026-05-04
USR-28226,Crossline Events (Noida),General C,HVHF,2026-05-27,4.666666666666667,4.6,2026-05-04
USR-126939,Crossline Events (Meerut),General B,HVHF,2026-05-26,4.793103448275862,4.9,2026-05-04
USR-28977,Cross Line Events (Ghaziabad),General A,HVHF,2026-04-22,4.36,4.6,2026-05-04
USR-151827,Crossline Events (Meerut),General C,HVHF,2026-05-19,4.366666666666666,4.6,2026-05-04
USR-28997,Instant Foods (GZB),General C,HVHF,2026-05-20,4.620689655172414,4.5,2026-05-04
USR-17988,Instant Foods (GZB),General A,HVHF,2026-05-28,4.451612903225806,4.7,2026-05-04
USR-160453,Instant Foods(Noida),Paan C,HVHF,2026-05-28,3.8157894736842106,4.0,2026-05-04
USR-3310,Instant Foods (GZB),Paan B,HVLF,2026-05-31,3.3333333333333335,4.6,2026-05-04
USR-18534,Instant Foods(Noida),Paan B,HVHF,2026-05-20,4.724137931034483,4.7,2026-05-04
USR-152668,NB Enterprises (West Delhi),General C,HVHF,2026-05-19,3.942857142857143,4.0,2026-05-04
USR-13564,Crossline Events (Noida),Paan B,HVHF,2026-04-11,3.5357142857142856,4.0,2026-05-04
USR-13570,Crossline Events (Noida),Paan A,HVHF,2026-05-20,4.3125,4.5,2026-05-04
USR-135331,Crossline Events (Meerut),General A,HVHF,2026-05-30,3.4523809523809526,4.2,2026-05-04
USR-18572,Instant Foods(Noida),Paan B,HVLF,2026-03-06,4.538461538461538,4.7,2026-05-04
USR-1828,Crossline Events (Noida),General A,HVHF,2026-05-18,4.387096774193548,4.4,2026-05-04
USR-169207,Instant Foods(Noida),Paan A,HVLF,2026-05-30,13.0,5.0,2026-05-05
USR-37870,Cross Line Events (EDelhi),Paan A,HVHF,2026-05-29,4.294117647058823,5.2,2026-05-05
USR-29320,Instant Foods (GZB),Paan A,HVLF,2026-03-24,5.615384615384615,5.5,2026-05-05
USR-165798,Rapid Enterprises,General B,HVLF,2026-05-30,4.583333333333333,5.2,2026-05-05
USR-93223,Instant Foods (SED),General A,HVHF,2026-05-22,4.523809523809524,5.2,2026-05-05
USR-3240,Instant Foods (GZB),Paan B,HVHF,2026-05-30,3.5365853658536586,5.3,2026-05-05
USR-165587,Rapid Enterprises,General B,HVHF,2026-05-29,4.5,5.3,2026-05-05
USR-165792,Rapid Enterprises,General C,HVLF,2026-04-27,16.0,5.9,2026-05-05
USR-93211,Instant Foods (SED),General A,HVHF,2026-05-22,4.375,5.2,2026-05-05
USR-169055,Cross Line Events (Ghaziabad),General B,HVHF,2026-05-30,3.1956521739130435,5.2,2026-05-05
USR-95348,Crossline Events (Noida),Paan B,HVHF,2026-05-28,5.25,5.3,2026-05-05
USR-95265,Instant Foods (SED),General A,HVHF,2026-05-25,5.538461538461538,5.4,2026-05-05
USR-169065,Rapid Enterprises,General A,HVHF,2026-04-23,4.625,5.2,2026-05-05
USR-93291,Instant Foods (SED),General A,HVHF,2026-05-22,4.21875,5.1,2026-05-05
USR-2470,Cross Line Events (Ghaziabad),Paan B,HVHF,2026-05-07,5.5,5.7,2026-05-05
USR-98441,Instant Foods(Noida),General B,HVHF,2026-05-30,2.759259259259259,5.0,2026-05-05
USR-98404,Instant Foods (SED),General A,HVHF,2026-05-29,4.625,5.5,2026-05-05
USR-165671,Rapid Enterprises,General C,HVHF,2026-05-30,5.142857142857143,5.6,2026-05-05
USR-95367,Cross Line Events (EDelhi),General B,HVLF,2026-01-05,7.0,5.5,2026-05-05
USR-24613,Instant Foods(Noida),General A,HVHF,2026-05-28,5.068965517241379,5.0,2026-05-05
USR-95967,Instant Foods (SED),General A,HVHF,2026-05-30,4.027027027027027,5.3,2026-05-05
USR-37466,Instant Foods (GZB),General C,HVHF,2026-05-30,3.725,5.0,2026-05-05
USR-24529,Instant Foods(Noida),General A,HVHF,2026-05-28,5.833333333333333,5.5,2026-05-05
USR-93336,Instant Foods (SED),General A,HVHF,2026-05-30,3.2093023255813953,5.2,2026-05-05
USR-28255,Crossline Events (Noida),General C,HVHF,2026-05-28,5.615384615384615,5.7,2026-05-05
USR-2489,Crossline Events (Noida),Paan A,HVHF,2026-05-29,5.407407407407407,5.4,2026-05-05
USR-293,Instant Foods(Noida),Paan B,HVLF,2026-05-30,12.857142857142858,5.0,2026-05-05
USR-167110,NB Enterprises (West Delhi),Paan A,HVLF,2026-01-06,7.0,5.4,2026-05-05
USR-167628,Rapid Enterprises,General B,HVLF,2026-02-05,7.0,5.5,2026-05-05
USR-169267,Rapid Enterprises,General C,HVLF,2026-01-15,6.0,5.6,2026-05-05
USR-24030,Instant Foods(Noida),General A,HVHF,2026-05-27,6.0,5.6,2026-05-05
USR-29522,Instant Foods(Noida),General C,HVHF,2026-05-08,5.454545454545454,5.8,2026-05-05
USR-3845,Cross Line Events (Ghaziabad),Paan B,HVHF,2026-05-22,4.7,5.5,2026-05-05
USR-29478,Cross Line Events (Ghaziabad),Paan B,HVHF,2026-05-26,5.37037037037037,5.6,2026-05-05
USR-38590,Cross Line Events (EDelhi),General A,HVHF,2026-05-28,4.833333333333333,5.0,2026-05-05
USR-92788,Instant Foods (SED),General A,HVHF,2026-05-25,5.346153846153846,5.0,2026-05-05
USR-38732,Cross Line Events (EDelhi),General A,HVHF,2026-05-29,4.46875,5.3,2026-05-05
USR-165246,Instant Foods(Noida),Paan B,HVHF,2026-05-30,6.380952380952381,5.8,2026-05-05
USR-32913,Cross Line Events (EDelhi),Paan B,HVHF,2026-05-29,4.53125,5.4,2026-05-05
USR-38778,Cross Line Events (EDelhi),General A,HVLF,2026-04-02,38.0,5.9,2026-05-05
USR-38794,Cross Line Events (Ghaziabad),General A,HVHF,2026-05-30,5.285714285714286,5.7,2026-05-05
USR-99582,Instant Foods (SED),General A,HVHF,2026-05-21,4.793103448275862,5.0,2026-05-05
USR-169559,Rapid Enterprises,General A,HVHF,2026-05-29,4.645161290322581,5.8,2026-05-05
USR-165159,Rapid Enterprises,Paan B,HVLF,2026-01-22,5.666666666666667,5.4,2026-05-05
USR-167008,Rapid Enterprises,General B,HVHF,2026-05-28,5.958333333333333,5.8,2026-05-05
USR-92689,Instant Foods (SED),General A,HVHF,2026-05-27,5.142857142857143,5.2,2026-05-05
USR-99614,Instant Foods (SED),General A,HVLF,2026-04-11,5.214285714285714,5.5,2026-05-05
USR-169652,Cross Line Events (Ghaziabad),General B,HVHF,2026-05-30,3.7,5.0,2026-05-05
USR-92483,Instant Foods (SED),General A,HVHF,2026-05-29,4.5625,5.4,2026-05-05
USR-95629,Instant Foods (SED),General A,HVHF,2026-05-23,4.147058823529412,5.3,2026-05-05
USR-333,Instant Foods(Noida),Paan B,HVLF,2026-05-28,12.636363636363637,5.3,2026-05-05
USR-95674,Instant Foods (SED),General A,HVLF,2026-02-19,5.222222222222222,5.4,2026-05-05
USR-166929,Rapid Enterprises,General B,HVHF,2026-05-18,6.2272727272727275,5.9,2026-05-05
USR-165266,Rapid Enterprises,General B,HVHF,2026-05-29,6.0,5.9,2026-05-05
USR-169419,NB Enterprises (West Delhi),Paan A,HVLF,2026-01-05,7.0,5.3,2026-05-05
USR-169272,NB Enterprises (West Delhi),Paan B,HVLF,2026-01-06,7.0,5.4,2026-05-05
USR-165549,Rapid Enterprises,General B,HVHF,2026-05-28,5.214285714285714,5.1,2026-05-05
USR-29671,Instant Foods(Noida),General C,HVHF,2026-05-23,3.641025641025641,5.1,2026-05-05
USR-24244,Instant Foods (GZB),General A,HVHF,2026-05-30,3.340909090909091,5.3,2026-05-05
USR-95255,Instant Foods (SED),General A,HVHF,2026-05-27,5.0,5.0,2026-05-05
USR-9544,Instant Foods (GZB),General A,HVHF,2026-05-29,4.46875,5.3,2026-05-05
USR-29416,Instant Foods (GZB),Paan A,HVHF,2026-05-30,1.48,5.1,2026-05-05
USR-38255,Cross Line Events (EDelhi),Paan B,HVHF,2026-05-30,3.3863636363636362,5.1,2026-05-05
USR-169381,Instant Foods (GZB),General C,HVHF,2026-05-29,5.444444444444445,5.4,2026-05-05
USR-167045,Rapid Enterprises,General B,HVHF,2026-05-27,6.0,5.7,2026-05-05
USR-165477,Rapid Enterprises,General C,HVHF,2026-05-29,4.892857142857143,5.7,2026-05-05
USR-167030,Rapid Enterprises,General B,HVHF,2026-05-30,5.52,5.9,2026-05-05
USR-165411,Rapid Enterprises,General C,HVHF,2026-05-26,6.181818181818182,5.9,2026-05-05
USR-95447,Instant Foods (SED),General A,HVHF,2026-05-29,4.2,5.0,2026-05-05
USR-167020,Rapid Enterprises,General B,HVHF,2026-05-27,6.041666666666667,5.5,2026-05-05
USR-169409,Rapid Enterprises,General A,HVHF,2026-05-28,5.68,5.6,2026-05-05
USR-1654,Instant Foods(Noida),Paan B,HVHF,2026-05-28,4.741935483870968,5.4,2026-05-05
USR-93029,Instant Foods (SED),General A,HVLF,2026-05-14,5.285714285714286,5.4,2026-05-05
USR-3280,Instant Foods (GZB),General C,HVHF,2026-05-25,5.5,5.4,2026-05-05
USR-169418,Instant Foods(Noida),Paan B,HVHF,2026-05-28,4.741935483870968,5.0,2026-05-05
USR-38313,Cross Line Events (EDelhi),General B,HVHF,2026-05-30,3.675675675675676,5.5,2026-05-05
USR-165323,Rapid Enterprises,Paan B,HVHF,2026-05-30,4.085714285714285,5.3,2026-05-05
USR-9940,Instant Foods (GZB),Paan A,HVHF,2026-04-14,5.444444444444445,5.3,2026-05-05
USR-168988,Rapid Enterprises,General B,HVLF,2026-04-07,7.833333333333333,5.9,2026-05-05
USR-169005,Rapid Enterprises,Paan B,HVHF,2026-05-21,5.037037037037037,5.3,2026-05-05
USR-97294,Instant Foods (SED),General A,HVHF,2026-05-22,5.681818181818182,5.8,2026-05-05
USR-167490,Rapid Enterprises,Paan B,HVHF,2026-05-22,4.551724137931035,5.8,2026-05-05
USR-29059,Instant Foods(Noida),General B,HVLF,2026-01-07,7.0,5.4,2026-05-05
USR-167979,Rapid Enterprises,General B,HVHF,2026-05-29,4.242424242424242,5.1,2026-05-05
USR-168003,Rapid Enterprises,General B,HVLF,2026-02-05,7.0,5.5,2026-05-05
USR-168162,Rapid Enterprises,General C,HVHF,2026-05-29,4.484848484848484,5.3,2026-05-05
USR-96553,Instant Foods (SED),General A,HVHF,2026-05-29,4.866666666666666,5.8,2026-05-05
USR-168240,Instant Foods (GZB),Paan C,HVLF,2026-03-25,20.5,5.3,2026-05-05
USR-3548,Instant Foods (GZB),Paan B,HVHF,2026-05-29,4.114285714285714,5.3,2026-05-05
USR-27464,Crossline Events (Noida),General C,HVHF,2026-05-28,5.5,5.4,2026-05-05
USR-36673,Cross Line Events (EDelhi),General A,HVHF,2026-05-25,6.0,5.6,2026-05-05
USR-97642,Instant Foods(Noida),Paan B,HVHF,2026-05-28,4.851851851851852,5.0,2026-05-05
USR-31351,Cross Line Events (EDelhi),Paan B,HVHF,2026-05-30,5.37037037037037,5.9,2026-05-05
USR-97691,Instant Foods (SED),General A,HVHF,2026-05-30,3.2954545454545454,5.5,2026-05-05
USR-2673,Instant Foods (GZB),General C,HVHF,2026-05-26,5.8,5.3,2026-05-05
USR-29126,Instant Foods (GZB),General C,HVHF,2026-05-31,4.233333333333333,5.9,2026-05-05
USR-168324,Rapid Enterprises,General A,HVHF,2026-05-29,5.296296296296297,5.4,2026-05-05
USR-30004,Instant Foods(Noida),General B,HVHF,2026-05-28,4.766666666666667,5.1,2026-05-05
USR-36858,Instant Foods (GZB),Paan A,HVLF,2026-03-09,6.125,5.9,2026-05-05
USR-29150,Cross Line Events (Ghaziabad),Paan B,HVLF,2026-03-20,6.111111111111111,5.9,2026-05-05
USR-97355,Instant Foods (SED),General A,HVHF,2026-05-29,4.59375,5.5,2026-05-05
USR-35637,Cross Line Events (EDelhi),Paan B,HVHF,2026-05-29,6.3478260869565215,5.1,2026-05-05
USR-3569,Instant Foods (GZB),Paan B,HVLF,2026-03-23,7.6,5.4,2026-05-05
USR-28940,Crossline Events (Noida),Paan B,HVHF,2026-05-29,4.59375,5.6,2026-05-05
USR-167630,Rapid Enterprises,General B,HVLF,2026-02-07,7.0,5.6,2026-05-05
USR-166510,Rapid Enterprises,General B,HVHF,2026-05-28,4.833333333333333,5.0,2026-05-05
USR-3104,Crossline Events (Noida),General C,HVHF,2026-05-27,5.631578947368421,5.7,2026-05-05
USR-29014,Crossline Events (Noida),Paan B,HVHF,2026-05-08,5.166666666666667,5.6,2026-05-05
USR-167596,Rapid Enterprises,General A,HVLF,2026-03-30,5.785714285714286,5.4,2026-05-05
USR-97144,Instant Foods (SED),General A,HVHF,2026-05-30,5.444444444444445,5.6,2026-05-05
USR-167731,Rapid Enterprises,General B,HVHF,2026-05-29,5.481481481481482,5.5,2026-05-05
USR-36429,Cross Line Events (EDelhi),Paan B,HVLF,2026-01-31,3.4,5.7,2026-05-05
USR-94372,Instant Foods (SED),General A,HVLF,2026-02-13,5.333333333333333,5.0,2026-05-05
USR-29024,Instant Foods (GZB),General C,HVHF,2026-04-29,5.190476190476191,5.3,2026-05-05
USR-94294,Instant Foods (SED),General A,HVHF,2026-05-26,6.130434782608695,5.7,2026-05-05
USR-30965,Cross Line Events (EDelhi),Paan B,HVHF,2026-05-27,5.2592592592592595,5.2,2026-05-05
USR-167901,Rapid Enterprises,General A,HVHF,2026-05-19,5.782608695652174,5.7,2026-05-05
USR-97239,Instant Foods (SED),General A,HVHF,2026-05-30,4.0,5.4,2026-05-05
USR-29045,Instant Foods(Noida),General A,HVHF,2026-05-30,2.5964912280701755,5.5,2026-05-05
USR-3644,Cross Line Events (Ghaziabad),General B,HVHF,2026-05-28,5.296296296296297,5.1,2026-05-05
USR-166375,Rapid Enterprises,Paan B,HVLF,2026-05-19,12.363636363636363,5.8,2026-05-05
USR-31212,Cross Line Events (EDelhi),Paan B,HVHF,2026-05-22,4.088235294117647,5.0,2026-05-05
USR-97284,Instant Foods(Noida),General C,HVHF,2026-05-14,5.291666666666667,5.4,2026-05-05
USR-36646,Cross Line Events (EDelhi),General B,HVHF,2026-05-29,4.055555555555555,5.1,2026-05-05
USR-30656,Cross Line Events (EDelhi),Paan B,HVLF,2026-04-25,5.0,5.6,2026-05-05
USR-165985,Rapid Enterprises,General C,HVHF,2026-05-31,5.6,5.9,2026-05-05
USR-29272,Instant Foods(Noida),Paan B,HVHF,2026-04-18,3.3214285714285716,5.4,2026-05-05
USR-168358,Rapid Enterprises,General A,HVHF,2026-05-31,3.3333333333333335,5.2,2026-05-05
USR-31376,Cross Line Events (EDelhi),Paan B,HVHF,2026-05-15,4.620689655172414,5.8,2026-05-05
USR-2598,Cross Line Events (Ghaziabad),Paan B,HVLF,2026-02-05,7.75,5.4,2026-05-05
USR-167271,Instant Foods (GZB),Wholesaler,HVLF,2026-03-05,7.0,5.9,2026-05-05
USR-168852,Rapid Enterprises,General A,HVLF,2026-03-30,5.733333333333333,5.6,2026-05-05
USR-2375,Crossline Events (Noida),Paan B,HVHF,2026-05-28,6.125,5.9,2026-05-05
USR-96198,Instant Foods (SED),General A,HVHF,2026-05-23,6.473684210526316,5.7,2026-05-05
USR-93572,Instant Foods (SED),General A,HVHF,2026-05-22,4.2727272727272725,5.1,2026-05-05
USR-93501,Instant Foods (SED),General A,HVLF,2026-02-27,18.333333333333332,5.9,2026-05-05
USR-166766,Instant Foods (SED),Paan A,HVHF,2026-05-30,2.792452830188679,5.9,2026-05-05
USR-168892,Rapid Enterprises,General A,HVLF,2026-05-27,4.909090909090909,5.0,2026-05-05
USR-37171,Instant Foods (GZB),General A,HVHF,2026-05-29,5.44,5.6,2026-05-05
USR-935,Crossline Events (Noida),General B,HVHF,2026-04-29,5.363636363636363,5.4,2026-05-05
USR-167210,Rapid Enterprises,General B,HVLF,2026-03-05,7.0,5.9,2026-05-05
USR-165820,Rapid Enterprises,General B,HVHF,2026-05-30,3.972972972972973,5.1,2026-05-05
USR-2538,Cross Line Events (Ghaziabad),General C,HVHF,2026-05-30,4.111111111111111,5.5,2026-05-05
USR-25271,Crossline Events (Noida),Paan B,HVHF,2026-05-28,5.8,5.7,2026-05-05
USR-93467,Instant Foods (SED),General A,HVHF,2026-05-27,5.695652173913044,5.4,2026-05-05
USR-165814,Rapid Enterprises,General C,HVHF,2026-05-27,5.423076923076923,5.2,2026-05-05
USR-3394,Instant Foods (GZB),General C,HVHF,2026-05-26,5.8,5.5,2026-05-05
USR-29265,Crossline Events (Noida),General C,HVHF,2026-05-29,4.59375,5.8,2026-05-05
USR-165804,Rapid Enterprises,General C,HVLF,2026-04-28,8.166666666666666,5.9,2026-05-05
USR-165823,Instant Foods (SED),Paan C,HVHF,2026-05-02,4.08,5.2,2026-05-05
USR-165888,Rapid Enterprises,General A,HVHF,2026-05-29,4.407407407407407,5.6,2026-05-05
USR-94023,Instant Foods (SED),General A,HVHF,2026-05-21,5.111111111111111,5.2,2026-05-05
USR-2989,Instant Foods (GZB),Paan B,HVHF,2026-05-27,5.178571428571429,5.0,2026-05-05
USR-2658,Instant Foods (GZB),General C,HVHF,2026-05-28,4.741935483870968,5.0,2026-05-05
USR-165961,Instant Foods (SED),Paan B,HVHF,2026-05-21,4.242424242424242,5.3,2026-05-05
USR-165954,Instant Foods (SED),Paan C,HVHF,2026-05-30,3.8684210526315788,5.0,2026-05-05
USR-28894,Instant Foods(Noida),General B,HVHF,2026-05-30,6.434782608695652,5.7,2026-05-05
USR-167440,Crossline Events (Noida),Paan B,HVHF,2026-05-30,4.9375,5.5,2026-05-05
USR-27556,Crossline Events (Noida),General C,HVLF,2026-02-05,7.0,5.7,2026-05-05
USR-26540,Instant Foods(Noida),Paan B,HVHF,2026-05-30,4.257142857142857,5.4,2026-05-05
USR-167310,Rapid Enterprises,General B,HVLF,2026-01-05,7.0,5.4,2026-05-05
USR-168563,Rapid Enterprises,General C,HVHF,2026-05-30,5.576923076923077,5.9,2026-05-05
USR-94950,Crossline Events (Noida),Paan B,HVLF,2026-02-05,7.0,5.7,2026-05-05
USR-26463,Instant Foods(Noida),General C,HVLF,2026-01-07,7.0,5.4,2026-05-05
USR-36940,Instant Foods(Noida),General A,HVHF,2026-05-25,6.2272727272727275,5.9,2026-05-05
USR-165922,Rapid Enterprises,General C,HVHF,2026-05-29,5.0344827586206895,5.8,2026-05-05
USR-9501,Instant Foods (GZB),Paan B,HVHF,2026-05-30,3.736842105263158,5.5,2026-05-05
USR-1687,Crossline Events (Noida),General C,HVHF,2026-05-21,5.75,5.6,2026-05-05
USR-3163,Cross Line Events (Ghaziabad),Paan B,HVHF,2026-04-21,5.0,5.1,2026-05-05
USR-165908,Rapid Enterprises,Paan A,HVHF,2026-05-29,4.303030303030303,5.2,2026-05-05
USR-26409,Instant Foods(Noida),Paan B,HVHF,2026-05-30,3.8684210526315788,5.1,2026-05-05
USR-27702,Crossline Events (Noida),Paan B,HVHF,2026-04-21,5.1,5.7,2026-05-05
USR-2628,Cross Line Events (EDelhi),General C,HVHF,2026-05-29,4.666666666666667,5.6,2026-05-05
USR-16876,Instant Foods(Noida),Paan B,HVHF,2026-05-27,5.95,5.7,2026-05-05
USR-165963,Rapid Enterprises,General C,HVHF,2026-05-28,5.296296296296297,5.1,2026-05-05
USR-168473,Instant Foods(Noida),Paan A,HVLF,2026-01-07,7.0,5.4,2026-05-05
USR-6677,Cross Line Events (Ghaziabad),General B,HVHF,2026-05-25,5.869565217391305,5.4,2026-05-05
USR-169705,Instant Foods (GZB),General B,HVHF,2026-05-29,4.2,5.2,2026-05-05
USR-5307,Cross Line Events (Ghaziabad),Paan B,HVLF,2026-03-26,7.333333333333333,5.5,2026-05-05
USR-5294,Cross Line Events (Ghaziabad),General A,HVLF,2026-03-07,7.0,5.6,2026-05-05
USR-5214,Instant Foods (GZB),General B,HVHF,2026-05-30,3.066666666666667,5.1,2026-05-05
USR-5175,Instant Foods (GZB),Paan B,HVHF,2026-05-20,4.793103448275862,5.6,2026-05-05
USR-5144,Cross Line Events (Ghaziabad),Paan B,HVHF,2026-05-26,4.9523809523809526,5.4,2026-05-05
USR-51131,NB Enterprises (West Delhi),Paan B,HVLF,2026-04-03,5.166666666666667,5.6,2026-05-05
USR-8158,Instant Foods(Noida),General C,HVHF,2026-05-12,5.2,5.5,2026-05-05
USR-18144,Instant Foods (GZB),Paan A,HVLF,2026-04-10,4.454545454545454,5.0,2026-05-05
USR-8177,Instant Foods(Noida),General C,HVHF,2026-05-29,5.958333333333333,5.9,2026-05-05
USR-5080,Instant Foods (GZB),General C,HVHF,2026-04-25,4.809523809523809,5.8,2026-05-05
USR-5071,Instant Foods (GZB),Paan B,HVHF,2026-05-26,5.333333333333333,5.1,2026-05-05
USR-174312,Rapid Enterprises,General B,HVHF,2026-05-21,4.913043478260869,5.2,2026-05-05
USR-174278,Crossline Events (Meerut),General C,HVLF,2026-02-09,7.0,5.9,2026-05-05
USR-174272,Instant Foods (SED),Paan B,HVHF,2026-05-29,4.0,5.2,2026-05-05
USR-5060,Instant Foods (GZB),Paan B,HVHF,2026-05-30,3.7948717948717947,5.6,2026-05-05
USR-18021,Cross Line Events (Ghaziabad),General C,HVHF,2026-05-29,5.6,5.8,2026-05-05
USR-174703,Crossline Events (Meerut),General C,HVLF,2026-02-09,7.0,5.9,2026-05-05
USR-80492,NB Enterprises (West Delhi),Paan B,HVHF,2026-05-12,5.681818181818182,5.7,2026-05-05
USR-536,Instant Foods(Noida),Paan B,HVHF,2026-05-30,5.833333333333333,5.9,2026-05-05
USR-57681,Instant Foods (SED),Paan B,HVHF,2026-05-28,4.741935483870968,5.5,2026-05-05
USR-179060,Instant Foods (SED),Paan B,HVLF,2026-05-26,5.0,5.2,2026-05-05
USR-175143,Rapid Enterprises,General B,HVLF,2026-02-05,7.0,5.5,2026-05-05
USR-564,Crossline Events (Noida),Paan B,HVLF,2026-05-25,26.5,5.4,2026-05-05
USR-179575,Maa Sharda(LKO),Paan B,HVLF,2026-05-30,5.0,5.7,2026-05-05
USR-175079,Instant Foods (Mathura),General B,HVLF,2026-05-16,4.833333333333333,5.8,2026-05-05
USR-175060,Rapid Enterprises,Paan B,HVLF,2026-04-08,15.333333333333334,5.6,2026-05-05
USR-49985,NB Enterprises (West Delhi),Paan B,HVLF,2026-04-27,6.411764705882353,5.2,2026-05-05
USR-175049,Rapid Enterprises,General B,HVLF,2026-02-04,7.0,5.7,2026-05-05
USR-7841,Instant Foods (GZB),General B,HVLF,2026-03-23,5.285714285714286,5.0,2026-05-05
USR-7899,Cross Line Events (Ghaziabad),General A,HVHF,2026-05-18,5.666666666666667,5.6,2026-05-05
USR-179662,Rapid Enterprises,General B,HVLF,2026-05-30,5.0,5.5,2026-05-05
USR-55,Crossline Events (Noida),Paan A,HVHF,2026-04-16,4.9523809523809526,5.6,2026-05-05
USR-7993,Cross Line Events (Ghaziabad),General C,HVHF,2026-05-27,5.8,5.3,2026-05-05
USR-5439,Instant Foods (GZB),General C,HVLF,2026-04-25,5.583333333333333,5.9,2026-05-05
USR-54199,Instant Foods (SED),Paan B,HVLF,2026-02-20,5.833333333333333,5.6,2026-05-05
USR-174981,Instant Foods (Mathura),General B,HVHF,2026-05-13,4.944444444444445,5.0,2026-05-05
USR-175174,Crossline Events (Meerut),General C,HVLF,2026-02-09,7.0,5.9,2026-05-05
USR-174219,Instant Foods (Mathura),General B,HVLF,2026-05-20,6.0,5.9,2026-05-05
USR-18298,Cross Line Events (Ghaziabad),General C,HVHF,2026-05-27,4.645161290322581,5.0,2026-05-05
USR-45629,Instant Foods (GZB),General C,HVHF,2026-05-28,5.25,5.2,2026-05-05
USR-173587,Instant Foods (Mathura),General B,HVLF,2026-05-26,5.833333333333333,5.6,2026-05-05
USR-45582,Instant Foods (GZB),Paan B,HVHF,2026-05-31,3.0833333333333335,5.3,2026-05-05
USR-173572,Instant Foods (Mathura),General B,HVHF,2026-05-30,4.473684210526316,5.0,2026-05-05
USR-84478,Instant Foods (SED),General C,HVHF,2026-05-28,5.5,5.4,2026-05-05
USR-173541,Instant Foods (Mathura),General B,HVHF,2026-05-30,4.181818181818182,5.3,2026-05-05
USR-173511,Instant Foods (Mathura),General A,HVLF,2026-05-28,15.2,5.4,2026-05-05
USR-45349,Instant Foods(Noida),General A,HVHF,2026-05-27,4.857142857142857,5.0,2026-05-05
USR-4533,Instant Foods (GZB),Paan B,HVHF,2026-05-15,4.285714285714286,5.6,2026-05-05
USR-17343,Instant Foods (GZB),Paan B,HVHF,2026-05-08,4.032258064516129,5.2,2026-05-05
USR-173368,Instant Foods(Noida),Paan C,HVHF,2026-05-30,3.225,5.7,2026-05-05
USR-18866,Instant Foods(Noida),Paan B,HVLF,2026-05-06,27.666666666666668,5.2,2026-05-05
USR-173279,Instant Foods (Mathura),General B,HVHF,2026-05-23,4.8125,5.6,2026-05-05
USR-173273,Instant Foods (Mathura),General C,HVLF,2026-04-01,5.2,5.8,2026-05-05
USR-8497,Instant Foods(Noida),General B,HVHF,2026-05-12,5.909090909090909,5.7,2026-05-05
USR-173622,Rapid Enterprises,General B,HVLF,2026-01-27,5.0,5.3,2026-05-05
USR-18769,Cross Line Events (Ghaziabad),General C,HVLF,2026-04-30,17.5,5.1,2026-05-05
USR-173668,Instant Foods (Mathura),General A,HVHF,2026-05-12,5.117647058823529,5.1,2026-05-05
USR-835,Crossline Events (Noida),General A,HVHF,2026-05-30,4.2,5.3,2026-05-05
USR-174163,Instant Foods (Mathura),Paan B,HVLF,2026-05-12,5.909090909090909,5.7,2026-05-05
USR-18329,Cross Line Events (Ghaziabad),General C,HVHF,2026-05-29,3.7948717948717947,5.2,2026-05-05
USR-174113,Instant Foods (Mathura),General A,HVLF,2026-05-15,5.75,5.6,2026-05-05
USR-8268,Instant Foods(Noida),General A,HVLF,2026-02-17,6.833333333333333,5.9,2026-05-05
USR-47863,Instant Foods (SED),Paan B,HVHF,2026-05-30,3.0638297872340425,5.2,2026-05-05
USR-174010,Instant Foods (Mathura),General B,HVLF,2026-03-21,4.8,5.5,2026-05-05
USR-174004,Instant Foods (Mathura),General B,HVHF,2026-05-30,4.416666666666667,5.3,2026-05-05
USR-174217,Instant Foods (Mathura),General A,HVHF,2026-05-28,5.473684210526316,5.5,2026-05-05
USR-4776,Instant Foods (GZB),General C,HVLF,2026-05-26,16.11111111111111,5.5,2026-05-05
USR-173915,Instant Foods (Mathura),Paan B,HVHF,2026-05-29,4.4,5.4,2026-05-05
USR-18604,Instant Foods(Noida),Paan A,HVHF,2026-05-30,2.811320754716981,5.7,2026-05-05
USR-173819,Instant Foods (Mathura),General B,HVHF,2026-05-25,5.294117647058823,5.0,2026-05-05
USR-4627,Cross Line Events (Ghaziabad),Paan B,HVHF,2026-05-31,2.3174603174603177,5.9,2026-05-05
USR-462,Crossline Events (Noida),Paan B,HVLF,2026-02-10,5.714285714285714,5.1,2026-05-05
USR-457,Crossline Events (Noida),Paan B,HVHF,2026-04-10,5.105263157894737,5.8,2026-05-05
USR-4564,Cross Line Events (Ghaziabad),Paan B,HVHF,2026-05-25,5.384615384615385,5.2,2026-05-05
USR-8278,Instant Foods(Noida),General B,HVHF,2026-05-30,4.454545454545454,5.6,2026-05-05
USR-175241,Rapid Enterprises,General B,HVLF,2026-02-07,7.0,5.6,2026-05-05
USR-5817,Cross Line Events (Ghaziabad),General B,LVLF,2026-01-06,7.0,5.8,2026-05-05
USR-175260,Rapid Enterprises,General B,HVLF,2026-02-07,7.0,5.6,2026-05-05
USR-63994,Instant Foods (SED),General C,HVHF,2026-05-22,4.75,5.8,2026-05-05
USR-70,Instant Foods(Noida),Paan B,HVHF,2026-05-27,5.636363636363637,5.4,2026-05-05
USR-70189,Instant Foods (SED),Paan B,HVHF,2026-05-27,5.333333333333333,5.1,2026-05-05
USR-6356,Cross Line Events (Ghaziabad),General A,HVHF,2026-05-28,4.833333333333333,5.0,2026-05-05
USR-7064,Cross Line Events (Ghaziabad),General B,HVHF,2026-05-29,4.888888888888889,5.3,2026-05-05
USR-176154,Instant Foods (Mathura),General B,HVLF,2026-03-30,6.0,5.8,2026-05-05
USR-70820,NB Enterprises (West Delhi),Paan B,HVHF,2026-05-26,5.222222222222222,5.0,2026-05-05
USR-7188,Cross Line Events (Ghaziabad),General B,HVHF,2026-05-23,4.242424242424242,5.3,2026-05-05
USR-17770,Instant Foods (GZB),General A,HVHF,2026-05-20,6.238095238095238,5.8,2026-05-05
USR-6299,Cross Line Events (Ghaziabad),General B,HVHF,2026-05-18,4.833333333333333,5.0,2026-05-05
USR-7203,Instant Foods (GZB),General A,HVHF,2026-05-18,5.708333333333333,5.6,2026-05-05
USR-7233,Instant Foods (GZB),Paan B,HVHF,2026-05-29,4.2,5.2,2026-05-05
USR-177889,Instant Foods(Noida),Paan A,HVLF,2026-05-20,5.6,5.7,2026-05-05
USR-176007,Instant Foods(Noida),Paan C,HVLF,2026-03-07,7.0,5.9,2026-05-05
USR-176000,Instant Foods (Mathura),General B,HVLF,2026-03-06,7.0,5.9,2026-05-05
USR-6969,Instant Foods (GZB),Paan B,HVHF,2026-05-30,5.25,5.6,2026-05-05
USR-64228,NB Enterprises (West Delhi),Paan B,HVHF,2026-05-28,5.9523809523809526,5.9,2026-05-05
USR-696,Instant Foods(Noida),Paan B,HVHF,2026-05-27,5.333333333333333,5.5,2026-05-05
USR-6436,Cross Line Events (Ghaziabad),General C,HVLF,2026-03-07,7.0,5.6,2026-05-05
USR-6657,Cross Line Events (Ghaziabad),Paan B,HVLF,2026-04-06,6.75,5.6,2026-05-05
USR-176487,Instant Foods (Mathura),General B,HVLF,2026-04-11,5.0,5.8,2026-05-05
USR-176482,Maa Sharda(LKO),General A,HVLF,2026-05-24,4.5,5.4,2026-05-05
USR-6778,Cross Line Events (Ghaziabad),Paan B,HVHF,2026-05-29,5.6923076923076925,5.9,2026-05-05
USR-17689,Instant Foods(Noida),General B,HVHF,2026-05-20,6.045454545454546,5.7,2026-05-05
USR-6568,Cross Line Events (Ghaziabad),General C,HVLF,2026-05-27,6.3478260869565215,5.1,2026-05-05
USR-176934,Crossline Events (Noida),General A,HVLF,2026-05-26,6.333333333333333,5.5,2026-05-05
USR-73113,Instant Foods (SED),Paan B,HVLF,2026-05-12,5.0,5.1,2026-05-05
USR-65380,Instant Foods (SED),Paan B,HVHF,2026-05-30,3.7948717948717947,5.0,2026-05-05
USR-68292,Instant Foods (SED),Paan B,HVHF,2026-05-20,5.115384615384615,5.2,2026-05-05
USR-687,Instant Foods(Noida),General C,HVHF,2026-05-30,5.538461538461538,5.9,2026-05-05
USR-647,Crossline Events (Noida),General A,HVHF,2026-05-26,5.44,5.0,2026-05-05
USR-6910,Cross Line Events (Ghaziabad),General A,HVHF,2026-05-25,6.857142857142857,5.6,2026-05-05
USR-177213,Instant Foods (GZB),General A,HVLF,2026-05-26,6.666666666666667,5.8,2026-05-05
USR-17734,Cross Line Events (Ghaziabad),General C,HVLF,2026-04-25,31.0,5.5,2026-05-05
USR-69330,Instant Foods (SED),General C,HVLF,2026-04-22,5.666666666666667,5.3,2026-05-05
USR-6525,Cross Line Events (Ghaziabad),General C,HVLF,2026-03-11,5.818181818181818,5.2,2026-05-05
USR-7313,Instant Foods (GZB),General B,HVHF,2026-05-30,4.027777777777778,5.4,2026-05-05
USR-6290,Cross Line Events (Ghaziabad),General C,HVHF,2026-05-26,5.230769230769231,5.1,2026-05-05
USR-73144,Instant Foods (SED),General C,HVHF,2026-05-30,4.114285714285714,5.3,2026-05-05
USR-5946,Instant Foods (GZB),Paan B,HVHF,2026-05-29,4.666666666666667,5.9,2026-05-05
USR-5934,Instant Foods (GZB),Paan B,HVHF,2026-05-22,5.1923076923076925,5.7,2026-05-05
USR-7654,Cross Line Events (Ghaziabad),General B,HVHF,2026-05-21,4.964285714285714,5.3,2026-05-05
USR-76624,Instant Foods (SED),General C,HVHF,2026-05-31,3.9473684210526314,5.0,2026-05-05
USR-58855,Instant Foods (SED),General C,HVHF,2026-05-28,5.214285714285714,5.2,2026-05-05
USR-175471,Cross Line Events (Ghaziabad),Paan B,HVLF,2026-03-18,5.5,5.0,2026-05-05
USR-5836,Instant Foods (GZB),Paan A,HVHF,2026-05-28,5.28,5.7,2026-05-05
USR-178492,Maa Sharda(LKO),Wholesaler,HVLF,2026-05-26,6.0,5.8,2026-05-05
USR-77158,Instant Foods (SED),General C,HVHF,2026-05-13,4.7272727272727275,5.1,2026-05-05
USR-175411,Instant Foods (Mathura),General B,HVLF,2026-03-17,6.0,5.4,2026-05-05
USR-179043,Maa Sharda(LKO),General C,HVLF,2026-05-28,5.0,5.5,2026-05-05
USR-175380,Cross Line Events (Ghaziabad),General B,HVLF,2026-05-28,15.285714285714286,5.6,2026-05-05
USR-175378,Crossline Events (Noida),Paan B,HVLF,2026-04-12,5.0,5.4,2026-05-05
USR-77275,Instant Foods (SED),Paan B,HVLF,2026-03-25,15.2,5.5,2026-05-05
USR-175270,Rapid Enterprises,General B,HVLF,2026-02-07,7.0,5.6,2026-05-05
USR-175263,Rapid Enterprises,General B,HVLF,2026-02-07,7.0,5.6,2026-05-05
USR-77256,NB Enterprises (West Delhi),Paan B,HVLF,2026-05-20,17.375,5.4,2026-05-05
USR-85161,NB Enterprises (West Delhi),Paan B,HVHF,2026-05-30,3.5476190476190474,5.8,2026-05-05
USR-5957,Instant Foods (GZB),General C,HVHF,2026-05-30,5.137931034482759,5.6,2026-05-05
USR-597,Instant Foods(Noida),Paan B,HVHF,2026-05-28,5.576923076923077,5.4,2026-05-05
USR-178119,Maa Sharda(LKO),General C,HVLF,2026-05-30,5.333333333333333,5.3,2026-05-05
USR-175934,Instant Foods(Noida),General B,HVLF,2026-05-29,5.933333333333334,5.9,2026-05-05
USR-7321,Cross Line Events (Ghaziabad),General C,HVHF,2026-05-30,4.625,5.8,2026-05-05
USR-6236,Cross Line Events (Ghaziabad),General C,HVLF,2026-03-05,7.0,5.9,2026-05-05
USR-61828,Instant Foods (SED),Paan B,HVHF,2026-05-22,4.633333333333334,5.8,2026-05-05
USR-6114,Instant Foods (GZB),Paan B,HVHF,2026-05-20,4.678571428571429,5.2,2026-05-05
USR-7423,Instant Foods (GZB),Paan B,HVLF,2026-03-19,8.0,5.8,2026-05-05
USR-178369,Instant Foods (SED),Paan B,HVLF,2026-05-27,6.0,5.8,2026-05-05
USR-746,Crossline Events (Noida),Paan B,HVHF,2026-05-30,1.85,5.3,2026-05-05
USR-75086,Instant Foods (SED),General C,HVLF,2026-05-05,27.5,5.8,2026-05-05
USR-175882,Instant Foods (Mathura),General B,HVLF,2026-03-17,7.0,5.5,2026-05-05
USR-6005,Instant Foods (GZB),Paan B,HVLF,2026-02-12,5.0,5.3,2026-05-05
USR-178276,Instant Foods (GZB),Paan A,HVLF,2026-05-26,6.0,5.1,2026-05-05
USR-175648,NB Enterprises (West Delhi),General B,HVLF,2026-05-25,6.0,5.5,2026-05-05
USR-175630,Instant Foods(Noida),Paan C,HVHF,2026-05-30,3.4347826086956523,5.9,2026-05-05
USR-175627,Crossline Events (Meerut),General C,HVHF,2026-05-30,4.590909090909091,5.4,2026-05-05
USR-61,Instant Foods(Noida),Paan B,HVHF,2026-05-29,4.454545454545454,5.7,2026-05-05
USR-45098,Cross Line Events (EDelhi),General A,HVHF,2026-05-21,5.791666666666667,5.6,2026-05-05
USR-173129,Instant Foods (Mathura),General B,HVHF,2026-05-31,4.6521739130434785,5.8,2026-05-05
USR-173120,Instant Foods (Mathura),General B,HVLF,2026-05-29,4.5,5.0,2026-05-05
USR-22269,Instant Foods(Noida),General C,HVHF,2026-05-25,6.0,5.6,2026-05-05
USR-170890,Instant Foods (Mathura),General B,HVLF,2026-03-10,5.0,5.0,2026-05-05
USR-22300,Instant Foods(Noida),Paan B,HVHF,2026-05-28,5.25,5.1,2026-05-05
USR-22318,Instant Foods(Noida),General C,HVLF,2026-01-07,7.0,5.4,2026-05-05
USR-40777,Cross Line Events (EDelhi),Paan B,HVHF,2026-05-30,4.181818181818182,5.9,2026-05-05
USR-170871,Instant Foods (Mathura),General B,HVLF,2026-05-09,5.0,5.9,2026-05-05
USR-170866,Rapid Enterprises,General B,HVLF,2026-01-07,7.0,5.6,2026-05-05
USR-40438,Cross Line Events (EDelhi),General A,HVHF,2026-05-28,5.653846153846154,5.5,2026-05-05
USR-170819,Rapid Enterprises,General A,HVLF,2026-01-05,7.0,5.4,2026-05-05
USR-170707,Instant Foods (Mathura),General B,HVHF,2026-05-26,6.173913043478261,5.9,2026-05-05
USR-22610,Instant Foods(Noida),Paan B,HVHF,2026-05-18,5.074074074074074,5.0,2026-05-05
USR-17061,Crossline Events (Noida),Paan B,HVHF,2026-05-31,4.171428571428572,5.9,2026-05-05
USR-170535,Instant Foods (SED),Paan B,HVLF,2026-01-29,5.75,5.7,2026-05-05
USR-22669,Instant Foods(Noida),General C,HVHF,2026-05-28,5.444444444444445,5.2,2026-05-05
USR-170522,Instant Foods (Mathura),General C,HVLF,2026-05-28,14.5,5.6,2026-05-05
USR-4107,Cross Line Events (Ghaziabad),General C,HVHF,2026-05-22,5.708333333333333,5.9,2026-05-05
USR-41129,Crossline Events (Noida),Paan B,HVLF,2026-01-31,4.0,5.0,2026-05-05
USR-22181,Instant Foods(Noida),Paan B,HVLF,2026-03-16,6.363636363636363,5.9,2026-05-05
USR-1766,Crossline Events (Noida),Paan B,HVHF,2026-05-27,5.035714285714286,5.7,2026-05-05
USR-171385,Instant Foods (Mathura),General B,HVLF,2026-05-26,15.444444444444445,5.2,2026-05-05
USR-4157,Cross Line Events (Ghaziabad),General B,HVHF,2026-05-30,3.8205128205128207,5.0,2026-05-05
USR-171359,Rapid Enterprises,General A,LVLF,2026-01-05,7.0,5.7,2026-05-05
USR-171351,Instant Foods (GZB),Paan A,HVHF,2026-05-27,5.538461538461538,5.3,2026-05-05
USR-4142,Cross Line Events (Ghaziabad),Paan B,HVHF,2026-05-29,4.59375,5.5,2026-05-05
USR-171328,Instant Foods (Mathura),General C,HVHF,2026-05-30,5.142857142857143,5.8,2026-05-05
USR-41357,Cross Line Events (EDelhi),General A,HVHF,2026-05-25,5.833333333333333,5.4,2026-05-05
USR-170450,Instant Foods (Mathura),General A,HVHF,2026-05-16,4.6,5.3,2026-05-05
USR-21870,Cross Line Events (Ghaziabad),Paan B,HVLF,2026-01-30,4.142857142857143,5.1,2026-05-05
USR-41156,Cross Line Events (EDelhi),Paan A,HVHF,2026-05-27,5.615384615384615,5.5,2026-05-05
USR-171153,Instant Foods (Mathura),Paan A,HVHF,2026-05-27,6.130434782608695,5.9,2026-05-05
USR-171132,Instant Foods (Mathura),General C,HVLF,2026-05-25,5.0,5.5,2026-05-05
USR-171087,Instant Foods (Mathura),Paan B,HVHF,2026-05-30,4.4375,5.4,2026-05-05
USR-22076,Instant Foods(Noida),General C,HVLF,2026-05-25,13.090909090909092,5.3,2026-05-05
USR-171031,Instant Foods (Mathura),General B,HVHF,2026-05-25,5.611111111111111,5.7,2026-05-05
USR-171020,Instant Foods (Mathura),General B,HVLF,2026-05-29,5.833333333333333,5.8,2026-05-05
USR-41241,Cross Line Events (EDelhi),General A,HVHF,2026-05-28,4.612903225806452,5.1,2026-05-05
USR-170422,Instant Foods (Mathura),General A,LVLF,2026-03-31,7.0,5.8,2026-05-05
USR-22673,Instant Foods(Noida),General C,HVHF,2026-05-28,5.25,5.2,2026-05-05
USR-170327,Rapid Enterprises,General B,HVLF,2026-02-04,7.0,5.7,2026-05-05
USR-169972,Rapid Enterprises,General B,HVLF,2026-02-07,7.0,5.6,2026-05-05
USR-2309,Crossline Events (Noida),Paan B,HVHF,2026-05-29,4.484848484848484,5.8,2026-05-05
USR-169966,Instant Foods (GZB),General C,HVHF,2026-05-29,4.862068965517241,5.8,2026-05-05
USR-23093,Instant Foods(Noida),Paan B,HVHF,2026-05-30,4.516129032258065,5.9,2026-05-05
USR-39430,Cross Line Events (EDelhi),Paan B,HVHF,2026-05-18,5.076923076923077,5.2,2026-05-05
USR-23282,Instant Foods(Noida),General A,HVLF,2026-02-07,7.0,5.9,2026-05-05
USR-922,Crossline Events (Noida),General A,HVHF,2026-05-22,4.666666666666667,5.5,2026-05-05
USR-23011,Instant Foods(Noida),General A,HVLF,2026-01-07,7.0,5.9,2026-05-05
USR-169868,Instant Foods (SED),Paan B,HVHF,2026-05-27,5.869565217391305,5.9,2026-05-05
USR-23387,Crossline Events (Noida),General C,HVLF,2026-04-06,5.6875,5.4,2026-05-05
USR-169843,NB Enterprises (West Delhi),General B,HVHF,2026-05-15,5.32,5.9,2026-05-05
USR-169840,Cross Line Events (Ghaziabad),General B,HVHF,2026-05-27,5.538461538461538,5.3,2026-05-05
USR-92354,Instant Foods (SED),Paan B,HVHF,2026-05-27,6.041666666666667,5.7,2026-05-05
USR-39276,Cross Line Events (EDelhi),General A,HVHF,2026-05-29,4.235294117647059,5.2,2026-05-05
USR-169763,NB Enterprises (West Delhi),Paan B,HVLF,2026-02-24,5.3,5.4,2026-05-05
USR-92388,Instant Foods (SED),General A,HVHF,2026-05-29,4.8,5.7,2026-05-05
USR-2335,Crossline Events (Noida),General B,HVHF,2026-05-21,5.148148148148148,5.3,2026-05-05
USR-9128,Instant Foods (GZB),General A,HVHF,2026-05-29,4.933333333333334,5.7,2026-05-05
USR-169976,Rapid Enterprises,General A,HVHF,2026-04-26,4.346153846153846,5.0,2026-05-05
USR-169991,Crossline Events (Noida),Paan C,HVHF,2026-05-29,4.352941176470588,5.2,2026-05-05
USR-39920,Cross Line Events (EDelhi),General A,HVHF,2026-05-30,5.653846153846154,5.9,2026-05-05
USR-170308,Instant Foods (SED),Paan A,HVLF,2026-02-06,7.0,5.5,2026-05-05
USR-170267,Instant Foods (Mathura),Paan B,HVHF,2026-05-25,5.928571428571429,5.4,2026-05-05
USR-170259,Crossline Events (Noida),Paan C,HVHF,2026-05-29,4.793103448275862,5.1,2026-05-05
USR-91852,Instant Foods (SED),Paan B,HVHF,2026-05-22,5.478260869565218,5.4,2026-05-05
USR-170244,Instant Foods (SED),Paan B,HVLF,2026-04-01,5.357142857142857,5.6,2026-05-05
USR-91945,Instant Foods (SED),General A,HVHF,2026-05-29,4.625,5.5,2026-05-05
USR-169980,Instant Foods(Noida),General A,HVLF,2026-05-30,15.777777777777779,5.0,2026-05-05
USR-170188,Instant Foods(Noida),Paan A,HVHF,2026-05-30,3.0714285714285716,5.8,2026-05-05
USR-39810,Cross Line Events (EDelhi),General A,HVHF,2026-05-30,3.5853658536585367,5.6,2026-05-05
USR-170140,NB Enterprises (West Delhi),Paan C,HVHF,2026-04-21,5.190476190476191,5.1,2026-05-05
USR-22840,Instant Foods(Noida),General A,HVHF,2026-05-20,6.045454545454546,5.7,2026-05-05
USR-92090,Instant Foods (SED),General A,HVHF,2026-05-25,4.964285714285714,5.0,2026-05-05
USR-39631,Cross Line Events (EDelhi),General B,HVHF,2026-05-29,4.40625,5.5,2026-05-05
USR-170006,Cross Line Events (Ghaziabad),General A,HVHF,2026-05-18,5.434782608695652,5.4,2026-05-05
USR-169996,Rapid Enterprises,General B,HVHF,2026-05-13,5.6521739130434785,5.6,2026-05-05
USR-170180,NB Enterprises (West Delhi),General B,HVLF,2026-01-06,7.0,5.4,2026-05-05
USR-92404,Instant Foods (SED),General A,HVHF,2026-05-28,5.461538461538462,5.4,2026-05-05
USR-41635,Crossline Events (Noida),General A,HVLF,2026-04-16,7.25,5.9,2026-05-05
USR-41708,Cross Line Events (EDelhi),General A,HVLF,2026-03-09,5.5,5.2,2026-05-05
USR-87546,Instant Foods (SED),Paan B,HVHF,2026-05-27,5.64,5.4,2026-05-05
USR-44284,Cross Line Events (EDelhi),General A,HVHF,2026-05-30,3.8684210526315788,5.1,2026-05-05
USR-44234,Cross Line Events (EDelhi),General A,HVHF,2026-05-06,5.409090909090909,5.4,2026-05-05
USR-19607,Instant Foods(Noida),Paan B,HVLF,2026-02-12,6.166666666666667,5.7,2026-05-05
USR-19620,Instant Foods(Noida),General A,HVLF,2026-05-25,20.0,5.4,2026-05-05
USR-44190,Cross Line Events (EDelhi),General A,HVHF,2026-05-29,4.242424242424242,5.1,2026-05-05
USR-19805,Instant Foods(Noida),General C,HVHF,2026-05-25,5.72,5.3,2026-05-05
USR-19832,Instant Foods(Noida),General C,HVHF,2026-05-30,4.323529411764706,5.5,2026-05-05
USR-19917,Instant Foods(Noida),Paan B,HVHF,2026-05-27,5.071428571428571,5.0,2026-05-05
USR-172496,Instant Foods (Mathura),Paan A,HVHF,2026-05-31,4.416666666666667,5.3,2026-05-05
USR-43581,Cross Line Events (EDelhi),General A,HVLF,2026-02-07,7.0,5.8,2026-05-05
USR-172486,Instant Foods (Mathura),General B,HVLF,2026-04-27,6.666666666666667,5.9,2026-05-05
USR-886,Instant Foods(Noida),Paan B,HVHF,2026-05-30,4.2,5.4,2026-05-05
USR-43572,Cross Line Events (EDelhi),General A,HVHF,2026-05-22,4.888888888888889,5.8,2026-05-05
USR-172220,Instant Foods (Mathura),General A,HVLF,2026-03-05,7.0,5.8,2026-05-05
USR-172766,Rapid Enterprises,General B,HVLF,2026-01-20,5.0,5.0,2026-05-05
USR-444,Instant Foods(Noida),General C,HVLF,2026-01-07,7.0,5.9,2026-05-05
USR-19213,Instant Foods(Noida),General B,HVLF,2026-04-27,5.923076923076923,5.7,2026-05-05
USR-172796,Instant Foods (Mathura),General A,HVHF,2026-05-29,4.565217391304348,5.1,2026-05-05
USR-8563,Cross Line Events (Ghaziabad),General A,HVHF,2026-04-28,4.64,5.0,2026-05-05
USR-45054,Cross Line Events (EDelhi),General A,HVHF,2026-05-29,4.625,5.7,2026-05-05
USR-173048,Instant Foods (Mathura),General A,HVHF,2026-05-30,4.0,5.1,2026-05-05
USR-44846,Cross Line Events (EDelhi),General A,HVHF,2026-05-29,5.611111111111111,5.8,2026-05-05
USR-173033,Instant Foods (Mathura),General C,HVHF,2026-05-29,5.2,5.7,2026-05-05
USR-173003,Instant Foods (Mathura),General B,HVHF,2026-05-29,4.882352941176471,5.1,2026-05-05
USR-19021,Instant Foods(Noida),General B,HVHF,2026-05-28,5.0344827586206895,5.0,2026-05-05
USR-172216,Instant Foods (Mathura),General B,HVLF,2026-05-25,6.0,5.9,2026-05-05
USR-19031,Instant Foods(Noida),General B,HVHF,2026-05-18,5.565217391304348,5.3,2026-05-05
USR-19125,Instant Foods(Noida),General C,HVHF,2026-05-29,4.454545454545454,5.2,2026-05-05
USR-172926,Instant Foods (Mathura),General C,LVLF,2026-03-02,4.5,5.2,2026-05-05
USR-44614,Instant Foods(Noida),Paan B,HVHF,2026-05-28,5.0,5.1,2026-05-05
USR-8643,Instant Foods(Noida),Paan B,HVLF,2026-03-19,5.357142857142857,5.0,2026-05-05
USR-44566,Cross Line Events (Ghaziabad),Paan B,HVLF,2026-01-06,7.0,5.7,2026-05-05
USR-172808,Rapid Enterprises,General B,HVLF,2026-01-29,4.666666666666667,5.0,2026-05-05
USR-44565,Cross Line Events (EDelhi),General A,HVHF,2026-05-29,4.333333333333333,5.2,2026-05-05
USR-44799,Cross Line Events (Ghaziabad),Paan B,HVHF,2026-05-30,3.8947368421052633,5.2,2026-05-05
USR-20039,Instant Foods(Noida),Paan B,HVHF,2026-05-29,4.483870967741935,5.5,2026-05-05
USR-172189,Instant Foods (Mathura),General A,HVLF,2026-05-27,5.142857142857143,5.5,2026-05-05
USR-89740,Instant Foods (SED),General C,HVHF,2026-05-31,4.111111111111111,5.9,2026-05-05
USR-42691,Cross Line Events (EDelhi),General A,HVHF,2026-05-01,3.8666666666666667,5.1,2026-05-05
USR-20965,Instant Foods(Noida),Paan B,HVHF,2026-05-28,5.88,5.8,2026-05-05
USR-171660,Cross Line Events (Ghaziabad),General B,HVHF,2026-05-30,3.8421052631578947,5.1,2026-05-05
USR-171615,Rapid Enterprises,General A,HVLF,2026-01-05,7.0,5.4,2026-05-05
USR-21065,Instant Foods(Noida),General C,HVLF,2026-05-26,14.0,5.4,2026-05-05
USR-42047,Cross Line Events (EDelhi),General A,HVLF,2026-01-07,7.0,5.7,2026-05-05
USR-91196,Instant Foods (SED),General A,HVHF,2026-05-29,4.961538461538462,5.7,2026-05-05
USR-171742,Instant Foods (Mathura),General B,HVLF,2026-04-04,4.166666666666667,5.2,2026-05-05
USR-4171,Cross Line Events (Ghaziabad),General C,HVHF,2026-05-25,5.6,5.4,2026-05-05
USR-171470,Instant Foods (Mathura),General B,HVLF,2026-05-30,5.75,5.4,2026-05-05
USR-171465,Instant Foods (Mathura),General B,HVLF,2026-05-05,5.0,5.4,2026-05-05
USR-91217,Instant Foods (SED),General A,HVHF,2026-05-29,4.235294117647059,5.1,2026-05-05
USR-171464,Rapid Enterprises,General B,HVLF,2026-01-17,5.333333333333333,5.2,2026-05-05
USR-2136,Instant Foods(Noida),General B,HVHF,2026-05-30,3.769230769230769,5.5,2026-05-05
USR-91243,Instant Foods (SED),General A,HVHF,2026-05-30,5.321428571428571,5.6,2026-05-05
USR-171424,Instant Foods (Mathura),General B,HVLF,2026-05-26,5.333333333333333,5.1,2026-05-05
USR-171496,Instant Foods (Mathura),General B,HVHF,2026-05-26,5.857142857142857,5.8,2026-05-05
USR-41668,Instant Foods(Noida),Paan B,HVHF,2026-05-24,4.9375,5.4,2026-05-05
USR-20811,Instant Foods(Noida),General A,HVHF,2026-05-29,5.185185185185185,5.3,2026-05-05
USR-171814,Rapid Enterprises,General B,LVLF,2026-01-06,7.0,5.8,2026-05-05
USR-43001,Cross Line Events (EDelhi),General A,HVLF,2026-03-06,7.0,5.6,2026-05-05
USR-20441,Instant Foods(Noida),Chemist C,HVLF,2026-02-07,7.0,5.9,2026-05-05
USR-17215,Instant Foods(Noida),Paan B,HVLF,2026-02-07,7.0,5.9,2026-05-05
USR-172146,Instant Foods (GZB),General C,HVLF,2026-01-08,7.0,5.8,2026-05-05
USR-20495,Instant Foods(Noida),Paan B,LVLF,2026-01-24,5.5,5.3,2026-05-05
USR-172104,Instant Foods (Mathura),General A,HVLF,2026-05-26,5.666666666666667,5.6,2026-05-05
USR-172099,Instant Foods (Mathura),General A,HVHF,2026-05-28,4.521739130434782,5.0,2026-05-05
USR-171812,Instant Foods (Mathura),General B,HVLF,2026-05-25,5.363636363636363,5.4,2026-05-05
USR-172,Crossline Events (Noida),Paan B,HVHF,2026-05-29,4.625,5.6,2026-05-05
USR-9069,Instant Foods (GZB),General B,HVLF,2026-02-07,7.0,5.8,2026-05-05
USR-42882,Cross Line Events (EDelhi),General A,HVHF,2026-05-30,4.65625,5.8,2026-05-05
USR-20512,Instant Foods(Noida),Paan B,HVHF,2026-05-30,5.730769230769231,5.9,2026-05-05
USR-171879,Rapid Enterprises,General B,HVLF,2026-01-06,7.0,5.6,2026-05-05
USR-171874,Rapid Enterprises,General A,LVLF,2026-01-06,7.0,5.8,2026-05-05
USR-20597,Instant Foods(Noida),General C,HVHF,2026-05-30,4.181818181818182,5.9,2026-05-05
USR-171825,Rapid Enterprises,General B,LVLF,2026-01-06,7.0,5.8,2026-05-05
USR-171995,Instant Foods (Mathura),General A,HVLF,2026-05-21,5.083333333333333,5.1,2026-05-05
USR-171016,Instant Foods (Mathura),Wholesaler,HVHF,2026-05-29,4.171428571428572,5.5,2026-05-05
USR-171662,Rapid Enterprises,General B,LVLF,2026-01-06,7.0,5.8,2026-05-05
USR-120715,Crossline Events (Meerut),General C,HVHF,2026-05-22,5.764705882352941,5.9,2026-05-05
USR-163839,Rapid Enterprises,General B,HVHF,2026-05-28,5.576923076923077,5.7,2026-05-05
USR-122509,Crossline Events (Meerut),Paan B,HVHF,2026-05-30,3.0,5.6,2026-05-05
USR-163868,Instant Foods(Noida),Paan C,HVHF,2026-03-28,4.25,5.6,2026-05-05
USR-159057,Crossline Events (Meerut),Paan C,HVHF,2026-05-27,5.2592592592592595,5.1,2026-05-05
USR-159070,Crossline Events (Meerut),General A,HVHF,2026-05-31,3.8461538461538463,5.6,2026-05-05
USR-159072,Crossline Events (Meerut),General A,HVLF,2026-02-07,7.0,5.8,2026-05-05
USR-133159,Instant Foods (GZB),General C,HVHF,2026-05-29,4.741935483870968,5.6,2026-05-05
USR-159140,Instant Foods(Noida),General B,HVHF,2026-05-25,5.5,5.3,2026-05-05
USR-163881,Rapid Enterprises,General C,HVHF,2026-05-30,4.484848484848484,5.6,2026-05-05
USR-159178,Crossline Events (Meerut),General A,HVHF,2026-05-29,4.323529411764706,5.4,2026-05-05
USR-159181,Crossline Events (Meerut),General C,HVHF,2026-05-27,5.384615384615385,5.2,2026-05-05
USR-119853,NB Enterprises (West Delhi),General A,HVHF,2026-05-28,6.304347826086956,5.6,2026-05-05
USR-159221,Cross Line Events (Ghaziabad),Paan A,HVLF,2026-03-06,7.0,5.6,2026-05-05
USR-163882,Rapid Enterprises,Paan A,HVLF,2026-03-11,5.0,5.1,2026-05-05
USR-162100,Instant Foods(Noida),General B,HVLF,2026-03-01,5.5,5.2,2026-05-05
USR-159267,Crossline Events (Meerut),General A,HVHF,2026-05-18,5.2631578947368425,5.6,2026-05-05
USR-163890,Rapid Enterprises,General A,HVHF,2026-05-23,4.580645161290323,5.8,2026-05-05
USR-119722,Crossline Events (Meerut),Paan B,HVHF,2026-05-23,4.451612903225806,5.6,2026-05-05
USR-119387,Crossline Events (Meerut),Paan B,HVHF,2026-04-17,5.0588235294117645,5.3,2026-05-05
USR-159294,Crossline Events (Meerut),General A,HVHF,2026-05-29,5.5,5.7,2026-05-05
USR-159340,Instant Foods(Noida),General C,HVHF,2026-05-25,5.916666666666667,5.6,2026-05-05
USR-159348,Crossline Events (Meerut),General A,HVHF,2026-05-10,4.45,5.5,2026-05-05
USR-159366,Instant Foods(Noida),General C,HVLF,2026-01-07,7.0,5.9,2026-05-05
USR-11693,Cross Line Events (Ghaziabad),Paan B,HVHF,2026-05-23,3.710526315789474,5.8,2026-05-05
USR-159463,Instant Foods(Noida),General C,HVHF,2026-05-30,4.645161290322581,5.8,2026-05-05
USR-159020,Crossline Events (Meerut),General A,HVHF,2026-05-31,5.28,5.8,2026-05-05
USR-164022,Rapid Enterprises,General B,HVHF,2026-05-29,4.612903225806452,5.7,2026-05-05
USR-163833,Rapid Enterprises,General B,HVLF,2026-05-30,4.615384615384615,5.3,2026-05-05
USR-123877,Crossline Events (Meerut),General C,HVHF,2026-05-29,4.352941176470588,5.3,2026-05-05
USR-12673,Instant Foods (GZB),Paan B,HVHF,2026-05-15,5.32,5.4,2026-05-05
USR-153622,Instant Foods (SED),General C,HVLF,2026-03-16,5.833333333333333,5.4,2026-05-05
USR-126679,Crossline Events (Meerut),General A,HVHF,2026-05-06,5.125,5.0,2026-05-05
USR-162273,Rapid Enterprises,Paan A,HVLF,2026-05-26,9.461538461538462,5.2,2026-05-05
USR-153661,Crossline Events (Meerut),General C,HVHF,2026-05-29,4.407407407407407,5.3,2026-05-05
USR-126535,Crossline Events (Meerut),General B,HVHF,2026-05-29,4.303030303030303,5.6,2026-05-05
USR-126398,Crossline Events (Meerut),General C,HVHF,2026-05-27,6.041666666666667,5.8,2026-05-05
USR-162244,Rapid Enterprises,General B,HVHF,2026-05-29,5.074074074074074,5.9,2026-05-05
USR-153789,NB Enterprises (West Delhi),General A,HVHF,2026-04-28,4.875,5.0,2026-05-05
USR-126362,Crossline Events (Meerut),General C,HVHF,2026-05-29,4.323529411764706,5.3,2026-05-05
USR-126322,Crossline Events (Meerut),General C,HVHF,2026-05-18,5.44,5.2,2026-05-05
USR-162233,Rapid Enterprises,General B,HVHF,2026-05-27,7.473684210526316,5.4,2026-05-05
USR-163751,Rapid Enterprises,General A,HVHF,2026-05-30,4.027027027027027,5.4,2026-05-05
USR-126224,Crossline Events (Meerut),General B,HVHF,2026-05-29,5.346153846153846,5.3,2026-05-05
USR-126181,Crossline Events (Meerut),General C,HVHF,2026-05-26,5.5,5.4,2026-05-05
USR-126161,Crossline Events (Meerut),General C,HVHF,2026-05-29,4.827586206896552,5.8,2026-05-05
USR-153912,Crossline Events (Meerut),General C,HVLF,2026-05-29,16.125,5.6,2026-05-05
USR-162215,Rapid Enterprises,General C,HVHF,2026-05-16,4.7894736842105265,5.4,2026-05-05
USR-126123,Crossline Events (Meerut),General A,HVHF,2026-05-25,4.733333333333333,5.1,2026-05-05
USR-126119,Crossline Events (Meerut),General A,HVHF,2026-05-29,5.037037037037037,5.9,2026-05-05
USR-163784,Rapid Enterprises,General A,HVLF,2026-05-29,11.916666666666666,5.0,2026-05-05
USR-12551,Instant Foods (GZB),General C,HVLF,2026-02-07,7.0,5.8,2026-05-05
USR-162193,Rapid Enterprises,Paan B,HVHF,2026-05-07,4.88,5.0,2026-05-05
USR-158941,Crossline Events (Meerut),General A,HVHF,2026-05-29,4.294117647058823,5.2,2026-05-05
USR-124654,Crossline Events (Meerut),General C,HVLF,2026-01-05,7.0,5.0,2026-05-05
USR-122566,Crossline Events (Meerut),Paan B,HVHF,2026-05-25,6.2272727272727275,5.9,2026-05-05
USR-116527,Crossline Events (Meerut),General C,HVHF,2026-05-23,3.8333333333333335,5.7,2026-05-05
USR-159512,Instant Foods(Noida),General C,HVHF,2026-05-27,5.76,5.2,2026-05-05
USR-164040,Rapid Enterprises,General A,HVHF,2026-05-26,5.64,5.2,2026-05-05
USR-160105,Instant Foods (GZB),Paan C,HVLF,2026-01-21,5.5,5.3,2026-05-05
USR-161912,Rapid Enterprises,General B,HVHF,2026-05-19,5.954545454545454,5.8,2026-05-05
USR-160117,Instant Foods (GZB),General C,HVHF,2026-05-27,5.0,5.4,2026-05-05
USR-1643,Instant Foods(Noida),Paan B,HVHF,2026-05-27,5.538461538461538,5.2,2026-05-05
USR-160137,Cross Line Events (Ghaziabad),Paan C,HVHF,2026-05-30,3.942857142857143,5.1,2026-05-05
USR-160161,Crossline Events (Meerut),Paan C,HVHF,2026-05-29,4.2,5.4,2026-05-05
USR-160186,Crossline Events (Meerut),General B,HVLF,2026-03-23,5.454545454545454,5.2,2026-05-05
USR-113248,NB Enterprises (West Delhi),General A,HVHF,2026-05-25,4.923076923076923,5.1,2026-05-05
USR-164314,Rapid Enterprises,General B,HVHF,2026-05-29,4.866666666666666,5.7,2026-05-05
USR-113032,NB Enterprises (West Delhi),General A,HVHF,2026-05-06,4.875,5.2,2026-05-05
USR-112857,NB Enterprises (West Delhi),General B,HVHF,2026-05-30,4.138888888888889,5.5,2026-05-05
USR-160225,Crossline Events (Meerut),General C,HVHF,2026-05-28,5.576923076923077,5.6,2026-05-05
USR-164397,Rapid Enterprises,General C,HVHF,2026-05-26,5.8,5.5,2026-05-05
USR-112147,NB Enterprises (West Delhi),General A,HVLF,2026-05-12,5.25,5.3,2026-05-05
USR-160344,Instant Foods(Noida),Paan A,HVHF,2026-05-14,5.818181818181818,5.9,2026-05-05
USR-111753,NB Enterprises (West Delhi),General A,HVHF,2026-05-26,5.423076923076923,5.1,2026-05-05
USR-161844,Rapid Enterprises,General B,HVHF,2026-05-31,4.666666666666667,5.8,2026-05-05
USR-160362,Instant Foods(Noida),Paan B,HVHF,2026-05-27,5.833333333333333,5.5,2026-05-05
USR-160401,Cross Line Events (Ghaziabad),General C,HVHF,2026-05-28,5.444444444444445,5.2,2026-05-05
USR-160402,Cross Line Events (Ghaziabad),General B,HVHF,2026-05-30,4.153846153846154,5.1,2026-05-05
USR-111387,NB Enterprises (West Delhi),General A,HVHF,2026-05-25,5.5,5.2,2026-05-05
USR-11137,Cross Line Events (Ghaziabad),General A,HVHF,2026-04-22,5.352941176470588,5.2,2026-05-05
USR-160434,Instant Foods(Noida),Paan C,HVHF,2026-05-25,5.72,5.8,2026-05-05
USR-160439,Instant Foods(Noida),Paan A,HVLF,2026-03-24,7.333333333333333,5.9,2026-05-05
USR-161723,Rapid Enterprises,General A,HVHF,2026-05-29,4.193548387096774,5.1,2026-05-05
USR-160075,Crossline Events (Meerut),Paan A,HVHF,2026-05-09,4.148148148148148,5.6,2026-05-05
USR-160051,Instant Foods(Noida),General C,HVLF,2026-01-06,7.0,5.9,2026-05-05
USR-161918,Rapid Enterprises,General B,HVHF,2026-05-29,4.228571428571429,5.3,2026-05-05
USR-159869,Instant Foods(Noida),Wholesaler,HVLF,2026-01-01,7.0,5.9,2026-05-05
USR-159535,Instant Foods(Noida),Paan B,HVHF,2026-05-30,3.8157894736842106,5.1,2026-05-05
USR-159568,Instant Foods(Noida),General A,HVLF,2026-03-23,6.0,5.9,2026-05-05
USR-11486,Instant Foods (GZB),General B,HVLF,2026-04-24,18.5,5.0,2026-05-05
USR-114779,NB Enterprises (West Delhi),General B,HVHF,2026-04-24,5.333333333333333,5.7,2026-05-05
USR-114734,Instant Foods(Noida),Paan B,HVLF,2026-01-05,7.0,5.2,2026-05-05
USR-114671,NB Enterprises (West Delhi),Paan B,HVHF,2026-04-20,5.05,5.3,2026-05-05
USR-114667,Instant Foods (SED),Paan B,HVHF,2026-05-25,4.5,5.4,2026-05-05
USR-164127,Rapid Enterprises,General A,HVHF,2026-05-20,5.1923076923076925,5.2,2026-05-05
USR-114618,NB Enterprises (West Delhi),Paan A,HVHF,2026-05-29,4.625,5.6,2026-05-05
USR-159636,Instant Foods(Noida),General C,HVHF,2026-05-29,5.64,5.8,2026-05-05
USR-159650,Instant Foods (SED),General A,HVHF,2026-05-29,4.424242424242424,5.4,2026-05-05
USR-161995,Rapid Enterprises,General A,HVHF,2026-05-29,5.285714285714286,5.3,2026-05-05
USR-126890,Crossline Events (Meerut),Paan B,HVHF,2026-05-30,3.8684210526315788,5.0,2026-05-05
USR-159669,Instant Foods(Noida),General B,HVLF,2026-02-15,6.75,5.6,2026-05-05
USR-159700,Cross Line Events (Ghaziabad),Paan B,HVHF,2026-05-30,3.8205128205128207,5.0,2026-05-05
USR-159704,Instant Foods(Noida),General A,HVHF,2026-05-29,4.083333333333333,5.0,2026-05-05
USR-161945,Rapid Enterprises,General A,HVHF,2026-05-29,5.625,5.9,2026-05-05
USR-159720,Cross Line Events (EDelhi),General A,HVHF,2026-05-26,5.578947368421052,5.7,2026-05-05
USR-161944,NB Enterprises (West Delhi),Paan B,HVLF,2026-04-08,5.3,5.6,2026-05-05
USR-159721,Cross Line Events (EDelhi),General A,HVLF,2026-04-01,5.375,5.7,2026-05-05
USR-114186,NB Enterprises (West Delhi),General A,HVHF,2026-05-19,5.2727272727272725,5.5,2026-05-05
USR-159742,Crossline Events (Meerut),General C,HVHF,2026-05-30,5.653846153846154,5.9,2026-05-05
USR-159751,Crossline Events (Meerut),General C,HVHF,2026-05-30,3.8684210526315788,5.6,2026-05-05
USR-159763,Crossline Events (Meerut),General B,HVHF,2026-05-26,5.7727272727272725,5.5,2026-05-05
USR-159780,Crossline Events (Meerut),General A,HVLF,2026-05-29,5.666666666666667,5.6,2026-05-05
USR-161922,Rapid Enterprises,Chemist A,HVHF,2026-05-19,5.2105263157894735,5.1,2026-05-05
USR-159687,Crossline Events (Noida),Paan A,HVLF,2026-02-06,8.0,5.2,2026-05-05
USR-110920,Instant Foods(Noida),Paan B,HVHF,2026-05-30,3.3333333333333335,5.1,2026-05-05
USR-153509,Instant Foods (SED),General A,HVLF,2026-02-03,6.2,5.3,2026-05-05
USR-126963,Crossline Events (Meerut),Paan B,HVHF,2026-05-26,5.185185185185185,5.2,2026-05-05
USR-134883,Crossline Events (Meerut),General C,HVHF,2026-05-29,4.84,5.6,2026-05-05
USR-135085,Cross Line Events (Ghaziabad),Paan B,HVHF,2026-05-29,4.766666666666667,5.6,2026-05-05
USR-135140,Cross Line Events (Ghaziabad),General C,HVLF,2026-02-09,7.0,5.6,2026-05-05
USR-13172,Instant Foods(Noida),General B,HVHF,2026-05-29,5.444444444444445,5.3,2026-05-05
USR-163140,Rapid Enterprises,General A,HVHF,2026-05-26,5.75,5.4,2026-05-05
USR-131640,Crossline Events (Meerut),General C,LVLF,2026-01-06,7.0,5.8,2026-05-05
USR-131614,Crossline Events (Meerut),General C,HVHF,2026-04-29,5.363636363636363,5.2,2026-05-05
USR-135242,Crossline Events (Meerut),General A,HVHF,2026-05-27,5.185185185185185,5.0,2026-05-05
USR-163182,Rapid Enterprises,Paan A,HVHF,2026-05-30,4.53125,5.8,2026-05-05
USR-135525,Crossline Events (Meerut),General A,LVHF,2026-05-29,4.083333333333333,5.0,2026-05-05
USR-135528,NB Enterprises (West Delhi),Paan A,HVHF,2026-05-05,4.92,5.0,2026-05-05
USR-131304,Crossline Events (Meerut),General B,HVLF,2026-04-17,10.5,5.7,2026-05-05
USR-162641,Rapid Enterprises,Paan B,HVHF,2026-05-30,3.918918918918919,5.0,2026-05-05
USR-135818,Instant Foods (GZB),General A,HVHF,2026-05-29,4.323529411764706,5.2,2026-05-05
USR-163213,Rapid Enterprises,General B,HVHF,2026-04-25,4.260869565217392,5.4,2026-05-05
USR-130981,Crossline Events (Meerut),General B,HVLF,2026-05-04,5.0,5.3,2026-05-05
USR-137662,NB Enterprises (West Delhi),General A,HVLF,2026-03-26,6.0,5.7,2026-05-05
USR-137674,NB Enterprises (West Delhi),General B,HVHF,2026-05-23,4.285714285714286,5.5,2026-05-05
USR-130816,Crossline Events (Meerut),General A,HVLF,2026-02-21,4.5,5.0,2026-05-05
USR-130761,Crossline Events (Meerut),General B,HVHF,2026-05-28,5.25,5.4,2026-05-05
USR-130756,Crossline Events (Meerut),Paan A,HVHF,2026-05-29,5.25,5.3,2026-05-05
USR-1396,Crossline Events (Noida),Paan B,HVHF,2026-05-26,5.333333333333333,5.0,2026-05-05
USR-162591,Rapid Enterprises,General C,HVHF,2026-05-28,5.88,5.8,2026-05-05
USR-130490,Crossline Events (Meerut),General A,HVHF,2026-05-31,3.789473684210526,5.5,2026-05-05
USR-130444,Crossline Events (Meerut),General C,HVHF,2026-05-08,4.62962962962963,5.7,2026-05-05
USR-134832,Crossline Events (Meerut),General C,HVLF,2026-02-09,7.0,5.9,2026-05-05
USR-130326,Crossline Events (Meerut),General C,HVLF,2026-03-27,6.076923076923077,5.8,2026-05-05
USR-162701,Rapid Enterprises,General C,HVHF,2026-05-27,5.8,5.4,2026-05-05
USR-134620,Instant Foods (GZB),General A,HVHF,2026-05-29,5.444444444444445,5.3,2026-05-05
USR-133186,Instant Foods (GZB),General A,HVHF,2026-05-29,6.125,5.9,2026-05-05
USR-162867,Rapid Enterprises,General A,HVHF,2026-05-18,5.0,5.2,2026-05-05
USR-162912,NB Enterprises (West Delhi),Paan B,HVLF,2026-02-16,5.0,5.0,2026-05-05
USR-133267,Instant Foods (GZB),Paan B,HVLF,2026-04-06,5.6,5.1,2026-05-05
USR-133297,Instant Foods (GZB),General A,HVLF,2026-01-05,7.0,5.6,2026-05-05
USR-162949,Instant Foods (GZB),General B,HVHF,2026-05-30,4.085714285714285,5.4,2026-05-05
USR-132662,Crossline Events (Meerut),General A,HVHF,2026-05-29,4.029411764705882,5.1,2026-05-05
USR-132659,Crossline Events (Meerut),General C,HVHF,2026-05-30,5.296296296296297,5.6,2026-05-05
USR-132540,Crossline Events (Meerut),General A,HVHF,2026-05-19,4.818181818181818,5.2,2026-05-05
USR-163009,Rapid Enterprises,General C,HVHF,2026-05-18,6.3,5.9,2026-05-05
USR-132518,NB Enterprises (West Delhi),Paan B,HVHF,2026-05-05,5.391304347826087,5.0,2026-05-05
USR-132458,Crossline Events (Meerut),General A,HVHF,2026-05-29,4.4375,5.4,2026-05-05
USR-133877,Instant Foods (GZB),General C,HVHF,2026-05-29,4.741935483870968,5.7,2026-05-05
USR-133881,Instant Foods (GZB),General B,HVHF,2026-05-29,4.9,5.8,2026-05-05
USR-133892,Instant Foods (GZB),General A,HVHF,2026-05-06,5.761904761904762,5.8,2026-05-05
USR-1324,Instant Foods(Noida),General B,HVHF,2026-05-15,4.75,5.9,2026-05-05
USR-13237,Cross Line Events (Ghaziabad),General C,HVHF,2026-05-26,5.148148148148148,5.0,2026-05-05
USR-132346,Crossline Events (Meerut),General B,HVHF,2026-05-06,4.576923076923077,5.1,2026-05-05
USR-133927,Instant Foods (GZB),General A,HVHF,2026-05-29,4.724137931034483,5.7,2026-05-05
USR-162756,Rapid Enterprises,General B,HVHF,2026-05-29,4.121212121212121,5.0,2026-05-05
USR-134066,Crossline Events (Meerut),General A,HVHF,2026-05-29,4.9655172413793105,5.7,2026-05-05
USR-163055,Rapid Enterprises,General C,HVHF,2026-05-20,5.619047619047619,5.5,2026-05-05
USR-134282,Instant Foods (GZB),Paan B,HVHF,2026-05-29,4.741935483870968,5.6,2026-05-05
USR-134363,Cross Line Events (Ghaziabad),General C,HVHF,2026-05-25,5.32,5.0,2026-05-05
USR-134465,Cross Line Events (Ghaziabad),Paan B,HVHF,2026-05-29,4.535714285714286,5.6,2026-05-05
USR-131850,Crossline Events (Meerut),General B,HVHF,2026-05-30,5.8,5.8,2026-05-05
USR-130303,Crossline Events (Meerut),General C,HVHF,2026-05-18,5.44,5.3,2026-05-05
USR-163285,Crossline Events (Meerut),General A,HVHF,2026-05-30,5.576923076923077,5.9,2026-05-05
USR-130187,Crossline Events (Meerut),General B,HVHF,2026-05-30,3.972972972972973,5.7,2026-05-05
USR-162403,Rapid Enterprises,General C,HVHF,2026-05-29,5.214285714285714,5.6,2026-05-05
USR-128903,Crossline Events (Meerut),General B,HVLF,2026-05-27,6.133333333333334,5.8,2026-05-05
USR-128901,Crossline Events (Meerut),General B,HVLF,2026-02-05,7.0,5.7,2026-05-05
USR-163518,Cross Line Events (Ghaziabad),Paan A,HVHF,2026-05-29,4.766666666666667,5.7,2026-05-05
USR-128767,Crossline Events (Meerut),Paan B,LVLF,2026-01-06,7.0,5.8,2026-05-05
USR-152705,NB Enterprises (West Delhi),Paan B,HVLF,2026-02-16,6.833333333333333,5.4,2026-05-05
USR-152909,NB Enterprises (West Delhi),General C,HVLF,2026-02-16,7.666666666666667,5.8,2026-05-05
USR-128707,Crossline Events (Meerut),General A,LVLF,2026-01-06,7.0,5.8,2026-05-05
USR-162355,Rapid Enterprises,General C,HVHF,2026-05-22,4.15625,5.0,2026-05-05
USR-128461,Crossline Events (Meerut),General B,HVLF,2026-02-05,7.0,5.7,2026-05-05
USR-153098,Crossline Events (Meerut),Paan C,HVHF,2026-05-29,4.352941176470588,5.2,2026-05-05
USR-163583,Rapid Enterprises,General B,HVLF,2026-01-24,5.75,5.9,2026-05-05
USR-153099,Crossline Events (Meerut),Paan C,HVHF,2026-05-29,4.111111111111111,5.1,2026-05-05
USR-128126,Crossline Events (Meerut),General B,HVLF,2026-03-31,6.285714285714286,5.9,2026-05-05
USR-128043,Crossline Events (Meerut),General C,HVHF,2026-05-30,4.454545454545454,5.6,2026-05-05
USR-163619,Instant Foods (SED),Paan C,HVHF,2026-05-29,4.741935483870968,5.8,2026-05-05
USR-153164,NB Enterprises (West Delhi),General C,HVHF,2026-05-29,4.612903225806452,5.5,2026-05-05
USR-153199,Crossline Events (Meerut),General A,HVHF,2026-05-30,5.76,5.9,2026-05-05
USR-127703,Crossline Events (Meerut),General B,HVHF,2026-05-30,5.36,5.5,2026-05-05
USR-153226,Instant Foods(Noida),Paan B,HVLF,2026-02-05,7.0,5.6,2026-05-05
USR-163647,Rapid Enterprises,General B,HVLF,2026-02-13,4.857142857142857,5.2,2026-05-05
USR-153347,NB Enterprises (West Delhi),Paan B,HVLF,2026-05-19,5.2,5.5,2026-05-05
USR-127136,Crossline Events (Meerut),General C,LVLF,2026-01-05,7.0,5.7,2026-05-05
USR-162300,Rapid Enterprises,General B,HVHF,2026-05-18,5.666666666666667,5.6,2026-05-05
USR-153429,Instant Foods (GZB),Paan B,HVHF,2026-05-30,1.568421052631579,5.2,2026-05-05
USR-128924,Crossline Events (Meerut),Paan A,HVLF,2026-01-06,7.0,5.7,2026-05-05
USR-151947,Crossline Events (Meerut),General A,HVHF,2026-05-30,4.515151515151516,5.5,2026-05-05
USR-151825,Crossline Events (Meerut),General C,HVHF,2026-05-21,4.758620689655173,5.2,2026-05-05
USR-129023,Crossline Events (Meerut),General B,HVLF,2026-02-05,7.0,5.7,2026-05-05
USR-144293,NB Enterprises (West Delhi),General A,HVHF,2026-05-26,5.75,5.4,2026-05-05
USR-130160,Crossline Events (Meerut),General C,HVHF,2026-05-30,4.53125,5.8,2026-05-05
USR-130105,Crossline Events (Meerut),Paan A,HVHF,2026-05-15,4.290322580645161,5.3,2026-05-05
USR-146123,Instant Foods (SED),General C,HVHF,2026-05-26,6.0,5.7,2026-05-05
USR-162540,Rapid Enterprises,Paan A,HVHF,2026-05-11,4.88,5.1,2026-05-05
USR-1494,Crossline Events (Noida),Paan B,HVHF,2026-05-26,4.862068965517241,5.3,2026-05-05
USR-149856,Instant Foods (SED),General B,HVLF,2026-03-02,6.5,5.8,2026-05-05
USR-129899,Crossline Events (Meerut),General C,HVHF,2026-05-29,4.580645161290323,5.5,2026-05-05
USR-129826,Crossline Events (Meerut),General C,HVHF,2026-05-30,4.228571428571429,5.9,2026-05-05
USR-149880,Instant Foods(Noida),General A,HVHF,2026-05-29,4.5,5.3,2026-05-05
USR-12981,Cross Line Events (Ghaziabad),General B,HVLF,2026-05-27,6.076923076923077,5.6,2026-05-05
USR-162520,Rapid Enterprises,Paan A,HVHF,2026-05-29,5.423076923076923,5.5,2026-05-05
USR-153501,Instant Foods (SED),Paan C,HVHF,2026-05-06,5.7894736842105265,5.9,2026-05-05
USR-129698,Crossline Events (Meerut),Paan B,HVHF,2026-05-21,5.32,5.4,2026-05-05
USR-150463,NB Enterprises (West Delhi),General B,HVHF,2026-05-11,5.409090909090909,5.7,2026-05-05
USR-150931,Crossline Events (Meerut),General C,HVHF,2026-05-21,5.826086956521739,5.8,2026-05-05
USR-163402,Instant Foods(Noida),Paan B,HVLF,2026-02-19,5.0,5.2,2026-05-05
USR-163407,Rapid Enterprises,General C,HVLF,2026-04-30,11.5,5.0,2026-05-05
USR-151003,Instant Foods(Noida),Paan B,HVHF,2026-05-29,6.125,5.7,2026-05-05
USR-162447,Instant Foods(Noida),Paan B,HVHF,2026-05-27,5.423076923076923,5.5,2026-05-05
USR-151042,Crossline Events (Meerut),General C,HVLF,2026-05-27,21.0,5.4,2026-05-05
USR-163429,Rapid Enterprises,General C,HVHF,2026-05-29,4.111111111111111,5.2,2026-05-05
USR-162432,Instant Foods(Noida),Paan C,HVHF,2026-05-30,4.46875,5.6,2026-05-05
USR-151165,Instant Foods (SED),Paan B,HVHF,2026-05-22,4.419354838709677,5.4,2026-05-05
USR-129079,Crossline Events (Meerut),General A,HVHF,2026-05-30,4.56,5.8,2026-05-05
USR-151643,Instant Foods (GZB),Paan B,HVHF,2026-05-21,3.888888888888889,5.1,2026-05-05
USR-150436,NB Enterprises (West Delhi),General B,HVHF,2026-05-28,5.214285714285714,5.1,2026-05-05
USR-160536,Crossline Events (Meerut),General C,HVHF,2026-05-02,2.5319148936170213,5.2,2026-05-05
USR-133116,Crossline Events (Meerut),General A,HVHF,2026-05-27,5.04,5.2,2026-05-05
USR-160544,Instant Foods (GZB),Paan C,HVHF,2026-05-28,5.214285714285714,5.2,2026-05-05
USR-160962,Crossline Events (Meerut),Wholesaler,HVHF,2026-05-30,3.127659574468085,5.8,2026-05-05
USR-160961,Crossline Events (Meerut),Wholesaler,HVHF,2026-05-30,3.127659574468085,5.8,2026-05-05
USR-160954,Instant Foods (GZB),Paan C,HVHF,2026-05-20,6.0,5.3,2026-05-05
USR-160953,Instant Foods (GZB),Paan C,HVLF,2026-04-11,7.833333333333333,5.6,2026-05-05
USR-161504,Instant Foods (GZB),Paan C,HVLF,2026-03-20,5.833333333333333,5.8,2026-05-05
USR-105659,Instant Foods (SED),General A,HVHF,2026-05-23,5.833333333333333,5.9,2026-05-05
USR-105778,Instant Foods (SED),General A,HVHF,2026-05-29,5.103448275862069,5.9,2026-05-05
USR-160886,Instant Foods (GZB),Wholesaler,HVHF,2026-05-30,2.619047619047619,5.8,2026-05-05
USR-164765,Rapid Enterprises,General B,HVHF,2026-05-29,4.303030303030303,5.2,2026-05-05
USR-161529,Instant Foods(Noida),Paan C,HVHF,2026-05-31,3.0408163265306123,5.5,2026-05-05
USR-164750,Rapid Enterprises,General A,HVHF,2026-05-25,6.0,5.6,2026-05-05
USR-161545,Instant Foods (GZB),Paan B,HVLF,2026-04-20,36.0,5.8,2026-05-05
USR-106505,Instant Foods (SED),General A,HVHF,2026-05-29,6.0,5.9,2026-05-05
USR-161717,Rapid Enterprises,Paan A,HVHF,2026-05-29,4.176470588235294,5.1,2026-05-05
USR-160812,Instant Foods(Noida),Paan C,HVHF,2026-04-15,4.208333333333333,5.0,2026-05-05
USR-108742,Instant Foods (SED),Paan B,HVHF,2026-05-29,5.407407407407407,5.0,2026-05-05
USR-160764,NB Enterprises (West Delhi),General A,HVHF,2026-05-19,4.6,5.1,2026-05-05
USR-160754,Instant Foods(Noida),Paan B,HVHF,2026-05-29,4.793103448275862,5.9,2026-05-05
USR-160739,Crossline Events (Meerut),General A,HVHF,2026-05-29,4.176470588235294,5.1,2026-05-05
USR-160735,Crossline Events (Meerut),Paan A,HVHF,2026-05-26,5.583333333333333,5.5,2026-05-05
USR-109140,NB Enterprises (West Delhi),Paan B,HVLF,2026-01-06,7.0,5.9,2026-05-05
USR-109437,NB Enterprises (West Delhi),General A,HVLF,2026-01-12,5.0,5.1,2026-05-05
USR-161617,Instant Foods(Noida),Paan B,HVLF,2026-05-01,8.545454545454545,5.7,2026-05-05
USR-109573,NB Enterprises (West Delhi),General A,HVHF,2026-05-16,3.5588235294117645,5.3,2026-05-05
USR-109616,NB Enterprises (West Delhi),General A,HVHF,2026-05-27,5.76,5.3,2026-05-05
USR-164585,Rapid Enterprises,Paan B,HVHF,2026-05-28,5.8,5.6,2026-05-05
USR-1607,Crossline Events (Noida),Paan B,LVLF,2026-01-05,7.0,5.7,2026-05-05
USR-109868,NB Enterprises (West Delhi),General B,HVHF,2026-05-29,5.0344827586206895,5.8,2026-05-05
USR-160810,Instant Foods (GZB),Wholesaler,HVHF,2026-05-29,4.741935483870968,5.9,2026-05-05
USR-104521,Instant Foods (SED),General A,HVHF,2026-05-30,4.111111111111111,5.3,2026-05-05
USR-104084,Instant Foods (SED),General A,HVHF,2026-05-30,3.6176470588235294,5.9,2026-05-05
USR-10381,Instant Foods (GZB),General A,HVHF,2026-05-28,5.444444444444445,5.2,2026-05-05
USR-161369,Crossline Events (Meerut),General C,HVHF,2026-05-30,3.0625,5.5,2026-05-05
USR-165038,Rapid Enterprises,General B,HVLF,2026-04-22,5.5,5.6,2026-05-05
USR-161294,Instant Foods (GZB),Paan B,HVHF,2026-05-31,3.9722222222222223,5.1,2026-05-05
USR-100516,Instant Foods (SED),General A,HVHF,2026-05-25,5.72,5.4,2026-05-05
USR-161284,NB Enterprises (West Delhi),Paan B,HVLF,2026-03-06,7.0,5.9,2026-05-05
USR-161266,NB Enterprises (West Delhi),General B,HVLF,2026-01-05,7.0,5.3,2026-05-05
USR-165013,Rapid Enterprises,Paan A,HVHF,2026-05-29,4.333333333333333,5.3,2026-05-05
USR-164985,Rapid Enterprises,General A,HVLF,2026-02-05,7.0,5.5,2026-05-05
USR-161216,Crossline Events (Meerut),General C,HVHF,2026-05-30,3.4878048780487805,5.3,2026-05-05
USR-101013,Instant Foods (SED),General A,HVHF,2026-05-30,3.891891891891892,5.1,2026-05-05
USR-161199,Instant Foods (SED),Paan B,HVLF,2026-05-21,15.11111111111111,5.8,2026-05-05
USR-10134,Cross Line Events (EDelhi),General B,HVHF,2026-05-21,5.7727272727272725,5.7,2026-05-05
USR-164954,Rapid Enterprises,General C,HVLF,2026-03-07,7.0,5.9,2026-05-05
USR-101478,Instant Foods (SED),General A,HVHF,2026-05-28,5.25,5.3,2026-05-05
USR-161445,Cross Line Events (EDelhi),General B,HVHF,2026-05-29,3.972972972972973,5.3,2026-05-05
USR-101595,Instant Foods (SED),General A,HVHF,2026-05-20,5.52,5.5,2026-05-05
USR-101773,Instant Foods (SED),General A,HVHF,2026-05-29,4.484848484848484,5.4,2026-05-05
USR-161447,Cross Line Events (EDelhi),General B,HVHF,2026-05-30,4.142857142857143,5.9,2026-05-05
USR-101807,Instant Foods (SED),General A,HVHF,2026-05-29,4.484848484848484,5.3,2026-05-05
USR-101865,Instant Foods (SED),General A,HVHF,2026-05-29,4.52,5.0,2026-05-05
USR-101909,Instant Foods (SED),General A,HVLF,2026-01-22,5.25,5.0,2026-05-05
USR-101994,Instant Foods (SED),General A,HVHF,2026-05-30,5.285714285714286,5.6,2026-05-05
USR-1021,Crossline Events (Noida),General C,HVHF,2026-05-12,5.416666666666667,5.4,2026-05-05
USR-102537,Instant Foods (SED),General A,HVHF,2026-05-23,4.117647058823529,5.3,2026-05-05
USR-161078,Instant Foods (SED),Paan B,HVHF,2026-05-29,4.586206896551724,5.1,2026-05-05
USR-102724,Instant Foods (SED),General A,HVHF,2026-05-29,4.774193548387097,5.7,2026-05-05
USR-103098,Instant Foods (SED),General A,HVHF,2026-05-29,4.0,5.0,2026-05-05
USR-103284,Instant Foods (SED),General A,HVHF,2026-05-28,6.0,5.9,2026-05-05
USR-161488,NB Enterprises (West Delhi),Paan B,HVHF,2026-05-21,4.689655172413793,5.0,2026-05-05
USR-160694,NB Enterprises (West Delhi),Paan B,HVHF,2026-05-12,5.416666666666667,5.5,2026-05-05
USR-161675,Rapid Enterprises,Paan A,HVHF,2026-05-15,4.103448275862069,5.1,2026-05-05
USR-164813,Rapid Enterprises,Paan B,HVHF,2026-05-30,5.538461538461538,5.8,2026-05-05
USR-110087,NB Enterprises (West Delhi),Paan B,HVHF,2026-05-20,5.4,5.0,2026-05-05
USR-160617,Instant Foods(Noida),Paan C,HVHF,2026-05-26,5.833333333333333,5.7,2026-05-05
USR-160639,Instant Foods (GZB),Paan C,HVHF,2026-05-29,4.235294117647059,5.2,2026-05-05
USR-160658,Crossline Events (Meerut),Paan A,HVHF,2026-05-30,3.4651162790697674,5.7,2026-05-05
USR-161709,Rapid Enterprises,Paan B,HVHF,2026-05-27,6.0,5.7,2026-05-05
USR-173340,Instant Foods (Mathura),General B,HVLF,2026-02-19,7.0,6.7,2026-05-06
USR-149909,Instant Foods(Noida),Paan C,HVLF,2026-02-18,7.0,6.6,2026-05-06
USR-171168,Instant Foods (Mathura),General B,HVHF,2026-05-30,4.53125,6.8,2026-05-06
USR-171156,Rapid Enterprises,General B,HVLF,2026-02-18,7.75,6.2,2026-05-06
USR-171155,Instant Foods (Mathura),General B,HVLF,2026-05-25,10.76923076923077,6.7,2026-05-06
USR-173682,Instant Foods (Mathura),General B,LVLF,2026-03-23,9.0,6.9,2026-05-06
USR-29508,Cross Line Events (Ghaziabad),General C,HVHF,2026-05-25,6.75,6.4,2026-05-06
USR-162521,Crossline Events (Meerut),General C,HVLF,2026-04-29,7.0,6.9,2026-05-06
USR-175390,Cross Line Events (Ghaziabad),General A,HVLF,2026-02-24,7.0,6.6,2026-05-06
USR-180507,Rapid Enterprises,General B,HVLF,2026-05-26,7.0,6.8,2026-05-06
USR-176306,Crossline Events (Meerut),General C,HVLF,2026-05-19,7.0,6.9,2026-05-06
USR-1763,Instant Foods(Noida),Paan B,HVHF,2026-05-27,6.842105263157895,6.6,2026-05-06
USR-161452,Cross Line Events (EDelhi),Paan B,HVLF,2026-03-10,7.0,6.5,2026-05-06
USR-173701,Instant Foods (Mathura),General B,HVLF,2026-03-10,7.0,6.4,2026-05-06
USR-171146,Rapid Enterprises,General A,HVHF,2026-05-19,6.523809523809524,6.3,2026-05-06
USR-149922,Instant Foods(Noida),General A,HVLF,2026-05-30,14.0,6.2,2026-05-06
USR-150061,NB Enterprises (West Delhi),Paan B,HVLF,2026-01-16,7.0,6.7,2026-05-06
USR-29396,Instant Foods(Noida),Paan B,HVLF,2026-02-12,7.0,6.5,2026-05-06
USR-176333,Instant Foods (Mathura),General B,HVLF,2026-04-04,7.0,6.6,2026-05-06
USR-150787,Crossline Events (Meerut),Paan A,HVHF,2026-05-30,4.481481481481482,6.5,2026-05-06
USR-150771,Crossline Events (Meerut),General A,HVHF,2026-05-04,6.105263157894737,6.4,2026-05-06
USR-175379,Cross Line Events (Ghaziabad),General B,HVHF,2026-05-27,6.117647058823529,6.8,2026-05-06
USR-161457,Instant Foods(Noida),Paan A,HVHF,2026-05-13,6.238095238095238,6.2,2026-05-06
USR-150394,NB Enterprises (West Delhi),General C,HVLF,2026-02-10,7.0,6.6,2026-05-06
USR-171289,Instant Foods (Mathura),General A,HVLF,2026-04-04,6.0,6.5,2026-05-06
USR-29321,Instant Foods (GZB),Paan A,HVLF,2026-02-10,7.0,6.5,2026-05-06
USR-150261,NB Enterprises (West Delhi),General B,HVLF,2026-03-05,7.0,6.2,2026-05-06
USR-171257,Rapid Enterprises,General B,HVLF,2026-01-09,7.0,6.4,2026-05-06
USR-150108,NB Enterprises (West Delhi),Paan A,HVLF,2026-03-28,6.5,6.5,2026-05-06
USR-162497,Instant Foods (SED),Paan B,HVLF,2026-02-10,7.0,6.6,2026-05-06
USR-29375,Instant Foods (GZB),Paan B,HVLF,2026-02-11,6.0,6.1,2026-05-06
USR-150083,NB Enterprises (West Delhi),Paan B,HVLF,2026-02-10,8.0,6.0,2026-05-06
USR-161156,Instant Foods (SED),Paan B,HVLF,2026-04-09,7.0,6.8,2026-05-06
USR-149955,Crossline Events (Noida),General A,HVLF,2026-01-09,7.0,6.0,2026-05-06
USR-171129,Rapid Enterprises,General B,HVLF,2026-01-03,7.0,6.9,2026-05-06
USR-147741,NB Enterprises (West Delhi),General A,HVHF,2026-05-27,6.260869565217392,6.0,2026-05-06
USR-2961,Cross Line Events (Ghaziabad),General B,HVLF,2026-03-02,7.0,6.9,2026-05-06
USR-176227,Instant Foods (Mathura),General B,HVLF,2026-05-22,5.888888888888889,6.5,2026-05-06
USR-142791,Instant Foods (GZB),General C,HVLF,2026-05-29,6.142857142857143,6.2,2026-05-06
USR-171001,Instant Foods (Mathura),General B,HVLF,2026-05-07,6.2,6.1,2026-05-06
USR-176224,Crossline Events (Meerut),General C,HVLF,2026-05-01,7.0,6.9,2026-05-06
USR-29854,Cross Line Events (Ghaziabad),Paan B,HVLF,2026-05-08,6.4,6.4,2026-05-06
USR-162579,Rapid Enterprises,General A,HVHF,2026-05-30,5.6923076923076925,6.1,2026-05-06
USR-142512,NB Enterprises (West Delhi),General A,HVHF,2026-05-27,6.714285714285714,6.4,2026-05-06
USR-170971,Instant Foods (Mathura),Chemist A,HVHF,2026-05-21,7.105263157894737,6.9,2026-05-06
USR-173736,Instant Foods (Mathura),General A,HVLF,2026-02-18,7.0,6.7,2026-05-06
USR-175442,Rapid Enterprises,General B,HVHF,2026-05-31,5.631578947368421,6.2,2026-05-06
USR-175444,Rapid Enterprises,General A,HVLF,2026-04-27,7.0,6.7,2026-05-06
USR-170964,Instant Foods (Mathura),General C,HVLF,2026-02-26,7.0,6.6,2026-05-06
USR-180265,Maa Sharda(LKO),General B,HVLF,2026-05-25,7.0,6.7,2026-05-06
USR-139069,NB Enterprises (West Delhi),General A,HVHF,2026-05-29,6.7272727272727275,6.8,2026-05-06
USR-170937,Rapid Enterprises,Paan A,HVLF,2026-01-06,7.0,6.1,2026-05-06
USR-176241,Crossline Events (Meerut),General C,HVLF,2026-04-29,7.0,6.9,2026-05-06
USR-171005,Instant Foods (Mathura),General B,HVLF,2026-04-08,7.0,6.7,2026-05-06
USR-175414,Instant Foods (Mathura),General B,HVLF,2026-03-27,7.0,6.4,2026-05-06
USR-171011,Rapid Enterprises,General A,LVLF,2026-01-07,7.0,6.2,2026-05-06
USR-29617,Instant Foods(Noida),General C,HVLF,2026-05-20,7.0,6.5,2026-05-06
USR-29627,Crossline Events (Noida),Paan B,HVLF,2026-04-19,6.538461538461538,6.3,2026-05-06
USR-171089,Rapid Enterprises,Paan B,LVLF,2026-01-05,7.0,6.0,2026-05-06
USR-180456,Maa Sharda(LKO),Chemist B,HVLF,2026-05-26,7.0,6.8,2026-05-06
USR-171068,Instant Foods (Mathura),General C,HVLF,2026-03-30,7.0,6.7,2026-05-06
USR-176289,Instant Foods (Mathura),General B,HVLF,2026-04-08,6.0,6.2,2026-05-06
USR-171063,Instant Foods (Mathura),General A,HVLF,2026-04-06,7.0,6.8,2026-05-06
USR-162469,Instant Foods(Noida),Paan C,HVLF,2026-02-25,7.0,6.4,2026-05-06
USR-171048,Instant Foods (SED),General B,HVLF,2026-01-03,7.0,6.2,2026-05-06
USR-173708,Instant Foods (Mathura),General B,HVHF,2026-05-30,5.75,6.3,2026-05-06
USR-29723,Instant Foods(Noida),General A,HVLF,2026-02-25,7.0,6.4,2026-05-06
USR-145183,NB Enterprises (West Delhi),General A,HVLF,2026-04-27,6.444444444444445,6.2,2026-05-06
USR-175410,Instant Foods(Noida),Paan B,HVLF,2026-05-01,7.0,6.5,2026-05-06
USR-144670,NB Enterprises (West Delhi),General A,HVLF,2026-05-05,7.0,6.8,2026-05-06
USR-29796,Instant Foods (GZB),General C,HVHF,2026-05-25,5.72,6.0,2026-05-06
USR-29801,Cross Line Events (Ghaziabad),General A,HVLF,2026-04-22,14.2,6.9,2026-05-06
USR-162564,Instant Foods (GZB),Paan C,HVLF,2026-04-01,7.0,6.8,2026-05-06
USR-29266,Crossline Events (Noida),General B,HVLF,2026-03-26,24.5,6.5,2026-05-06
USR-2926,Instant Foods (GZB),General C,HVHF,2026-05-21,6.0476190476190474,6.1,2026-05-06
USR-3032,Cross Line Events (Ghaziabad),General A,HVHF,2026-05-30,4.393939393939394,6.1,2026-05-06
USR-171501,Rapid Enterprises,General B,HVLF,2026-01-16,7.0,6.9,2026-05-06
USR-152914,Instant Foods(Noida),Paan A,HVLF,2026-05-30,6.5,6.9,2026-05-06
USR-171499,Rapid Enterprises,General B,HVLF,2026-01-09,7.0,6.4,2026-05-06
USR-161034,Instant Foods(Noida),Paan C,HVHF,2026-05-30,3.127659574468085,6.6,2026-05-06
USR-171495,Rapid Enterprises,General B,HVLF,2026-01-12,7.0,6.7,2026-05-06
USR-171492,Rapid Enterprises,General B,HVLF,2026-01-16,7.0,6.9,2026-05-06
USR-28308,Crossline Events (Noida),Paan B,HVLF,2026-03-25,7.0,6.9,2026-05-06
USR-161480,Cross Line Events (EDelhi),Paan C,HVLF,2026-01-19,7.0,6.4,2026-05-06
USR-28360,Crossline Events (Noida),Paan B,HVHF,2026-05-14,5.739130434782608,6.8,2026-05-06
USR-176507,Crossline Events (Meerut),General B,HVLF,2026-05-30,4.818181818181818,6.1,2026-05-06
USR-152738,NB Enterprises (West Delhi),General C,HVHF,2026-05-15,6.380952380952381,6.6,2026-05-06
USR-171463,Instant Foods (Mathura),General B,HVLF,2026-05-30,7.0,6.3,2026-05-06
USR-28427,Crossline Events (Noida),General C,HVHF,2026-05-25,7.0,6.8,2026-05-06
USR-160597,Instant Foods (SED),General A,HVHF,2026-05-23,5.6,6.0,2026-05-06
USR-180811,Maa Sharda(LKO),Paan B,LVLF,2026-05-30,7.0,6.8,2026-05-06
USR-171504,Instant Foods (Mathura),General B,HVLF,2026-04-16,6.666666666666667,6.4,2026-05-06
USR-171458,Rapid Enterprises,General B,HVHF,2026-05-27,6.636363636363637,6.1,2026-05-06
USR-171506,Instant Foods (Mathura),General B,LVLF,2026-02-16,7.0,6.7,2026-05-06
USR-171511,Instant Foods (Mathura),General B,HVLF,2026-04-22,8.0,6.7,2026-05-06
USR-28036,Instant Foods(Noida),General C,HVHF,2026-05-23,6.476190476190476,6.8,2026-05-06
USR-161001,Cross Line Events (Ghaziabad),Paan B,HVLF,2026-03-03,7.0,6.5,2026-05-06
USR-28053,Instant Foods(Noida),Paan B,HVHF,2026-05-30,4.966666666666667,6.9,2026-05-06
USR-175186,Instant Foods (Mathura),General B,HVHF,2026-05-31,4.863636363636363,6.1,2026-05-06
USR-153104,Instant Foods (SED),Paan B,HVLF,2026-05-30,15.555555555555555,6.1,2026-05-06
USR-17521,Instant Foods (GZB),General A,HVLF,2026-04-06,7.0,6.5,2026-05-06
USR-161023,Instant Foods (SED),General C,HVLF,2026-05-27,10.071428571428571,6.8,2026-05-06
USR-171546,Instant Foods (Mathura),Chemist B,HVLF,2026-05-04,7.0,6.9,2026-05-06
USR-176586,Instant Foods (GZB),General C,HVLF,2026-04-29,7.333333333333333,6.8,2026-05-06
USR-28142,Instant Foods(Noida),General B,HVLF,2026-02-04,7.0,6.1,2026-05-06
USR-28182,Crossline Events (Noida),General C,HVLF,2026-03-26,7.0,6.9,2026-05-06
USR-171530,Instant Foods (Mathura),General B,HVLF,2026-03-21,7.0,6.9,2026-05-06
USR-153073,NB Enterprises (West Delhi),Paan B,HVHF,2026-05-29,6.166666666666667,6.2,2026-05-06
USR-28237,Crossline Events (Noida),Paan B,HVLF,2026-05-29,6.583333333333333,6.6,2026-05-06
USR-175240,Instant Foods (SED),Paan B,HVLF,2026-02-09,7.0,6.1,2026-05-06
USR-28254,Crossline Events (Noida),General C,HVLF,2026-01-03,7.0,6.7,2026-05-06
USR-171453,Instant Foods (Mathura),General A,HVLF,2026-05-19,6.6,6.5,2026-05-06
USR-175253,Rapid Enterprises,General B,LVLF,2026-02-07,7.0,6.4,2026-05-06
USR-171452,Rapid Enterprises,General B,HVLF,2026-01-08,7.0,6.2,2026-05-06
USR-175332,Rapid Enterprises,General B,HVLF,2026-02-16,7.0,6.6,2026-05-06
USR-175336,Instant Foods (Mathura),General B,LVLF,2026-04-07,7.0,6.7,2026-05-06
USR-151164,Cross Line Events (EDelhi),Paan B,HVHF,2026-05-30,4.352941176470588,6.8,2026-05-06
USR-151162,Crossline Events (Meerut),General A,HVHF,2026-05-29,6.041666666666667,6.2,2026-05-06
USR-29169,Instant Foods (GZB),General C,HVHF,2026-05-29,6.454545454545454,6.6,2026-05-06
USR-175343,Crossline Events (Meerut),General A,HVLF,2026-03-31,24.0,6.3,2026-05-06
USR-171364,Instant Foods (Mathura),General B,HVLF,2026-05-12,6.7272727272727275,6.1,2026-05-06
USR-176354,Maa Sharda(LKO),Paan C,HVLF,2026-05-30,6.0,6.6,2026-05-06
USR-29205,Instant Foods (GZB),Paan B,HVHF,2026-05-29,6.086956521739131,6.1,2026-05-06
USR-176349,Maa Sharda(LKO),Paan A,HVLF,2026-05-29,7.0,6.8,2026-05-06
USR-173916,Instant Foods (Mathura),General A,HVLF,2026-05-29,5.636363636363637,6.0,2026-05-06
USR-161138,Instant Foods (GZB),Paan B,HVLF,2026-02-10,7.0,6.0,2026-05-06
USR-171348,Rapid Enterprises,General B,LVLF,2026-01-17,7.0,6.7,2026-05-06
USR-171347,NB Enterprises (West Delhi),Paan B,HVLF,2026-01-02,7.0,6.2,2026-05-06
USR-29257,Cross Line Events (Ghaziabad),General C,HVLF,2026-05-22,7.2105263157894735,6.7,2026-05-06
USR-151251,Crossline Events (Meerut),General A,HVLF,2026-03-10,7.0,6.6,2026-05-06
USR-29066,Instant Foods (GZB),General B,HVHF,2026-05-19,6.285714285714286,6.2,2026-05-06
USR-1514,Instant Foods(Noida),Paan B,LVLF,2026-01-06,7.0,6.0,2026-05-06
USR-18072,Cross Line Events (Ghaziabad),General C,HVLF,2026-02-05,9.0,6.4,2026-05-06
USR-152570,NB Enterprises (West Delhi),Paan B,HVLF,2026-02-04,7.0,6.0,2026-05-06
USR-176483,Crossline Events (Meerut),General C,HVLF,2026-05-19,7.0,6.9,2026-05-06
USR-152403,Cross Line Events (EDelhi),Paan B,HVLF,2026-04-17,6.1875,6.8,2026-05-06
USR-2863,Instant Foods (GZB),Paan A,HVHF,2026-05-21,6.428571428571429,6.3,2026-05-06
USR-180806,Maa Sharda(LKO),Paan C,HVLF,2026-05-27,7.0,6.6,2026-05-06
USR-152103,Crossline Events (Meerut),General C,HVLF,2026-01-03,7.0,6.1,2026-05-06
USR-28722,Instant Foods(Noida),General C,HVHF,2026-05-14,6.238095238095238,6.7,2026-05-06
USR-175374,Crossline Events (Noida),Paan C,HVLF,2026-02-10,7.0,6.0,2026-05-06
USR-171425,Instant Foods (Mathura),General B,HVLF,2026-03-08,7.0,6.3,2026-05-06
USR-161040,Instant Foods (SED),Paan B,LVLF,2026-01-01,7.0,6.5,2026-05-06
USR-161054,Cross Line Events (Ghaziabad),General A,HVLF,2026-04-07,5.588235294117647,6.3,2026-05-06
USR-151829,Crossline Events (Meerut),General C,HVLF,2026-01-14,7.0,6.3,2026-05-06
USR-176463,Cross Line Events (Ghaziabad),Paan B,LVLF,2026-04-06,7.0,6.2,2026-05-06
USR-175283,Rapid Enterprises,General B,LVLF,2026-02-07,7.0,6.4,2026-05-06
USR-29000,Instant Foods (GZB),General B,HVLF,2026-01-28,7.0,6.8,2026-05-06
USR-161467,Instant Foods (GZB),Paan B,HVHF,2026-05-28,6.578947368421052,6.6,2026-05-06
USR-161471,Instant Foods (GZB),Paan C,HVLF,2026-04-13,6.375,6.7,2026-05-06
USR-170914,Instant Foods (Mathura),General A,LVLF,2026-03-05,7.0,6.5,2026-05-06
USR-176219,Instant Foods (Mathura),General B,HVLF,2026-03-27,7.0,6.4,2026-05-06
USR-17928,Cross Line Events (Ghaziabad),Paan B,HVHF,2026-05-22,6.45,6.7,2026-05-06
USR-161385,Crossline Events (Noida),Paan C,HVLF,2026-02-16,7.0,6.4,2026-05-06
USR-133901,Cross Line Events (Ghaziabad),Paan B,HVLF,2026-05-01,7.0,6.5,2026-05-06
USR-162764,Rapid Enterprises,Chemist B,HVLF,2026-05-29,6.076923076923077,6.1,2026-05-06
USR-175996,Instant Foods (Mathura),General B,HVLF,2026-05-27,6.3076923076923075,6.5,2026-05-06
USR-179408,Maa Sharda(LKO),Paan C,LVLF,2026-05-23,7.0,6.6,2026-05-06
USR-36679,Cross Line Events (EDelhi),General B,HVLF,2026-03-14,6.0,6.0,2026-05-06
USR-175967,Crossline Events (Meerut),General C,HVLF,2026-03-14,7.0,6.7,2026-05-06
USR-173809,Instant Foods (Mathura),General B,HVLF,2026-05-27,6.666666666666667,6.2,2026-05-06
USR-173810,Instant Foods (Mathura),General B,HVLF,2026-03-09,7.0,6.9,2026-05-06
USR-36783,Crossline Events (Noida),Paan A,HVHF,2026-05-31,5.6923076923076925,6.1,2026-05-06
USR-170257,Crossline Events (Noida),Paan B,HVHF,2026-05-30,5.92,6.0,2026-05-06
USR-170240,Instant Foods (Mathura),General B,HVLF,2026-03-19,7.0,6.7,2026-05-06
USR-175944,NB Enterprises (West Delhi),Paan B,HVLF,2026-02-28,7.0,6.8,2026-05-06
USR-170238,Rapid Enterprises,Paan A,HVLF,2026-01-05,7.0,6.0,2026-05-06
USR-36828,Instant Foods(Noida),Paan A,HVLF,2026-01-19,7.0,6.7,2026-05-06
USR-175629,Instant Foods (Mathura),General B,HVLF,2026-02-20,7.0,6.8,2026-05-06
USR-170322,NB Enterprises (West Delhi),General B,HVLF,2026-03-01,6.555555555555555,6.6,2026-05-06
USR-161270,Instant Foods(Noida),Paan A,HVHF,2026-05-28,6.363636363636363,6.4,2026-05-06
USR-170331,Instant Foods(Noida),Paan B,HVLF,2026-04-27,7.0,6.7,2026-05-06
USR-134532,Instant Foods (GZB),General A,HVHF,2026-05-30,5.92,6.0,2026-05-06
USR-134479,Instant Foods (GZB),General A,HVLF,2026-05-11,14.875,6.1,2026-05-06
USR-176038,Instant Foods(Noida),General C,HVLF,2026-05-19,6.1,6.2,2026-05-06
USR-170432,Instant Foods (Mathura),General C,HVLF,2026-03-21,7.0,6.9,2026-05-06
USR-176036,Instant Foods (GZB),General A,HVLF,2026-03-24,7.0,6.6,2026-05-06
USR-134340,Cross Line Events (Ghaziabad),General C,HVHF,2026-05-22,6.85,6.9,2026-05-06
USR-170424,Instant Foods (Mathura),Paan A,HVLF,2026-05-23,15.333333333333334,6.0,2026-05-06
USR-162794,Rapid Enterprises,General C,HVHF,2026-05-11,6.944444444444445,6.8,2026-05-06
USR-162720,Rapid Enterprises,General C,HVLF,2026-05-30,21.0,6.9,2026-05-06
USR-175589,Instant Foods (SED),Paan B,HVLF,2026-02-17,7.0,6.6,2026-05-06
USR-160482,Crossline Events (Meerut),General A,HVLF,2026-02-10,7.0,6.0,2026-05-06
USR-134121,Cross Line Events (Ghaziabad),General C,HVHF,2026-05-25,6.285714285714286,6.0,2026-05-06
USR-170397,NB Enterprises (West Delhi),Paan B,HVLF,2026-03-20,7.0,6.7,2026-05-06
USR-162738,Rapid Enterprises,General B,HVHF,2026-05-30,5.84,6.1,2026-05-06
USR-170357,Instant Foods (Mathura),General A,HVLF,2026-04-07,8.2,6.5,2026-05-06
USR-175622,Instant Foods (Mathura),General B,HVLF,2026-03-19,7.0,6.7,2026-05-06
USR-162723,Rapid Enterprises,General B,HVLF,2026-01-06,7.0,6.1,2026-05-06
USR-170201,NB Enterprises (West Delhi),General B,HVHF,2026-05-19,6.85,6.9,2026-05-06
USR-36951,Instant Foods(Noida),General C,HVLF,2026-05-29,7.0,6.2,2026-05-06
USR-175680,NB Enterprises (West Delhi),Paan A,HVLF,2026-02-26,7.0,6.5,2026-05-06
USR-161360,NB Enterprises (West Delhi),Paan B,LVLF,2026-02-05,7.0,6.1,2026-05-06
USR-170051,Cross Line Events (Ghaziabad),General B,HVLF,2026-01-15,7.0,6.4,2026-05-06
USR-170050,Instant Foods (Mathura),General B,HVLF,2026-02-24,7.0,6.8,2026-05-06
USR-17005,Cross Line Events (Ghaziabad),Paan B,HVHF,2026-05-29,6.434782608695652,6.8,2026-05-06
USR-37551,Crossline Events (Noida),General B,HVLF,2026-01-29,7.0,6.0,2026-05-06
USR-162840,Instant Foods (SED),Paan B,HVHF,2026-05-06,5.857142857142857,6.0,2026-05-06
USR-133264,Instant Foods (GZB),General C,HVHF,2026-05-25,6.5625,6.5,2026-05-06
USR-161374,Instant Foods (SED),Paan A,HVLF,2026-04-20,8.5,6.7,2026-05-06
USR-37573,Cross Line Events (EDelhi),Paan A,HVHF,2026-05-28,6.304347826086956,6.3,2026-05-06
USR-37776,Cross Line Events (EDelhi),Paan B,HVHF,2026-05-30,3.918918918918919,6.2,2026-05-06
USR-133214,Instant Foods (GZB),General A,HVLF,2026-02-11,7.0,6.9,2026-05-06
USR-175760,Rapid Enterprises,General B,HVLF,2026-03-06,7.0,6.0,2026-05-06
USR-175892,Crossline Events (Meerut),General C,HVLF,2026-05-07,7.0,6.1,2026-05-06
USR-13319,Instant Foods (GZB),Chemist B,HVHF,2026-05-25,7.0,6.6,2026-05-06
USR-173815,Instant Foods (Mathura),General B,HVLF,2026-02-14,7.0,6.7,2026-05-06
USR-37988,Cross Line Events (EDelhi),General B,LVLF,2026-01-01,7.0,6.9,2026-05-06
USR-170018,Rapid Enterprises,Paan B,HVLF,2026-01-16,7.0,6.8,2026-05-06
USR-170455,Instant Foods (Mathura),General A,HVLF,2026-05-05,7.0,6.9,2026-05-06
USR-170065,Crossline Events (Meerut),General C,HVLF,2026-03-27,7.0,6.2,2026-05-06
USR-133365,Instant Foods (GZB),General C,HVLF,2026-03-27,7.0,6.9,2026-05-06
USR-179484,Maa Sharda(LKO),General B,LVLF,2026-05-24,7.0,6.6,2026-05-06
USR-133705,Instant Foods (GZB),General A,LVLF,2026-02-11,7.0,6.9,2026-05-06
USR-37041,Cross Line Events (Ghaziabad),Paan A,HVLF,2026-03-11,6.7,6.3,2026-05-06
USR-162811,Rapid Enterprises,General A,LVLF,2026-01-04,7.0,6.4,2026-05-06
USR-37052,Instant Foods (GZB),Paan B,HVLF,2026-05-11,8.6,6.3,2026-05-06
USR-175926,Instant Foods (GZB),General A,HVLF,2026-05-27,6.909090909090909,6.5,2026-05-06
USR-170171,Instant Foods (Mathura),Paan A,HVLF,2026-03-07,7.0,6.3,2026-05-06
USR-175910,Instant Foods (Mathura),General B,HVHF,2026-05-29,6.571428571428571,6.8,2026-05-06
USR-37126,Instant Foods (GZB),Paan B,HVLF,2026-03-06,7.0,6.1,2026-05-06
USR-37156,Instant Foods(Noida),General A,HVLF,2026-03-07,7.0,6.3,2026-05-06
USR-133489,Instant Foods (GZB),General C,HVHF,2026-05-29,6.260869565217392,6.4,2026-05-06
USR-133488,Instant Foods (GZB),General C,HVLF,2026-05-25,7.0,6.6,2026-05-06
USR-161317,NB Enterprises (West Delhi),Paan B,HVLF,2026-02-09,7.0,6.6,2026-05-06
USR-133434,Instant Foods (GZB),General C,LVLF,2026-02-11,7.0,6.9,2026-05-06
USR-161380,NB Enterprises (West Delhi),Paan B,HVLF,2026-02-12,8.2,6.7,2026-05-06
USR-170088,Instant Foods (Mathura),Paan A,HVLF,2026-04-04,7.0,6.6,2026-05-06
USR-37132,Instant Foods(Noida),Paan B,HVHF,2026-05-15,5.739130434782608,6.0,2026-05-06
USR-171557,Crossline Events (Meerut),Wholesaler,HVLF,2026-02-11,7.0,6.3,2026-05-06
USR-3523,Instant Foods (GZB),General C,HVHF,2026-05-29,6.391304347826087,6.6,2026-05-06
USR-3459,Instant Foods (GZB),General C,HVHF,2026-05-02,3.903225806451613,6.1,2026-05-06
USR-175459,Instant Foods (Mathura),General A,HVHF,2026-05-09,5.0,6.0,2026-05-06
USR-170830,Rapid Enterprises,General B,HVLF,2026-02-18,7.0,6.7,2026-05-06
USR-170826,Instant Foods (Mathura),General A,HVLF,2026-05-07,7.0,6.9,2026-05-06
USR-31741,Cross Line Events (EDelhi),Paan B,HVLF,2026-04-02,5.636363636363637,6.0,2026-05-06
USR-162648,Rapid Enterprises,General A,HVLF,2026-05-27,7.0,6.8,2026-05-06
USR-175460,Rapid Enterprises,General A,HVLF,2026-02-14,7.0,6.8,2026-05-06
USR-175462,Crossline Events (Meerut),General B,HVHF,2026-05-28,6.117647058823529,6.6,2026-05-06
USR-170787,Instant Foods (Mathura),General A,HVLF,2026-04-15,6.375,6.6,2026-05-06
USR-170785,Instant Foods (Mathura),General A,HVLF,2026-05-19,6.555555555555555,6.1,2026-05-06
USR-175464,Rapid Enterprises,Paan B,HVLF,2026-02-17,7.0,6.7,2026-05-06
USR-32043,Cross Line Events (EDelhi),Paan B,HVHF,2026-05-30,4.966666666666667,6.9,2026-05-06
USR-3222,Cross Line Events (Ghaziabad),General A,HVHF,2026-05-30,4.352941176470588,6.3,2026-05-06
USR-135296,Crossline Events (Meerut),General A,HVHF,2026-05-26,6.714285714285714,6.3,2026-05-06
USR-135293,Crossline Events (Meerut),General A,HVHF,2026-05-30,4.0,6.4,2026-05-06
USR-3254,Instant Foods (GZB),Paan B,LVLF,2026-02-23,7.0,6.9,2026-05-06
USR-161737,Crossline Events (Noida),Paan B,HVLF,2026-05-06,7.0,6.0,2026-05-06
USR-136057,Cross Line Events (Ghaziabad),General A,HVLF,2026-04-29,9.25,6.5,2026-05-06
USR-3124,Instant Foods(Noida),Paan B,HVLF,2026-02-02,7.0,6.7,2026-05-06
USR-3122,Instant Foods (GZB),Paan B,HVLF,2026-04-01,6.0,6.3,2026-05-06
USR-170912,Rapid Enterprises,General B,HVLF,2026-02-14,7.0,6.8,2026-05-06
USR-173756,Instant Foods (Mathura),General B,HVHF,2026-05-29,5.526315789473684,6.6,2026-05-06
USR-175447,Rapid Enterprises,General B,HVLF,2026-02-12,7.0,6.6,2026-05-06
USR-175449,Crossline Events (Meerut),General B,HVLF,2026-05-07,7.0,6.1,2026-05-06
USR-137656,NB Enterprises (West Delhi),Paan A,LVLF,2026-01-06,7.0,6.0,2026-05-06
USR-170902,Rapid Enterprises,General B,LVLF,2026-01-06,7.0,6.2,2026-05-06
USR-173852,Instant Foods (Mathura),General B,LVLF,2026-03-05,7.0,6.5,2026-05-06
USR-3257,Instant Foods (GZB),Paan B,HVLF,2026-03-19,7.3,6.8,2026-05-06
USR-137646,NB Enterprises (West Delhi),General A,HVHF,2026-05-23,4.40625,6.1,2026-05-06
USR-137471,NB Enterprises (West Delhi),General A,HVHF,2026-05-01,4.8,6.1,2026-05-06
USR-3070,Instant Foods (GZB),Paan B,HVLF,2026-04-04,7.0,6.9,2026-05-06
USR-30848,Cross Line Events (EDelhi),Paan B,HVLF,2026-05-06,6.888888888888889,6.9,2026-05-06
USR-180100,Rapid Enterprises,General B,HVLF,2026-05-25,7.0,6.7,2026-05-06
USR-137255,Crossline Events (Noida),General A,HVHF,2026-05-27,6.944444444444445,6.8,2026-05-06
USR-162613,Instant Foods(Noida),General B,LVLF,2026-03-05,7.0,6.5,2026-05-06
USR-3114,Instant Foods (GZB),Paan B,HVHF,2026-04-10,5.166666666666667,6.2,2026-05-06
USR-3057,Instant Foods (GZB),Paan B,HVLF,2026-03-19,7.0,6.5,2026-05-06
USR-135273,Crossline Events (Meerut),General A,HVLF,2026-03-03,6.555555555555555,6.5,2026-05-06
USR-327,Instant Foods(Noida),Paan B,HVLF,2026-05-04,7.0,6.3,2026-05-06
USR-135268,Crossline Events (Meerut),General A,HVLF,2026-02-11,12.0,6.5,2026-05-06
USR-339,Instant Foods(Noida),Paan B,HVHF,2026-05-25,6.3,6.1,2026-05-06
USR-161245,Crossline Events (Noida),Paan C,HVLF,2026-02-11,7.0,6.3,2026-05-06
USR-161403,Instant Foods(Noida),Paan A,HVLF,2026-05-14,12.8,6.8,2026-05-06
USR-175568,Rapid Enterprises,Wholesaler,HVLF,2026-02-19,7.0,6.8,2026-05-06
USR-3398,Instant Foods (GZB),Paan B,HVLF,2026-02-03,7.0,6.7,2026-05-06
USR-134800,Cross Line Events (EDelhi),General C,HVHF,2026-05-30,6.391304347826087,6.8,2026-05-06
USR-170571,Instant Foods (Mathura),Paan A,HVLF,2026-02-27,7.0,6.5,2026-05-06
USR-134866,Crossline Events (Meerut),General A,HVLF,2026-05-05,7.0,6.0,2026-05-06
USR-343,Instant Foods(Noida),General B,HVHF,2026-05-30,6.454545454545454,6.7,2026-05-06
USR-170564,Instant Foods (Mathura),General A,HVLF,2026-05-28,6.583333333333333,6.3,2026-05-06
USR-170562,Instant Foods (Mathura),General A,HVLF,2026-05-29,6.0,6.6,2026-05-06
USR-170549,Instant Foods (Mathura),General C,HVLF,2026-03-30,7.0,6.7,2026-05-06
USR-134647,Instant Foods (GZB),General C,HVLF,2026-02-04,7.0,6.1,2026-05-06
USR-134638,Cross Line Events (Ghaziabad),General C,HVHF,2026-05-29,6.130434782608695,6.4,2026-05-06
USR-170540,Instant Foods (SED),Paan B,HVLF,2026-01-02,7.0,6.2,2026-05-06
USR-3448,Instant Foods (GZB),General B,HVLF,2026-03-28,15.333333333333334,6.3,2026-05-06
USR-134692,Cross Line Events (EDelhi),General C,LVLF,2026-03-19,7.0,6.8,2026-05-06
USR-160452,Instant Foods (GZB),Paan C,HVLF,2026-01-19,7.0,6.9,2026-05-06
USR-170630,Instant Foods (Mathura),General B,HVLF,2026-05-27,6.923076923076923,6.9,2026-05-06
USR-175511,Rapid Enterprises,General B,HVHF,2026-05-11,5.928571428571429,6.8,2026-05-06
USR-32760,Cross Line Events (EDelhi),Paan B,HVLF,2026-04-14,12.666666666666666,6.6,2026-05-06
USR-176172,Rapid Enterprises,General A,HVLF,2026-03-23,7.0,6.7,2026-05-06
USR-173774,Instant Foods (Mathura),General B,HVLF,2026-03-27,7.0,6.4,2026-05-06
USR-180036,Maa Sharda(LKO),General A,HVLF,2026-05-25,7.0,6.7,2026-05-06
USR-175853,Instant Foods (Mathura),General B,HVLF,2026-02-24,7.0,6.8,2026-05-06
USR-161441,Instant Foods (GZB),General C,HVLF,2026-03-30,7.0,6.5,2026-05-06
USR-162665,Cross Line Events (Ghaziabad),Paan B,HVHF,2026-05-30,3.0408163265306123,6.1,2026-05-06
USR-170640,Instant Foods (Mathura),General B,HVLF,2026-03-02,7.0,6.7,2026-05-06
USR-175477,Instant Foods (Mathura),General B,HVLF,2026-05-27,6.375,6.8,2026-05-06
USR-176132,Instant Foods (GZB),General C,HVLF,2026-03-20,7.0,6.6,2026-05-06
USR-160450,NB Enterprises (West Delhi),Paan C,HVLF,2026-05-27,9.916666666666666,6.9,2026-05-06
USR-170702,Instant Foods (Mathura),Paan A,HVLF,2026-05-13,6.285714285714286,6.0,2026-05-06
USR-3313,Instant Foods (GZB),General C,HVHF,2026-05-27,6.857142857142857,6.7,2026-05-06
USR-135104,Crossline Events (Meerut),General A,HVLF,2026-01-21,7.0,6.5,2026-05-06
USR-135101,Crossline Events (Meerut),General C,HVHF,2026-05-30,5.833333333333333,6.2,2026-05-06
USR-175481,Rapid Enterprises,General A,HVLF,2026-02-19,7.0,6.8,2026-05-06
USR-32882,Cross Line Events (EDelhi),Paan B,HVHF,2026-05-15,6.15,6.4,2026-05-06
USR-28030,Instant Foods(Noida),General C,HVHF,2026-05-29,4.625,6.2,2026-05-06
USR-173635,Rapid Enterprises,General B,HVHF,2026-05-28,6.631578947368421,6.5,2026-05-06
USR-171567,Instant Foods (Mathura),Wholesaler,HVLF,2026-04-07,7.0,6.6,2026-05-06
USR-178177,Crossline Events (Meerut),General C,HVLF,2026-05-11,7.0,6.8,2026-05-06
USR-20725,Instant Foods(Noida),General C,LVLF,2026-04-06,7.0,6.9,2026-05-06
USR-159491,Instant Foods(Noida),General C,HVHF,2026-05-29,6.125,6.3,2026-05-06
USR-20867,Instant Foods(Noida),General A,HVLF,2026-05-26,38.666666666666664,6.8,2026-05-06
USR-172751,Instant Foods (Mathura),General B,HVLF,2026-03-20,7.0,6.3,2026-05-06
USR-20877,Instant Foods(Noida),General B,HVHF,2026-05-29,5.84,6.0,2026-05-06
USR-174393,Crossline Events (Meerut),General A,HVLF,2026-02-10,7.0,6.0,2026-05-06
USR-20924,Instant Foods(Noida),Paan B,HVLF,2026-03-25,6.285714285714286,6.6,2026-05-06
USR-178172,Instant Foods(Noida),Paan B,HVLF,2026-05-12,6.0,6.2,2026-05-06
USR-172740,Rapid Enterprises,General B,HVLF,2026-01-15,7.0,6.8,2026-05-06
USR-172712,Instant Foods (Mathura),General A,HVLF,2026-04-16,7.5,6.2,2026-05-06
USR-21026,Instant Foods(Noida),General C,HVHF,2026-05-29,6.636363636363637,6.6,2026-05-06
USR-21319,Instant Foods(Noida),General C,HVLF,2026-02-07,7.0,6.0,2026-05-06
USR-159383,Instant Foods(Noida),General A,HVHF,2026-05-09,6.35,6.6,2026-05-06
USR-172671,Instant Foods (Mathura),Paan A,HVLF,2026-04-06,7.0,6.8,2026-05-06
USR-20709,Instant Foods(Noida),General A,HVHF,2026-05-26,7.0,6.1,2026-05-06
USR-178178,Instant Foods (GZB),General B,HVLF,2026-05-06,7.0,6.0,2026-05-06
USR-20620,Instant Foods(Noida),Chemist C,HVLF,2026-02-24,7.0,6.7,2026-05-06
USR-174343,Instant Foods (Mathura),General A,HVLF,2026-05-20,19.333333333333332,6.6,2026-05-06
USR-172841,Rapid Enterprises,General B,HVLF,2026-04-08,7.0,6.7,2026-05-06
USR-178257,Crossline Events (Meerut),General C,HVLF,2026-05-28,7.0,6.9,2026-05-06
USR-172840,Rapid Enterprises,General B,HVLF,2026-02-26,7.0,6.6,2026-05-06
USR-2022,Instant Foods(Noida),General C,HVLF,2026-05-25,8.133333333333333,6.1,2026-05-06
USR-174293,Instant Foods (Mathura),General B,HVLF,2026-03-09,7.0,6.4,2026-05-06
USR-178240,Crossline Events (Meerut),General C,HVLF,2026-05-07,7.0,6.1,2026-05-06
USR-174310,Instant Foods (Mathura),General A,HVLF,2026-03-24,7.0,6.8,2026-05-06
USR-160323,Instant Foods (GZB),Paan C,HVLF,2026-04-06,7.0,6.4,2026-05-06
USR-162007,Rapid Enterprises,Chemist A,HVHF,2026-05-28,6.3478260869565215,6.3,2026-05-06
USR-172801,Instant Foods (Mathura),General B,HVLF,2026-03-05,7.0,6.3,2026-05-06
USR-159569,Crossline Events (Noida),General A,HVLF,2026-02-16,16.0,6.4,2026-05-06
USR-178238,Instant Foods(Noida),Paan B,HVLF,2026-05-06,7.0,6.1,2026-05-06
USR-178210,Instant Foods (Mathura),General B,HVLF,2026-05-04,7.0,6.5,2026-05-06
USR-159518,Instant Foods(Noida),General C,HVHF,2026-05-30,4.931034482758621,6.1,2026-05-06
USR-18241,Instant Foods (GZB),General C,HVLF,2026-04-06,7.0,6.5,2026-05-06
USR-172789,Instant Foods (Mathura),General A,HVLF,2026-03-28,7.0,6.8,2026-05-06
USR-2040,Instant Foods(Noida),Paan B,HVLF,2026-03-17,6.7,6.7,2026-05-06
USR-161879,Rapid Enterprises,Chemist C,HVLF,2026-02-03,7.0,6.8,2026-05-06
USR-159364,Instant Foods(Noida),Paan B,HVHF,2026-05-23,6.454545454545454,6.8,2026-05-06
USR-21515,Instant Foods(Noida),General C,HVLF,2026-04-30,6.2631578947368425,6.4,2026-05-06
USR-173488,Instant Foods (Mathura),General B,HVLF,2026-05-13,6.615384615384615,6.7,2026-05-06
USR-172513,Instant Foods (Mathura),General A,HVLF,2026-04-05,7.0,6.4,2026-05-06
USR-159273,NB Enterprises (West Delhi),General A,HVHF,2026-05-25,6.454545454545454,6.0,2026-05-06
USR-174450,Instant Foods (Mathura),General B,HVLF,2026-05-28,23.5,6.2,2026-05-06
USR-2212,Crossline Events (Noida),Paan B,HVHF,2026-05-23,5.6,6.4,2026-05-06
USR-178144,Crossline Events (Meerut),General C,HVLF,2026-04-30,7.0,6.9,2026-05-06
USR-22180,Crossline Events (Noida),General C,HVHF,2026-05-29,6.086956521739131,6.2,2026-05-06
USR-160806,Instant Foods(Noida),Paan C,HVLF,2026-01-09,7.0,6.7,2026-05-06
USR-2227,Instant Foods(Noida),Paan B,HVHF,2026-05-28,6.590909090909091,6.6,2026-05-06
USR-22317,Instant Foods(Noida),General C,HVHF,2026-05-28,6.217391304347826,6.2,2026-05-06
USR-174492,Instant Foods (Mathura),Paan A,HVLF,2026-05-18,7.0,6.8,2026-05-06
USR-159235,Crossline Events (Meerut),Paan B,HVHF,2026-05-30,3.9210526315789473,6.4,2026-05-06
USR-174495,Instant Foods (Mathura),Paan A,HVLF,2026-05-04,7.0,6.5,2026-05-06
USR-159218,Instant Foods(Noida),General C,HVLF,2026-03-28,6.666666666666667,6.9,2026-05-06
USR-174497,Instant Foods (Mathura),Paan A,HVLF,2026-05-04,7.0,6.5,2026-05-06
USR-22079,Instant Foods(Noida),General C,HVLF,2026-02-09,7.0,6.6,2026-05-06
USR-22059,Crossline Events (Noida),General C,LVLF,2026-01-08,7.0,6.4,2026-05-06
USR-159280,Instant Foods(Noida),Paan B,HVLF,2026-02-03,7.0,6.7,2026-05-06
USR-21994,Instant Foods(Noida),General C,HVLF,2026-03-05,7.0,6.2,2026-05-06
USR-21605,Instant Foods (GZB),General B,HVLF,2026-02-10,7.0,6.5,2026-05-06
USR-21642,Instant Foods(Noida),Paan B,HVLF,2026-04-06,7.0,6.7,2026-05-06
USR-160770,NB Enterprises (West Delhi),Paan B,HVLF,2026-05-04,8.0,6.6,2026-05-06
USR-2171,Crossline Events (Noida),Paan B,HVLF,2026-03-19,7.0,6.5,2026-05-06
USR-159342,Instant Foods(Noida),General B,HVLF,2026-05-05,7.0,6.8,2026-05-06
USR-172597,Instant Foods (Mathura),General A,HVLF,2026-05-27,6.8,6.7,2026-05-06
USR-2177,Instant Foods(Noida),Paan A,HVLF,2026-05-27,7.5,6.0,2026-05-06
USR-21469,Crossline Events (Noida),Paan A,HVHF,2026-05-25,6.857142857142857,6.6,2026-05-06
USR-218,Crossline Events (Noida),General C,HVHF,2026-05-28,6.173913043478261,6.2,2026-05-06
USR-160773,NB Enterprises (West Delhi),Paan B,HVLF,2026-01-20,7.0,6.7,2026-05-06
USR-172565,Instant Foods (Mathura),Paan A,HVHF,2026-05-28,6.142857142857143,6.7,2026-05-06
USR-172562,Instant Foods (Mathura),General B,HVLF,2026-05-26,6.5,6.5,2026-05-06
USR-159285,Instant Foods(Noida),General A,HVLF,2026-02-18,7.0,6.6,2026-05-06
USR-178146,Instant Foods (GZB),General C,HVLF,2026-05-27,7.0,6.3,2026-05-06
USR-21980,Instant Foods(Noida),General C,HVLF,2026-03-09,7.0,6.8,2026-05-06
USR-17254,Cross Line Events (Ghaziabad),General C,HVLF,2026-03-11,6.8,6.5,2026-05-06
USR-174432,Instant Foods (Mathura),General A,HVLF,2026-05-18,8.75,6.7,2026-05-06
USR-181301,Maa Sharda(LKO),General B,LVLF,2026-05-30,7.0,6.9,2026-05-06
USR-20211,Instant Foods(Noida),Paan B,HVLF,2026-02-09,7.0,6.6,2026-05-06
USR-178259,Instant Foods (SED),Paan B,HVLF,2026-05-07,7.0,6.2,2026-05-06
USR-178502,Maa Sharda(LKO),General C,LVLF,2026-05-25,7.0,6.8,2026-05-06
USR-178480,Maa Sharda(LKO),General C,HVLF,2026-05-26,7.0,6.7,2026-05-06
USR-173211,Instant Foods (Mathura),General B,HVHF,2026-05-30,5.375,6.1,2026-05-06
USR-18814,Instant Foods(Noida),General B,HVHF,2026-05-29,6.391304347826087,6.6,2026-05-06
USR-174140,Instant Foods (Mathura),Paan A,HVLF,2026-05-20,6.090909090909091,6.8,2026-05-06
USR-178466,Maa Sharda(LKO),Paan B,HVLF,2026-05-23,6.0,6.5,2026-05-06
USR-18888,Instant Foods(Noida),General B,HVLF,2026-03-07,6.571428571428571,6.6,2026-05-06
USR-18942,Instant Foods(Noida),Paan B,HVLF,2026-03-02,6.8,6.1,2026-05-06
USR-174164,Instant Foods (Mathura),General B,HVLF,2026-02-18,7.0,6.7,2026-05-06
USR-173392,Instant Foods (Mathura),General B,HVLF,2026-03-06,7.0,6.3,2026-05-06
USR-18998,Instant Foods(Noida),Paan B,HVHF,2026-05-27,6.857142857142857,6.8,2026-05-06
USR-173124,Instant Foods (Mathura),General B,HVHF,2026-05-29,6.066666666666666,6.5,2026-05-06
USR-174175,Instant Foods (Mathura),General B,HVLF,2026-05-30,5.666666666666667,6.3,2026-05-06
USR-161695,Rapid Enterprises,General B,HVLF,2026-05-11,7.222222222222222,6.7,2026-05-06
USR-173098,Instant Foods (Mathura),Paan A,HVLF,2026-05-05,7.0,6.9,2026-05-06
USR-173389,Instant Foods (Mathura),General B,HVHF,2026-05-30,5.3,6.3,2026-05-06
USR-173229,Instant Foods (Mathura),General C,LVLF,2026-02-18,7.0,6.7,2026-05-06
USR-178620,Crossline Events (Meerut),General C,HVLF,2026-05-25,7.0,6.5,2026-05-06
USR-160118,Instant Foods (SED),General A,HVLF,2026-02-21,7.0,6.9,2026-05-06
USR-160202,Crossline Events (Meerut),Paan C,HVHF,2026-05-29,4.933333333333334,6.0,2026-05-06
USR-173990,Instant Foods (Mathura),General A,HVLF,2026-03-20,7.0,6.8,2026-05-06
USR-160199,Crossline Events (Noida),Paan C,HVHF,2026-05-23,5.6,6.0,2026-05-06
USR-173323,Instant Foods (Mathura),General C,HVLF,2026-02-19,7.0,6.7,2026-05-06
USR-161665,Rapid Enterprises,Paan B,HVLF,2026-01-31,7.666666666666667,6.0,2026-05-06
USR-160198,Crossline Events (Meerut),General C,HVHF,2026-05-27,6.0,6.2,2026-05-06
USR-160189,Cross Line Events (Ghaziabad),General C,HVLF,2026-02-10,7.0,6.5,2026-05-06
USR-173086,Instant Foods (Mathura),Paan A,LVLF,2026-03-05,7.0,6.3,2026-05-06
USR-161886,NB Enterprises (West Delhi),Paan B,HVLF,2026-01-10,7.0,6.2,2026-05-06
USR-18627,Instant Foods(Noida),Paan B,HVLF,2026-03-27,6.461538461538462,6.3,2026-05-06
USR-160170,Crossline Events (Meerut),Paan A,HVLF,2026-05-07,7.0,6.1,2026-05-06
USR-160696,Instant Foods (GZB),Paan C,HVHF,2026-05-31,5.315789473684211,6.0,2026-05-06
USR-173262,Instant Foods (Mathura),Paan A,LVLF,2026-02-13,7.0,6.9,2026-05-06
USR-18681,Instant Foods(Noida),General B,HVHF,2026-05-23,6.4,6.7,2026-05-06
USR-160222,Instant Foods (SED),General A,HVHF,2026-05-09,5.818181818181818,6.6,2026-05-06
USR-160127,Cross Line Events (Ghaziabad),Paan A,HVHF,2026-05-08,5.125,6.2,2026-05-06
USR-160182,Crossline Events (Meerut),Paan B,HVHF,2026-05-27,6.363636363636363,6.3,2026-05-06
USR-159608,Instant Foods(Noida),General C,HVLF,2026-02-03,7.0,6.8,2026-05-06
USR-19037,Instant Foods(Noida),General C,HVLF,2026-03-09,7.0,6.8,2026-05-06
USR-174192,Instant Foods (Mathura),General A,HVLF,2026-05-23,6.428571428571429,6.7,2026-05-06
USR-172941,Instant Foods (Mathura),General B,HVLF,2026-04-04,7.0,6.6,2026-05-06
USR-160719,NB Enterprises (West Delhi),General A,HVLF,2026-04-27,6.2,6.0,2026-05-06
USR-161881,Rapid Enterprises,Paan A,HVLF,2026-05-08,7.0,6.8,2026-05-06
USR-159663,Cross Line Events (Ghaziabad),General B,HVHF,2026-05-30,5.92,6.2,2026-05-06
USR-172913,Instant Foods (Mathura),General B,HVLF,2026-05-27,6.363636363636363,6.1,2026-05-06
USR-160298,Instant Foods(Noida),Paan A,HVLF,2026-05-14,7.666666666666667,6.7,2026-05-06
USR-159647,Instant Foods(Noida),General C,HVHF,2026-05-15,6.65,6.7,2026-05-06
USR-178275,Instant Foods (GZB),Paan B,HVLF,2026-05-22,7.0,6.9,2026-05-06
USR-172902,Instant Foods (Mathura),General B,HVLF,2026-05-16,6.7272727272727275,6.4,2026-05-06
USR-172890,Instant Foods (Mathura),General B,HVLF,2026-04-13,7.666666666666667,6.3,2026-05-06
USR-161589,Crossline Events (Meerut),General C,HVLF,2026-05-07,7.2727272727272725,6.9,2026-05-06
USR-172874,Instant Foods (Mathura),General B,HVLF,2026-03-26,5.857142857142857,6.0,2026-05-06
USR-172865,Instant Foods (Mathura),Paan B,HVLF,2026-03-06,7.0,6.3,2026-05-06
USR-20084,Instant Foods(Noida),General C,HVHF,2026-05-23,5.68,6.7,2026-05-06
USR-172850,Instant Foods (Mathura),General B,HVLF,2026-05-27,5.666666666666667,6.0,2026-05-06
USR-178376,Maa Sharda(LKO),General B,LVLF,2026-05-30,7.0,6.9,2026-05-06
USR-172969,Instant Foods(Noida),Wholesaler,HVHF,2026-05-30,4.814814814814815,6.6,2026-05-06
USR-19634,Instant Foods(Noida),Paan B,HVHF,2026-05-11,6.75,6.8,2026-05-06
USR-161961,Rapid Enterprises,Paan C,HVLF,2026-04-01,7.0,6.9,2026-05-06
USR-161924,Rapid Enterprises,Paan B,HVLF,2026-01-16,7.0,6.8,2026-05-06
USR-174203,Instant Foods (Mathura),Paan C,HVLF,2026-02-17,7.0,6.7,2026-05-06
USR-160239,Crossline Events (Meerut),Chemist A,HVLF,2026-02-20,8.166666666666666,6.7,2026-05-06
USR-19082,Instant Foods(Noida),General C,HVLF,2026-05-25,8.785714285714286,6.2,2026-05-06
USR-17306,Cross Line Events (Ghaziabad),General B,HVLF,2026-03-28,7.0,6.6,2026-05-06
USR-159729,Instant Foods (SED),General A,HVHF,2026-05-30,4.67741935483871,6.4,2026-05-06
USR-160240,Crossline Events (Meerut),General A,HVHF,2026-05-22,5.6,6.0,2026-05-06
USR-173973,Instant Foods (Mathura),General B,HVLF,2026-05-23,5.6,6.8,2026-05-06
USR-19321,Instant Foods(Noida),Paan B,HVHF,2026-05-27,6.304347826086956,6.1,2026-05-06
USR-161616,Rapid Enterprises,Paan C,HVHF,2026-05-29,5.88,6.1,2026-05-06
USR-194,Crossline Events (Noida),Paan B,HVHF,2026-05-22,6.086956521739131,6.4,2026-05-06
USR-160709,Instant Foods(Noida),Wholesaler,HVHF,2026-05-20,6.380952380952381,6.7,2026-05-06
USR-160715,NB Enterprises (West Delhi),General B,HVLF,2026-02-20,7.0,6.7,2026-05-06
USR-173014,Instant Foods (Mathura),General B,HVLF,2026-05-30,5.666666666666667,6.2,2026-05-06
USR-174226,Instant Foods (Mathura),Paan C,HVLF,2026-05-27,5.714285714285714,6.0,2026-05-06
USR-174231,Instant Foods (Mathura),General A,HVLF,2026-05-27,8.5,6.9,2026-05-06
USR-19328,Instant Foods(Noida),General C,HVHF,2026-05-16,6.65,6.7,2026-05-06
USR-176818,Rapid Enterprises,General B,HVLF,2026-04-09,7.0,6.9,2026-05-06
USR-173498,Instant Foods (Mathura),General B,HVLF,2026-04-15,5.666666666666667,6.0,2026-05-06
USR-172440,Instant Foods (Mathura),Paan A,HVLF,2026-05-04,8.75,6.8,2026-05-06
USR-25842,Instant Foods(Noida),Paan B,LVLF,2026-03-10,7.0,6.9,2026-05-06
USR-2592,Cross Line Events (Ghaziabad),Paan B,HVLF,2026-01-09,7.0,6.5,2026-05-06
USR-175045,Instant Foods (Mathura),General B,HVLF,2026-03-13,7.0,6.9,2026-05-06
USR-171861,Instant Foods (Mathura),General B,HVLF,2026-03-29,7.0,6.9,2026-05-06
USR-171852,Crossline Events (Meerut),General B,HVLF,2026-05-01,6.0,6.1,2026-05-06
USR-171847,Rapid Enterprises,General B,HVHF,2026-05-27,6.85,6.6,2026-05-06
USR-26093,Instant Foods(Noida),General C,HVLF,2026-05-27,7.0,6.8,2026-05-06
USR-173579,Instant Foods (Mathura),General B,HVLF,2026-04-26,5.909090909090909,6.1,2026-05-06
USR-180944,Cross Line Events (Ghaziabad),Paan B,HVLF,2026-05-30,7.0,6.9,2026-05-06
USR-26236,Instant Foods(Noida),Paan B,LVLF,2026-02-09,7.0,6.3,2026-05-06
USR-153594,Instant Foods(Noida),Paan B,HVLF,2026-04-07,7.0,6.2,2026-05-06
USR-177080,Maa Sharda(LKO),Paan A,HVLF,2026-05-30,7.333333333333333,6.4,2026-05-06
USR-171799,Instant Foods (Mathura),General C,HVLF,2026-03-06,7.0,6.3,2026-05-06
USR-153580,NB Enterprises (West Delhi),General A,HVLF,2026-03-16,7.0,6.7,2026-05-06
USR-171786,Instant Foods (Mathura),General B,HVLF,2026-03-29,7.0,6.9,2026-05-06
USR-162249,Instant Foods (GZB),Paan C,HVLF,2026-01-14,7.0,6.5,2026-05-06
USR-153715,NB Enterprises (West Delhi),General C,HVLF,2026-02-10,7.0,6.6,2026-05-06
USR-160946,NB Enterprises (West Delhi),Paan A,HVHF,2026-05-11,7.222222222222222,6.7,2026-05-06
USR-171924,Instant Foods (Mathura),General C,HVLF,2026-04-21,5.888888888888889,6.1,2026-05-06
USR-172022,Instant Foods (Mathura),General A,HVLF,2026-05-28,6.1875,6.4,2026-05-06
USR-153827,NB Enterprises (West Delhi),General A,HVHF,2026-05-29,6.166666666666667,6.5,2026-05-06
USR-24701,Instant Foods(Noida),General C,HVLF,2026-01-01,7.0,6.4,2026-05-06
USR-172002,Instant Foods (Mathura),General A,HVLF,2026-03-24,7.0,6.8,2026-05-06
USR-174943,Instant Foods (Mathura),General B,HVLF,2026-03-14,7.0,6.7,2026-05-06
USR-153820,Crossline Events (Meerut),Paan B,LVLF,2026-03-26,7.0,6.8,2026-05-06
USR-160926,Instant Foods(Noida),Paan B,HVLF,2026-03-28,4.9375,6.4,2026-05-06
USR-171772,Instant Foods (Mathura),General A,HVLF,2026-04-07,6.0,6.4,2026-05-06
USR-171978,Instant Foods (Mathura),General A,LVLF,2026-03-09,7.0,6.9,2026-05-06
USR-173559,Instant Foods (Mathura),General A,HVLF,2026-03-25,7.0,6.5,2026-05-06
USR-177196,Crossline Events (Meerut),General C,HVLF,2026-04-29,7.0,6.9,2026-05-06
USR-174987,Instant Foods (Mathura),General A,HVLF,2026-05-04,7.0,6.5,2026-05-06
USR-179018,Maa Sharda(LKO),General C,HVLF,2026-05-30,6.0,6.5,2026-05-06
USR-153788,Crossline Events (Meerut),General C,HVHF,2026-05-29,4.866666666666666,6.0,2026-05-06
USR-153760,Crossline Events (Meerut),Paan A,HVHF,2026-05-23,4.571428571428571,6.4,2026-05-06
USR-25306,Instant Foods(Noida),General C,HVHF,2026-05-30,4.741935483870968,6.7,2026-05-06
USR-177197,Crossline Events (Meerut),General C,HVLF,2026-04-25,7.0,6.8,2026-05-06
USR-160918,Cross Line Events (Ghaziabad),General B,HVHF,2026-05-29,4.323529411764706,6.0,2026-05-06
USR-26450,Instant Foods(Noida),Paan B,HVHF,2026-05-30,6.894736842105263,6.6,2026-05-06
USR-153524,Instant Foods (SED),Paan B,HVLF,2026-05-25,8.117647058823529,6.6,2026-05-06
USR-153232,Crossline Events (Noida),Paan A,HVHF,2026-05-30,5.137931034482759,6.2,2026-05-06
USR-175130,Rapid Enterprises,General B,HVLF,2026-02-12,7.0,6.8,2026-05-06
USR-171657,Rapid Enterprises,General B,HVLF,2026-01-03,7.0,6.4,2026-05-06
USR-153203,Instant Foods (GZB),Paan C,HVLF,2026-01-08,7.0,6.4,2026-05-06
USR-171650,Instant Foods (Mathura),General A,HVHF,2026-05-30,5.866666666666666,6.3,2026-05-06
USR-171647,Rapid Enterprises,General B,LVLF,2026-01-12,7.0,6.9,2026-05-06
USR-171634,Instant Foods (Mathura),General A,HVHF,2026-05-31,6.0,6.8,2026-05-06
USR-175141,Rapid Enterprises,General B,HVLF,2026-04-08,7.166666666666667,6.8,2026-05-06
USR-171632,Instant Foods (Mathura),Paan A,HVLF,2026-04-08,7.0,6.7,2026-05-06
USR-27838,Crossline Events (Noida),General C,HVHF,2026-05-30,4.806451612903226,6.6,2026-05-06
USR-171614,Rapid Enterprises,General B,HVLF,2026-02-09,9.25,6.6,2026-05-06
USR-179082,Maa Sharda(LKO),Paan A,HVLF,2026-05-25,7.0,6.7,2026-05-06
USR-171605,Rapid Enterprises,General B,HVLF,2026-01-03,7.0,6.4,2026-05-06
USR-171604,Instant Foods (Mathura),Paan A,HVLF,2026-05-25,6.733333333333333,6.6,2026-05-06
USR-18394,Cross Line Events (Ghaziabad),General C,HVLF,2026-04-07,38.0,6.3,2026-05-06
USR-27356,Crossline Events (Noida),Paan B,HVLF,2026-05-29,6.0,6.6,2026-05-06
USR-161492,Instant Foods (SED),Paan B,HVHF,2026-05-20,6.090909090909091,6.0,2026-05-06
USR-162310,Rapid Enterprises,General B,HVLF,2026-05-27,8.4,6.6,2026-05-06
USR-153325,Crossline Events (Meerut),Paan B,HVHF,2026-05-26,6.7894736842105265,6.5,2026-05-06
USR-171754,Instant Foods (Mathura),General A,HVHF,2026-05-31,5.722222222222222,6.4,2026-05-06
USR-173603,Instant Foods (Mathura),General B,HVLF,2026-02-19,7.0,6.7,2026-05-06
USR-2656,Instant Foods (GZB),General C,HVLF,2026-01-01,7.0,6.5,2026-05-06
USR-160976,NB Enterprises (West Delhi),Paan B,HVLF,2026-01-08,7.0,6.0,2026-05-06
USR-171744,Instant Foods (Mathura),General A,HVLF,2026-05-12,7.666666666666667,6.4,2026-05-06
USR-175075,Instant Foods (Mathura),General B,HVLF,2026-05-05,7.0,6.9,2026-05-06
USR-153411,Cross Line Events (Ghaziabad),Paan B,HVLF,2026-04-17,7.0,6.9,2026-05-06
USR-161498,Instant Foods (GZB),Paan C,HVLF,2026-03-30,7.0,6.5,2026-05-06
USR-268,Instant Foods(Noida),Paan B,LVLF,2026-01-08,7.0,6.5,2026-05-06
USR-180906,Crossline Events (Noida),Paan C,HVLF,2026-05-28,7.0,6.8,2026-05-06
USR-176948,Crossline Events (Meerut),General C,HVLF,2026-04-29,7.0,6.9,2026-05-06
USR-27022,Crossline Events (Noida),Paan B,HVHF,2026-05-25,6.545454545454546,6.0,2026-05-06
USR-171703,Instant Foods (Mathura),General A,HVHF,2026-05-26,8.176470588235293,6.1,2026-05-06
USR-27074,Crossline Events (Noida),General C,HVLF,2026-05-30,20.428571428571427,6.3,2026-05-06
USR-160399,Instant Foods (GZB),Paan C,LVLF,2026-02-21,7.0,6.6,2026-05-06
USR-27123,Crossline Events (Noida),General C,HVLF,2026-02-03,7.0,6.8,2026-05-06
USR-153377,NB Enterprises (West Delhi),Paan B,HVLF,2026-05-06,7.071428571428571,6.9,2026-05-06
USR-173504,Instant Foods (Mathura),General B,HVLF,2026-05-30,6.0,6.1,2026-05-06
USR-2451,Instant Foods(Noida),General C,HVLF,2026-02-04,7.0,6.2,2026-05-06
USR-1539,Crossline Events (Noida),General B,HVLF,2026-01-28,7.0,6.9,2026-05-06
USR-172247,Instant Foods (Mathura),General B,HVLF,2026-02-16,7.0,6.6,2026-05-06
USR-172245,Instant Foods (Mathura),General B,HVLF,2026-05-30,6.357142857142857,6.8,2026-05-06
USR-172241,Instant Foods (GZB),Paan B,HVLF,2026-01-12,7.0,6.4,2026-05-06
USR-159054,Instant Foods(Noida),Paan B,HVHF,2026-05-20,7.2105263157894735,6.6,2026-05-06
USR-160835,Instant Foods(Noida),Paan A,HVHF,2026-05-30,3.6341463414634148,6.5,2026-05-06
USR-23133,Instant Foods(Noida),General A,HVHF,2026-05-27,6.260869565217392,6.1,2026-05-06
USR-23162,Instant Foods(Noida),Paan B,HVHF,2026-05-30,6.142857142857143,6.7,2026-05-06
USR-23172,Instant Foods(Noida),Paan A,HVHF,2026-05-27,6.363636363636363,6.2,2026-05-06
USR-23264,Instant Foods(Noida),General A,HVLF,2026-05-30,6.0,6.3,2026-05-06
USR-174656,Instant Foods (Mathura),General B,HVLF,2026-04-06,7.0,6.8,2026-05-06
USR-181215,Maa Sharda(LKO),Paan C,LVLF,2026-05-30,7.0,6.7,2026-05-06
USR-23322,Instant Foods(Noida),General C,HVHF,2026-05-30,5.894736842105263,6.1,2026-05-06
USR-173970,Instant Foods (Mathura),Paan B,HVLF,2026-04-06,7.0,6.8,2026-05-06
USR-172205,Instant Foods (Mathura),General B,HVHF,2026-05-22,5.782608695652174,6.3,2026-05-06
USR-23333,Instant Foods(Noida),General A,HVHF,2026-05-27,6.65,6.2,2026-05-06
USR-172254,Rapid Enterprises,General B,LVLF,2026-01-10,7.0,6.2,2026-05-06
USR-172255,Instant Foods(Noida),Paan C,HVLF,2026-01-10,7.0,6.3,2026-05-06
USR-174615,Instant Foods (Mathura),General B,HVLF,2026-03-16,7.0,6.7,2026-05-06
USR-23061,Instant Foods(Noida),General C,LVLF,2026-01-17,7.0,6.9,2026-05-06
USR-162109,Instant Foods(Noida),Paan C,HVHF,2026-05-30,3.6097560975609757,6.7,2026-05-06
USR-159168,Instant Foods(Noida),Paan B,HVHF,2026-05-29,6.363636363636363,6.5,2026-05-06
USR-174583,Instant Foods (Mathura),General B,HVLF,2026-02-28,7.0,6.9,2026-05-06
USR-172384,Instant Foods (Mathura),General A,HVLF,2026-04-07,7.0,6.9,2026-05-06
USR-172357,Instant Foods (Mathura),General A,HVLF,2026-05-18,6.5,6.4,2026-05-06
USR-172338,Instant Foods (Mathura),Paan A,HVLF,2026-03-06,7.0,6.3,2026-05-06
USR-178035,Instant Foods (Mathura),General B,HVLF,2026-05-30,9.0,6.9,2026-05-06
USR-159014,Crossline Events (Noida),General C,HVLF,2026-02-19,7.0,6.6,2026-05-06
USR-159084,Instant Foods (GZB),General A,HVLF,2026-03-23,6.7272727272727275,6.7,2026-05-06
USR-160819,NB Enterprises (West Delhi),Paan B,HVHF,2026-05-08,6.3,6.3,2026-05-06
USR-22845,Instant Foods(Noida),General C,HVHF,2026-05-28,6.217391304347826,6.2,2026-05-06
USR-22859,Instant Foods(Noida),General C,HVHF,2026-05-27,6.666666666666667,6.6,2026-05-06
USR-22874,Instant Foods(Noida),General C,HVHF,2026-05-30,5.5,6.3,2026-05-06
USR-2288,Crossline Events (Noida),General C,HVLF,2026-04-13,7.0,6.9,2026-05-06
USR-178010,Maa Sharda(LKO),Paan A,HVLF,2026-05-23,6.0,6.4,2026-05-06
USR-22941,Instant Foods(Noida),General A,HVHF,2026-05-20,7.0,6.9,2026-05-06
USR-22784,Instant Foods(Noida),General C,HVHF,2026-05-27,6.666666666666667,6.3,2026-05-06
USR-174928,Instant Foods (Mathura),General B,HVLF,2026-05-24,6.642857142857143,6.5,2026-05-06
USR-162164,Instant Foods(Noida),Paan C,HVHF,2026-05-23,4.642857142857143,6.7,2026-05-06
USR-177808,Instant Foods(Noida),Paan C,HVLF,2026-05-29,19.0,6.5,2026-05-06
USR-160895,Cross Line Events (Ghaziabad),Paan B,HVLF,2026-03-11,6.857142857142857,6.4,2026-05-06
USR-15737,Crossline Events (Noida),General B,HVLF,2026-03-13,7.75,6.7,2026-05-06
USR-172103,Instant Foods (Mathura),General A,HVLF,2026-03-21,6.333333333333333,6.0,2026-05-06
USR-161516,Instant Foods (GZB),Paan B,HVHF,2026-05-31,6.521739130434782,6.9,2026-05-06
USR-161510,Instant Foods(Noida),Paan C,HVHF,2026-05-30,3.9210526315789473,6.3,2026-05-06
USR-172102,Instant Foods (Mathura),General B,LVLF,2026-02-21,7.0,6.4,2026-05-06
USR-172092,Instant Foods (Mathura),Paan A,HVLF,2026-05-18,7.230769230769231,6.7,2026-05-06
USR-153925,NB Enterprises (West Delhi),General A,HVLF,2026-05-29,16.142857142857142,6.1,2026-05-06
USR-153924,Instant Foods (SED),Paan C,HVHF,2026-05-29,6.636363636363637,6.8,2026-05-06
USR-172081,Rapid Enterprises,General A,LVLF,2026-01-08,7.0,6.4,2026-05-06
USR-24250,Instant Foods(Noida),Paan B,HVHF,2026-05-30,3.7777777777777777,6.8,2026-05-06
USR-161509,Instant Foods(Noida),General C,HVHF,2026-05-30,3.8205128205128207,6.2,2026-05-06
USR-24313,Instant Foods(Noida),General B,HVHF,2026-05-27,6.857142857142857,6.6,2026-05-06
USR-2440,Instant Foods(Noida),General B,LVLF,2026-03-05,7.0,6.5,2026-05-06
USR-174920,Rapid Enterprises,General A,HVLF,2026-03-21,7.25,6.2,2026-05-06
USR-15744,Crossline Events (Noida),General B,HVHF,2026-05-16,4.620689655172414,6.0,2026-05-06
USR-24031,Instant Foods(Noida),General A,HVLF,2026-03-10,7.0,6.8,2026-05-06
USR-162207,Crossline Events (Meerut),General B,HVLF,2026-03-27,6.076923076923077,6.6,2026-05-06
USR-158732,Crossline Events (Meerut),General A,HVHF,2026-05-27,6.2727272727272725,6.0,2026-05-06
USR-23462,Crossline Events (Noida),General C,HVLF,2026-03-07,7.0,6.1,2026-05-06
USR-161530,NB Enterprises (West Delhi),Paan C,HVLF,2026-01-08,7.0,6.0,2026-05-06
USR-23604,Instant Foods(Noida),Paan A,HVLF,2026-05-30,5.428571428571429,6.0,2026-05-06
USR-160867,Instant Foods (GZB),General A,HVLF,2026-04-29,5.5,6.3,2026-05-06
USR-158900,Crossline Events (Meerut),General A,HVHF,2026-05-16,5.36,6.0,2026-05-06
USR-162191,Rapid Enterprises,General B,HVLF,2026-05-27,7.0,6.8,2026-05-06
USR-172156,Instant Foods (GZB),General C,HVLF,2026-04-07,7.0,6.1,2026-05-06
USR-177809,Crossline Events (Meerut),Paan C,HVLF,2026-04-30,7.0,6.8,2026-05-06
USR-158840,Crossline Events (Meerut),General B,HVLF,2026-03-05,7.0,6.0,2026-05-06
USR-162195,Rapid Enterprises,Paan A,HVLF,2026-04-16,6.333333333333333,6.1,2026-05-06
USR-23799,Instant Foods(Noida),General A,HVHF,2026-05-30,4.931034482758621,6.0,2026-05-06
USR-173527,Instant Foods (Mathura),General B,HVLF,2026-05-26,6.8,6.9,2026-05-06
USR-172133,Instant Foods (Mathura),General A,HVHF,2026-05-18,6.842105263157895,6.8,2026-05-06
USR-172127,Instant Foods (Mathura),General A,HVLF,2026-03-14,7.0,6.9,2026-05-06
USR-2388,Instant Foods(Noida),Paan B,HVHF,2026-05-30,5.730769230769231,6.4,2026-05-06
USR-172118,Instant Foods (Mathura),General B,HVLF,2026-05-07,7.0,6.9,2026-05-06
USR-181211,Maa Sharda(LKO),Paan B,LVLF,2026-05-30,7.0,6.8,2026-05-06
USR-165044,Rapid Enterprises,General C,HVHF,2026-05-30,5.518518518518518,6.2,2026-05-06
USR-162659,Rapid Enterprises,Paan A,HVHF,2026-05-23,5.041666666666667,6.1,2026-05-06
USR-169985,Rapid Enterprises,General B,HVLF,2026-03-24,7.0,6.7,2026-05-06
USR-71969,Instant Foods (SED),Paan B,LVLF,2026-02-14,7.0,6.9,2026-05-06
USR-71980,Instant Foods (SED),Paan B,HVHF,2026-05-21,6.705882352941177,6.8,2026-05-06
USR-167232,Cross Line Events (EDelhi),Paan A,HVHF,2026-05-05,6.157894736842105,6.3,2026-05-06
USR-119407,Crossline Events (Meerut),General C,HVHF,2026-05-19,6.7,6.6,2026-05-06
USR-167217,Rapid Enterprises,General B,HVLF,2026-02-07,7.666666666666667,6.0,2026-05-06
USR-119379,Crossline Events (Meerut),Paan B,HVLF,2026-03-07,7.0,6.1,2026-05-06
USR-1190,Instant Foods(Noida),Paan B,HVLF,2026-05-19,7.0,6.4,2026-05-06
USR-7179,Instant Foods (GZB),General C,HVLF,2026-05-27,7.0,6.6,2026-05-06
USR-1189,Instant Foods(Noida),Paan A,HVHF,2026-05-29,5.88,6.1,2026-05-06
USR-73540,Instant Foods (SED),Paan B,HVLF,2026-01-08,7.0,6.0,2026-05-06
USR-16717,Crossline Events (Noida),Paan B,HVLF,2026-04-06,6.75,6.4,2026-05-06
USR-167166,Rapid Enterprises,General A,HVHF,2026-05-25,6.9,6.6,2026-05-06
USR-164007,Rapid Enterprises,General B,HVLF,2026-04-27,8.125,6.8,2026-05-06
USR-118127,Crossline Events (Meerut),Paan B,HVLF,2026-02-09,7.0,6.4,2026-05-06
USR-167146,Cross Line Events (EDelhi),Wholesaler,HVLF,2026-01-15,7.0,6.3,2026-05-06
USR-38064,Cross Line Events (Ghaziabad),Paan A,HVLF,2026-05-14,7.0,6.9,2026-05-06
USR-118869,Crossline Events (Meerut),Paan B,HVLF,2026-03-02,7.0,6.6,2026-05-06
USR-167282,Rapid Enterprises,General B,HVLF,2026-02-20,7.0,6.9,2026-05-06
USR-167290,Rapid Enterprises,General B,HVHF,2026-05-19,6.9,6.7,2026-05-06
USR-7150,Instant Foods (GZB),General B,HVLF,2026-03-10,7.0,6.6,2026-05-06
USR-68628,Instant Foods (SED),Paan B,HVLF,2026-05-27,10.357142857142858,6.6,2026-05-06
USR-167435,NB Enterprises (West Delhi),Paan B,HVLF,2026-02-10,9.0,6.2,2026-05-06
USR-691,Crossline Events (Noida),Paan B,HVHF,2026-05-30,5.2592592592592595,6.0,2026-05-06
USR-121383,Crossline Events (Meerut),Paan A,LVLF,2026-01-02,7.0,6.4,2026-05-06
USR-12126,Instant Foods (GZB),General A,HVLF,2026-04-16,6.176470588235294,6.9,2026-05-06
USR-12106,Cross Line Events (Ghaziabad),Paan B,HVLF,2026-03-09,7.0,6.5,2026-05-06
USR-694,Crossline Events (Noida),Paan B,HVHF,2026-05-30,4.774193548387097,6.8,2026-05-06
USR-6943,Cross Line Events (Ghaziabad),General B,HVHF,2026-05-30,4.2,6.4,2026-05-06
USR-6944,Cross Line Events (Ghaziabad),General A,HVHF,2026-05-31,5.321428571428571,6.9,2026-05-06
USR-120673,Crossline Events (Meerut),General C,HVHF,2026-05-08,5.521739130434782,6.1,2026-05-06
USR-119968,Crossline Events (Meerut),General B,HVHF,2026-05-22,6.363636363636363,6.2,2026-05-06
USR-70398,Instant Foods (SED),Paan B,HVHF,2026-04-28,6.333333333333333,6.6,2026-05-06
USR-119783,Crossline Events (Meerut),General C,HVHF,2026-05-29,5.84,6.1,2026-05-06
USR-7121,Instant Foods (GZB),Paan A,HVHF,2026-05-30,5.8,6.2,2026-05-06
USR-71308,NB Enterprises (West Delhi),General C,HVLF,2026-02-27,6.0,6.1,2026-05-06
USR-163887,Rapid Enterprises,General A,HVLF,2026-01-06,7.0,6.1,2026-05-06
USR-71407,NB Enterprises (West Delhi),Paan B,HVLF,2026-01-10,7.0,6.8,2026-05-06
USR-760,Instant Foods(Noida),Paan B,HVLF,2026-04-20,6.411764705882353,6.5,2026-05-06
USR-12193,Instant Foods (GZB),Paan B,HVHF,2026-05-27,6.666666666666667,6.3,2026-05-06
USR-7652,Cross Line Events (Ghaziabad),General B,LVLF,2026-03-24,7.0,6.8,2026-05-06
USR-7679,Cross Line Events (Ghaziabad),General C,HVHF,2026-05-25,6.809523809523809,6.5,2026-05-06
USR-166922,Rapid Enterprises,General A,HVLF,2026-04-24,9.75,6.9,2026-05-06
USR-8204,Instant Foods(Noida),General C,HVHF,2026-05-12,6.45,6.2,2026-05-06
USR-164228,Rapid Enterprises,General B,HVHF,2026-05-27,6.318181818181818,6.0,2026-05-06
USR-8228,Instant Foods(Noida),General C,HVHF,2026-05-27,6.304347826086956,6.0,2026-05-06
USR-166905,Rapid Enterprises,General B,HVLF,2026-03-28,6.142857142857143,6.2,2026-05-06
USR-114283,NB Enterprises (West Delhi),General A,LVLF,2026-01-10,7.0,6.3,2026-05-06
USR-8286,Instant Foods(Noida),General C,LVLF,2026-02-09,7.0,6.6,2026-05-06
USR-81959,Cross Line Events (EDelhi),General C,HVLF,2026-04-04,6.0,6.5,2026-05-06
USR-164244,Rapid Enterprises,General C,HVHF,2026-05-13,5.863636363636363,6.3,2026-05-06
USR-114144,NB Enterprises (West Delhi),General A,HVLF,2026-05-04,7.0,6.9,2026-05-06
USR-166856,Rapid Enterprises,General B,HVHF,2026-05-29,6.083333333333333,6.6,2026-05-06
USR-16685,Crossline Events (Noida),Paan B,HVLF,2026-05-26,6.8,6.6,2026-05-06
USR-8351,Instant Foods(Noida),Paan B,HVLF,2026-01-20,7.0,6.7,2026-05-06
USR-166846,Rapid Enterprises,General B,HVHF,2026-05-30,7.45,6.3,2026-05-06
USR-83543,Instant Foods (SED),Paan B,HVLF,2026-04-30,6.2631578947368425,6.5,2026-05-06
USR-164258,Rapid Enterprises,General C,HVLF,2026-05-22,16.75,6.7,2026-05-06
USR-114218,NB Enterprises (West Delhi),General B,HVHF,2026-05-29,6.166666666666667,6.2,2026-05-06
USR-8185,Instant Foods(Noida),General B,HVHF,2026-05-29,5.88,6.0,2026-05-06
USR-8184,Instant Foods(Noida),Paan B,HVHF,2026-05-29,6.125,6.3,2026-05-06
USR-164192,Rapid Enterprises,General C,HVHF,2026-05-18,6.55,6.8,2026-05-06
USR-11676,Cross Line Events (Ghaziabad),Paan B,HVLF,2026-03-03,7.0,6.5,2026-05-06
USR-77080,NB Enterprises (West Delhi),Paan B,HVHF,2026-05-23,4.242424242424242,6.1,2026-05-06
USR-164036,Rapid Enterprises,Paan C,HVHF,2026-05-30,6.391304347826087,6.7,2026-05-06
USR-7759,Cross Line Events (Ghaziabad),General C,HVHF,2026-05-29,4.235294117647059,6.0,2026-05-06
USR-11619,Cross Line Events (Ghaziabad),General C,HVLF,2026-02-09,7.0,6.4,2026-05-06
USR-164042,Rapid Enterprises,General A,HVLF,2026-03-06,10.666666666666666,6.8,2026-05-06
USR-164049,Rapid Enterprises,Paan B,HVLF,2026-04-06,7.0,6.8,2026-05-06
USR-167021,Rapid Enterprises,General B,HVLF,2026-04-16,6.176470588235294,6.7,2026-05-06
USR-7980,Instant Foods (GZB),General A,HVLF,2026-05-12,29.666666666666668,6.4,2026-05-06
USR-79803,Instant Foods (SED),Paan B,HVHF,2026-05-30,5.5,6.3,2026-05-06
USR-164120,Rapid Enterprises,Paan B,LVLF,2026-03-06,7.0,6.7,2026-05-06
USR-114659,Instant Foods (GZB),Paan B,HVLF,2026-05-04,7.0,6.3,2026-05-06
USR-81250,NB Enterprises (West Delhi),General C,HVLF,2026-01-02,7.0,6.7,2026-05-06
USR-8154,Instant Foods(Noida),General C,HVLF,2026-03-03,6.222222222222222,6.2,2026-05-06
USR-81694,Instant Foods (SED),Paan B,HVLF,2026-04-30,6.647058823529412,6.9,2026-05-06
USR-114451,NB Enterprises (West Delhi),General B,HVLF,2026-05-28,67.0,6.7,2026-05-06
USR-164190,Rapid Enterprises,General C,HVLF,2026-01-17,7.0,6.9,2026-05-06
USR-116881,Crossline Events (Meerut),General C,HVHF,2026-05-29,6.166666666666667,6.4,2026-05-06
USR-164261,Rapid Enterprises,General A,HVHF,2026-05-26,7.388888888888889,6.9,2026-05-06
USR-167461,Instant Foods (GZB),Wholesaler,HVLF,2026-05-09,7.0,6.6,2026-05-06
USR-6771,Cross Line Events (Ghaziabad),Paan B,HVHF,2026-05-30,4.138888888888889,6.0,2026-05-06
USR-127736,Crossline Events (Meerut),General C,HVHF,2026-05-25,7.473684210526316,6.8,2026-05-06
USR-168418,Rapid Enterprises,General A,HVLF,2026-05-05,7.0,6.8,2026-05-06
USR-127715,Crossline Events (Meerut),General B,HVLF,2026-05-29,8.8,6.9,2026-05-06
USR-5081,Instant Foods (GZB),General C,LVLF,2026-03-09,7.0,6.8,2026-05-06
USR-5089,Instant Foods (GZB),General B,HVHF,2026-05-30,4.6923076923076925,6.6,2026-05-06
USR-12760,Cross Line Events (Ghaziabad),Paan B,HVLF,2026-05-04,7.0,6.7,2026-05-06
USR-168393,Instant Foods (SED),General C,HVLF,2026-04-17,8.75,6.8,2026-05-06
USR-127770,Crossline Events (Meerut),General C,HVHF,2026-05-28,5.684210526315789,6.1,2026-05-06
USR-50929,NB Enterprises (West Delhi),Paan B,HVLF,2026-04-08,7.0,6.6,2026-05-06
USR-168377,Rapid Enterprises,General A,HVLF,2026-03-13,7.333333333333333,6.2,2026-05-06
USR-168356,Rapid Enterprises,General A,HVHF,2026-05-29,5.615384615384615,6.3,2026-05-06
USR-127400,Crossline Events (Meerut),General C,LVLF,2026-01-13,7.0,6.9,2026-05-06
USR-163660,Rapid Enterprises,General B,HVHF,2026-05-20,6.888888888888889,6.7,2026-05-06
USR-54270,Instant Foods (SED),Paan B,HVHF,2026-05-23,6.761904761904762,6.9,2026-05-06
USR-168296,Rapid Enterprises,General A,HVLF,2026-05-07,7.0,6.9,2026-05-06
USR-126874,Crossline Events (Meerut),General B,HVHF,2026-05-25,6.476190476190476,6.0,2026-05-06
USR-127537,Crossline Events (Meerut),General C,LVLF,2026-01-20,7.0,6.8,2026-05-06
USR-127781,Crossline Events (Meerut),General C,HVLF,2026-05-06,7.0,6.5,2026-05-06
USR-168454,Rapid Enterprises,General B,HVLF,2026-01-27,7.0,6.9,2026-05-06
USR-49822,Instant Foods (SED),Paan B,HVLF,2026-05-25,7.416666666666667,6.9,2026-05-06
USR-12875,Cross Line Events (Ghaziabad),General C,LVLF,2026-03-09,7.0,6.6,2026-05-06
USR-168661,Rapid Enterprises,General A,HVLF,2026-04-16,6.090909090909091,6.2,2026-05-06
USR-168654,Rapid Enterprises,General A,HVHF,2026-05-20,5.6521739130434785,6.3,2026-05-06
USR-168653,Rapid Enterprises,General A,HVLF,2026-01-10,7.0,6.9,2026-05-06
USR-168652,Instant Foods(Noida),Paan B,HVHF,2026-05-31,4.5,6.3,2026-05-06
USR-128698,Crossline Events (Meerut),General B,HVLF,2026-02-24,7.0,6.9,2026-05-06
USR-163549,Rapid Enterprises,General B,HVLF,2026-01-19,7.0,6.8,2026-05-06
USR-128653,Crossline Events (Meerut),General C,HVLF,2026-03-14,6.2,6.5,2026-05-06
USR-128568,Crossline Events (Meerut),General B,HVHF,2026-05-29,5.95,6.6,2026-05-06
USR-12845,Cross Line Events (Ghaziabad),General C,HVLF,2026-01-02,7.0,6.7,2026-05-06
USR-471,Instant Foods(Noida),Paan B,HVLF,2026-04-11,6.533333333333333,6.4,2026-05-06
USR-128406,Crossline Events (Meerut),General C,HVLF,2026-04-28,7.0,6.9,2026-05-06
USR-47356,Instant Foods (SED),General C,HVLF,2026-02-17,6.0,6.4,2026-05-06
USR-4749,Instant Foods (GZB),General B,LVLF,2026-02-21,7.0,6.5,2026-05-06
USR-128236,Crossline Events (Meerut),General B,HVLF,2026-03-10,7.0,6.6,2026-05-06
USR-163602,Rapid Enterprises,General B,HVHF,2026-05-31,5.84,6.1,2026-05-06
USR-49687,NB Enterprises (West Delhi),Paan B,HVLF,2026-04-11,6.533333333333333,6.6,2026-05-06
USR-168216,Rapid Enterprises,General A,HVHF,2026-05-23,5.384615384615385,6.8,2026-05-06
USR-167467,Instant Foods(Noida),General B,HVLF,2026-04-26,7.0,6.8,2026-05-06
USR-168169,Instant Foods(Noida),Paan C,HVLF,2026-05-05,7.0,6.1,2026-05-06
USR-16813,Instant Foods(Noida),Paan B,HVLF,2026-05-25,7.0,6.6,2026-05-06
USR-6288,Cross Line Events (Ghaziabad),General B,HVHF,2026-05-28,6.304347826086956,6.3,2026-05-06
USR-167697,Rapid Enterprises,General B,LVLF,2026-01-10,7.0,6.5,2026-05-06
USR-167641,Rapid Enterprises,General A,HVLF,2026-02-05,7.0,6.1,2026-05-06
USR-167614,Rapid Enterprises,General C,HVLF,2026-03-07,8.75,6.1,2026-05-06
USR-167612,Rapid Enterprises,General B,HVLF,2026-03-02,7.0,6.7,2026-05-06
USR-167606,Rapid Enterprises,General B,HVHF,2026-05-26,6.857142857142857,6.7,2026-05-06
USR-125381,Crossline Events (Meerut),General C,HVLF,2026-03-30,7.0,6.9,2026-05-06
USR-126124,Crossline Events (Meerut),Paan B,HVHF,2026-05-09,5.7272727272727275,6.1,2026-05-06
USR-6407,Cross Line Events (Ghaziabad),Paan B,HVLF,2026-03-13,6.454545454545454,6.2,2026-05-06
USR-122815,Crossline Events (Meerut),Paan B,HVLF,2026-03-10,7.0,6.6,2026-05-06
USR-6656,Cross Line Events (Ghaziabad),General C,HVHF,2026-04-18,5.352941176470588,6.4,2026-05-06
USR-122552,Crossline Events (Meerut),General C,HVHF,2026-05-30,6.434782608695652,6.9,2026-05-06
USR-167513,Cross Line Events (EDelhi),General A,HVLF,2026-03-25,10.8,6.9,2026-05-06
USR-167495,Rapid Enterprises,Paan A,HVHF,2026-05-28,6.052631578947368,6.4,2026-05-06
USR-167492,Rapid Enterprises,Paan B,HVLF,2026-02-13,7.0,6.8,2026-05-06
USR-67525,NB Enterprises (West Delhi),Paan A,HVLF,2026-04-10,7.0,6.9,2026-05-06
USR-12507,Instant Foods (GZB),Paan B,HVLF,2026-05-29,7.0,6.9,2026-05-06
USR-167734,Rapid Enterprises,General C,HVLF,2026-03-05,7.0,6.3,2026-05-06
USR-12614,Instant Foods (GZB),Paan B,HVHF,2026-05-29,6.083333333333333,6.3,2026-05-06
USR-126141,Crossline Events (Meerut),Paan B,HVLF,2026-04-13,6.375,6.7,2026-05-06
USR-126670,Crossline Events (Meerut),General B,HVHF,2026-05-26,5.76,6.0,2026-05-06
USR-5728,Instant Foods (GZB),General B,HVLF,2026-02-23,17.5,6.5,2026-05-06
USR-126669,Crossline Events (Meerut),Paan B,HVHF,2026-05-22,6.0,6.0,2026-05-06
USR-126644,Crossline Events (Meerut),General B,LVLF,2026-01-02,7.0,6.8,2026-05-06
USR-5794,Instant Foods (GZB),Paan A,HVHF,2026-05-30,4.8,6.5,2026-05-06
USR-168036,Instant Foods (GZB),Paan A,HVHF,2026-05-30,6.3478260869565215,6.9,2026-05-06
USR-5803,Cross Line Events (Ghaziabad),General B,HVLF,2026-05-25,10.833333333333334,6.6,2026-05-06
USR-126496,Crossline Events (Noida),General C,HVHF,2026-05-31,5.035714285714286,6.7,2026-05-06
USR-126446,Crossline Events (Meerut),General B,HVHF,2026-05-04,6.421052631578948,6.1,2026-05-06
USR-6037,Instant Foods (GZB),General C,HVHF,2026-05-30,4.741935483870968,6.0,2026-05-06
USR-61150,NB Enterprises (West Delhi),Paan B,HVLF,2026-05-22,15.2,6.0,2026-05-06
USR-126193,Crossline Events (Meerut),General C,HVHF,2026-05-11,6.631578947368421,6.8,2026-05-06
USR-62190,NB Enterprises (West Delhi),Paan B,HVLF,2026-03-06,7.0,6.3,2026-05-06
USR-167791,Rapid Enterprises,General C,HVLF,2026-04-22,6.8125,6.9,2026-05-06
USR-167784,Rapid Enterprises,General A,HVLF,2026-01-05,7.0,6.0,2026-05-06
USR-167782,Rapid Enterprises,General A,HVLF,2026-03-16,7.0,6.7,2026-05-06
USR-6233,Cross Line Events (Ghaziabad),General B,LVLF,2026-01-17,7.0,6.7,2026-05-06
USR-5588,Instant Foods (GZB),General B,HVHF,2026-05-30,4.393939393939394,6.1,2026-05-06
USR-166833,Rapid Enterprises,General B,HVHF,2026-05-30,8.9375,6.6,2026-05-06
USR-8364,Instant Foods(Noida),Paan B,LVLF,2026-01-10,7.0,6.3,2026-05-06
USR-166823,Rapid Enterprises,General B,HVHF,2026-05-30,6.125,6.3,2026-05-06
USR-104798,Instant Foods (SED),General A,HVHF,2026-05-30,5.92,6.1,2026-05-06
USR-94777,Instant Foods (SED),General A,HVHF,2026-05-28,6.409090909090909,6.4,2026-05-06
USR-165682,Instant Foods (GZB),General B,HVLF,2026-03-15,7.0,6.6,2026-05-06
USR-165676,Rapid Enterprises,Paan A,HVLF,2026-02-14,7.0,6.8,2026-05-06
USR-95160,Instant Foods (SED),General A,HVHF,2026-05-30,6.35,6.6,2026-05-06
USR-95262,Instant Foods (SED),General A,HVHF,2026-05-25,6.857142857142857,6.7,2026-05-06
USR-95293,Instant Foods (SED),General A,HVLF,2026-03-24,8.0,6.5,2026-05-06
USR-9474,Cross Line Events (Ghaziabad),General C,HVLF,2026-05-22,12.625,6.2,2026-05-06
USR-95445,Instant Foods (SED),General A,HVHF,2026-05-19,6.090909090909091,6.1,2026-05-06
USR-95451,Instant Foods (SED),General A,HVHF,2026-05-29,6.125,6.5,2026-05-06
USR-165610,Instant Foods (GZB),Paan B,LVLF,2026-01-16,7.0,6.5,2026-05-06
USR-95509,Instant Foods (SED),General A,HVHF,2026-05-30,5.583333333333333,6.4,2026-05-06
USR-95565,Instant Foods (SED),General A,HVLF,2026-01-03,7.0,6.7,2026-05-06
USR-9568,Instant Foods (GZB),General A,HVHF,2026-05-30,3.7,6.1,2026-05-06
USR-9571,Instant Foods (GZB),General A,HVHF,2026-05-23,5.36,6.2,2026-05-06
USR-165554,Rapid Enterprises,Paan A,LVLF,2026-01-01,7.0,6.8,2026-05-06
USR-10344,Instant Foods (GZB),Paan A,HVLF,2026-05-27,7.666666666666667,6.1,2026-05-06
USR-1051,Instant Foods(Noida),Paan B,LVLF,2026-01-30,5.6,6.8,2026-05-06
USR-105197,Instant Foods (SED),General A,HVLF,2026-01-01,7.0,6.4,2026-05-06
USR-165766,Rapid Enterprises,Paan B,LVLF,2026-01-17,7.0,6.7,2026-05-06
USR-10636,Instant Foods (GZB),General C,HVHF,2026-05-15,6.333333333333333,6.6,2026-05-06
USR-93525,Instant Foods (SED),General A,HVLF,2026-02-24,7.0,6.7,2026-05-06
USR-93666,Cross Line Events (EDelhi),Paan B,HVLF,2026-03-12,6.9,6.5,2026-05-06
USR-164736,Rapid Enterprises,General B,HVHF,2026-05-28,6.8,6.8,2026-05-06
USR-106106,Crossline Events (Noida),General A,HVLF,2026-02-11,7.0,6.9,2026-05-06
USR-165836,Rapid Enterprises,General B,HVHF,2026-05-30,6.476190476190476,6.7,2026-05-06
USR-93788,Instant Foods (SED),General A,HVLF,2026-05-25,7.0,6.7,2026-05-06
USR-165827,Rapid Enterprises,General B,HVLF,2026-02-19,7.0,6.8,2026-05-06
USR-165826,Rapid Enterprises,General B,HVHF,2026-05-30,4.121212121212121,6.3,2026-05-06
USR-164767,Rapid Enterprises,General B,HVLF,2026-05-06,7.0,6.8,2026-05-06
USR-93817,Instant Foods (SED),General A,HVLF,2026-03-31,7.0,6.9,2026-05-06
USR-165812,Rapid Enterprises,General A,HVLF,2026-05-16,12.272727272727273,6.7,2026-05-06
USR-94005,Instant Foods (SED),General A,HVHF,2026-05-30,4.966666666666667,6.1,2026-05-06
USR-105723,Instant Foods (SED),Paan B,HVHF,2026-05-30,5.333333333333333,6.8,2026-05-06
USR-165789,Rapid Enterprises,General C,HVLF,2026-01-10,7.0,6.9,2026-05-06
USR-165786,Rapid Enterprises,General C,LVLF,2026-02-09,7.0,6.7,2026-05-06
USR-94334,Instant Foods (SED),General A,HVHF,2026-05-22,6.130434782608695,6.1,2026-05-06
USR-164889,Rapid Enterprises,General C,HVLF,2026-05-07,7.0,6.9,2026-05-06
USR-93486,Instant Foods (SED),General A,HVHF,2026-05-30,4.111111111111111,6.5,2026-05-06
USR-95879,Instant Foods (SED),General A,HVLF,2026-01-03,7.0,6.2,2026-05-06
USR-102685,Instant Foods (SED),General A,HVLF,2026-02-16,7.0,6.5,2026-05-06
USR-97971,Instant Foods (SED),General A,HVHF,2026-05-25,6.454545454545454,6.0,2026-05-06
USR-100811,Instant Foods (SED),General A,HVLF,2026-02-09,7.0,6.6,2026-05-06
USR-98199,Crossline Events (Noida),General A,HVHF,2026-05-30,3.425,6.1,2026-05-06
USR-98523,Instant Foods (SED),General A,HVLF,2026-03-07,7.0,6.3,2026-05-06
USR-9904,Cross Line Events (Ghaziabad),General A,HVHF,2026-05-02,5.260869565217392,6.4,2026-05-06
USR-165144,Rapid Enterprises,Paan A,HVLF,2026-04-17,5.9411764705882355,6.6,2026-05-06
USR-99093,Instant Foods (SED),General A,HVHF,2026-05-23,6.0,6.3,2026-05-06
USR-165235,Rapid Enterprises,Wholesaler,HVLF,2026-03-25,6.2727272727272725,6.1,2026-05-06
USR-991,Crossline Events (Noida),Paan B,HVHF,2026-05-26,6.85,6.7,2026-05-06
USR-99203,Instant Foods (SED),General A,HVLF,2026-05-28,9.0625,6.4,2026-05-06
USR-99227,Instant Foods (SED),Paan B,HVHF,2026-05-30,4.5,6.5,2026-05-06
USR-99264,Instant Foods (SED),General A,HVHF,2026-05-30,4.193548387096774,6.6,2026-05-06
USR-100294,Instant Foods (SED),General A,HVLF,2026-03-27,10.125,6.0,2026-05-06
USR-9956,Instant Foods (GZB),Paan B,LVLF,2026-02-10,7.0,6.5,2026-05-06
USR-165075,Rapid Enterprises,General A,HVLF,2026-01-10,7.0,6.9,2026-05-06
USR-100025,Instant Foods (SED),General A,HVLF,2026-02-24,6.0,6.5,2026-05-06
USR-99192,Instant Foods (SED),General A,HVHF,2026-05-30,4.65625,6.4,2026-05-06
USR-165238,Rapid Enterprises,General B,HVLF,2026-05-20,8.25,6.7,2026-05-06
USR-100902,Instant Foods (SED),General A,LVLF,2026-01-07,7.0,6.0,2026-05-06
USR-97782,Instant Foods (SED),General A,HVHF,2026-05-09,4.444444444444445,6.0,2026-05-06
USR-165534,Instant Foods (GZB),Paan C,HVLF,2026-02-17,6.571428571428571,6.7,2026-05-06
USR-164894,NB Enterprises (West Delhi),Paan B,HVLF,2026-05-11,7.0,6.9,2026-05-06
USR-102287,Instant Foods (SED),General A,HVHF,2026-05-26,6.304347826086956,6.1,2026-05-06
USR-102283,Cross Line Events (EDelhi),General B,HVLF,2026-05-20,6.7272727272727275,6.5,2026-05-06
USR-9625,Cross Line Events (Ghaziabad),General B,LVLF,2026-04-18,7.0,6.7,2026-05-06
USR-96286,Crossline Events (Noida),Paan A,HVLF,2026-05-24,6.666666666666667,6.5,2026-05-06
USR-164906,Rapid Enterprises,Paan A,HVHF,2026-05-26,6.333333333333333,6.1,2026-05-06
USR-101961,Instant Foods (SED),Paan B,HVLF,2026-05-28,7.684210526315789,6.8,2026-05-06
USR-9652,Crossline Events (Noida),Paan B,HVHF,2026-05-30,4.382352941176471,6.5,2026-05-06
USR-165439,Rapid Enterprises,General B,HVHF,2026-05-29,6.0,6.1,2026-05-06
USR-97044,Instant Foods(Noida),Paan B,HVHF,2026-05-20,6.136363636363637,6.2,2026-05-06
USR-165353,Rapid Enterprises,General C,HVHF,2026-05-21,6.181818181818182,6.1,2026-05-06
USR-165324,Rapid Enterprises,General C,HVHF,2026-05-28,6.454545454545454,6.3,2026-05-06
USR-165310,Rapid Enterprises,General C,HVLF,2026-05-29,45.0,6.9,2026-05-06
USR-101181,Instant Foods (SED),General A,HVHF,2026-05-27,7.1,6.8,2026-05-06
USR-101066,Instant Foods (SED),General A,HVHF,2026-05-31,3.5714285714285716,6.0,2026-05-06
USR-97634,Instant Foods (SED),General A,HVHF,2026-05-30,6.125,6.2,2026-05-06
USR-164893,Rapid Enterprises,General A,HVHF,2026-05-29,6.3478260869565215,6.7,2026-05-06
USR-1068,Crossline Events (Noida),General A,LVLF,2026-02-19,7.0,6.9,2026-05-06
USR-10736,Cross Line Events (Ghaziabad),Paan B,HVLF,2026-05-19,10.538461538461538,6.4,2026-05-06
USR-107863,Crossline Events (Noida),General A,HVHF,2026-05-15,5.583333333333333,6.2,2026-05-06
USR-90339,Instant Foods (SED),Paan B,HVHF,2026-05-30,5.25,6.2,2026-05-06
USR-111568,Cross Line Events (Ghaziabad),General C,HVLF,2026-05-04,7.666666666666667,6.4,2026-05-06
USR-166512,Rapid Enterprises,Paan B,HVHF,2026-05-27,6.761904761904762,6.6,2026-05-06
USR-111537,Instant Foods (SED),Paan B,HVHF,2026-05-29,6.363636363636363,6.6,2026-05-06
USR-90817,NB Enterprises (West Delhi),Paan B,HVLF,2026-01-08,7.0,6.0,2026-05-06
USR-166502,Rapid Enterprises,General B,HVHF,2026-05-29,5.071428571428571,6.0,2026-05-06
USR-166497,Rapid Enterprises,General B,HVLF,2026-03-10,7.0,6.8,2026-05-06
USR-111762,NB Enterprises (West Delhi),General A,HVHF,2026-05-08,5.041666666666667,6.2,2026-05-06
USR-90986,Instant Foods (SED),General A,HVHF,2026-05-30,3.5853658536585367,6.6,2026-05-06
USR-166435,Rapid Enterprises,General B,HVHF,2026-05-29,6.166666666666667,6.2,2026-05-06
USR-91037,Instant Foods (SED),General A,HVLF,2026-05-21,6.0,6.2,2026-05-06
USR-91041,Instant Foods (SED),General A,HVHF,2026-05-16,5.4,6.0,2026-05-06
USR-91061,Instant Foods (SED),General A,HVHF,2026-05-30,5.92,6.3,2026-05-06
USR-9114,Cross Line Events (Ghaziabad),General C,HVHF,2026-05-15,5.714285714285714,6.2,2026-05-06
USR-166388,Rapid Enterprises,General B,HVHF,2026-05-30,5.9375,6.6,2026-05-06
USR-111283,Instant Foods (GZB),General A,HVLF,2026-03-20,6.5,6.4,2026-05-06
USR-166449,Crossline Events (Meerut),General C,HVLF,2026-04-12,5.5,6.1,2026-05-06
USR-111766,NB Enterprises (West Delhi),General A,HVLF,2026-03-05,7.0,6.2,2026-05-06
USR-112187,Instant Foods(Noida),General A,HVLF,2026-03-03,7.0,6.6,2026-05-06
USR-8836,Instant Foods(Noida),Paan B,HVLF,2026-05-26,7.0,6.7,2026-05-06
USR-166797,Rapid Enterprises,General B,HVHF,2026-05-21,6.2631578947368425,6.4,2026-05-06
USR-84191,Instant Foods (SED),Paan B,LVLF,2026-02-28,7.0,6.6,2026-05-06
USR-113981,NB Enterprises (West Delhi),General A,HVLF,2026-05-18,6.230769230769231,6.0,2026-05-06
USR-84651,Cross Line Events (EDelhi),General C,HVLF,2026-05-07,17.666666666666668,6.4,2026-05-06
USR-166757,NB Enterprises (West Delhi),Paan B,HVHF,2026-05-25,6.318181818181818,6.3,2026-05-06
USR-166749,Rapid Enterprises,General B,HVLF,2026-02-10,7.0,6.6,2026-05-06
USR-84952,NB Enterprises (West Delhi),Paan B,HVHF,2026-05-25,6.894736842105263,6.6,2026-05-06
USR-85044,NB Enterprises (West Delhi),Paan B,HVLF,2026-02-09,7.0,6.6,2026-05-06
USR-85190,Instant Foods (SED),General C,HVHF,2026-05-28,6.666666666666667,6.6,2026-05-06
USR-166695,Rapid Enterprises,General A,HVHF,2026-05-25,7.2,6.8,2026-05-06
USR-113080,NB Enterprises (West Delhi),General B,HVHF,2026-05-29,6.086956521739131,6.2,2026-05-06
USR-166685,Rapid Enterprises,Wholesaler,HVLF,2026-02-12,10.0,6.5,2026-05-06
USR-87117,Instant Foods (SED),Paan B,HVLF,2026-05-29,7.333333333333333,6.4,2026-05-06
USR-8722,Instant Foods(Noida),General B,HVHF,2026-05-25,6.363636363636363,6.0,2026-05-06
USR-8805,Cross Line Events (EDelhi),General B,HVHF,2026-05-29,6.0,6.0,2026-05-06
USR-166663,Rapid Enterprises,General B,HVLF,2026-04-06,7.0,6.8,2026-05-06
USR-164356,Rapid Enterprises,Paan B,HVLF,2026-02-11,7.0,6.5,2026-05-06
USR-91165,Instant Foods (SED),General A,HVLF,2026-04-01,5.5625,6.1,2026-05-06
USR-166383,Rapid Enterprises,General B,LVLF,2026-01-01,7.0,6.8,2026-05-06
USR-91260,Instant Foods (SED),General A,HVLF,2026-04-08,6.133333333333334,6.4,2026-05-06
USR-166359,Rapid Enterprises,General B,LVLF,2026-01-08,7.0,6.7,2026-05-06
USR-92072,Instant Foods (SED),General A,HVLF,2026-04-10,6.857142857142857,6.7,2026-05-06
USR-92112,Instant Foods (SED),General A,HVLF,2026-02-16,7.0,6.5,2026-05-06
USR-166074,Rapid Enterprises,General B,HVHF,2026-05-17,4.366666666666666,6.9,2026-05-06
USR-109292,NB Enterprises (West Delhi),Paan B,HVHF,2026-05-28,5.958333333333333,6.2,2026-05-06
USR-92350,Instant Foods (SED),General A,HVHF,2026-05-31,5.730769230769231,6.2,2026-05-06
USR-166012,Rapid Enterprises,General C,HVHF,2026-05-22,6.75,6.8,2026-05-06
USR-166003,Rapid Enterprises,General C,HVLF,2026-05-26,9.0,6.6,2026-05-06
USR-92522,Instant Foods (SED),General A,HVLF,2026-05-23,6.3076923076923075,6.0,2026-05-06
USR-926,Crossline Events (Noida),Paan B,HVHF,2026-05-29,5.882352941176471,6.4,2026-05-06
USR-164641,Instant Foods (GZB),General B,HVHF,2026-05-25,6.523809523809524,6.1,2026-05-06
USR-92885,Instant Foods (SED),General A,HVLF,2026-05-28,9.466666666666667,6.3,2026-05-06
USR-9299,Cross Line Events (Ghaziabad),General C,LVLF,2026-03-20,7.0,6.9,2026-05-06
USR-92999,Instant Foods (SED),General A,HVHF,2026-05-28,6.083333333333333,6.1,2026-05-06
USR-93015,Instant Foods (SED),General A,HVLF,2026-02-04,7.0,6.1,2026-05-06
USR-108750,NB Enterprises (West Delhi),General A,HVHF,2026-05-19,6.8,6.9,2026-05-06
USR-165943,Rapid Enterprises,Paan C,HVHF,2026-05-30,5.84,6.7,2026-05-06
USR-108662,NB Enterprises (West Delhi),General B,HVLF,2026-05-06,6.611111111111111,6.7,2026-05-06
USR-109809,NB Enterprises (West Delhi),General A,HVHF,2026-05-23,4.689655172413793,6.4,2026-05-06
USR-128756,Crossline Events (Meerut),General C,HVLF,2026-02-02,7.0,6.8,2026-05-06
USR-92007,Instant Foods (GZB),Paan B,HVLF,2026-05-27,7.0,6.5,2026-05-06
USR-109897,Cross Line Events (Ghaziabad),Paan B,HVLF,2026-02-09,7.0,6.4,2026-05-06
USR-166354,Rapid Enterprises,General C,HVHF,2026-05-20,6.85,6.8,2026-05-06
USR-166336,Rapid Enterprises,General B,HVHF,2026-05-30,6.208333333333333,6.5,2026-05-06
USR-164558,Cross Line Events (Ghaziabad),Paan B,HVHF,2026-05-29,6.083333333333333,6.6,2026-05-06
USR-91338,Instant Foods(Noida),General A,HVHF,2026-05-27,6.409090909090909,6.5,2026-05-06
USR-166317,Rapid Enterprises,General C,HVHF,2026-05-30,4.966666666666667,6.0,2026-05-06
USR-91370,Instant Foods (SED),General A,HVHF,2026-05-27,6.7368421052631575,6.5,2026-05-06
USR-91410,Instant Foods (SED),General A,HVLF,2026-05-28,14.6,6.1,2026-05-06
USR-91454,Instant Foods (SED),General A,HVLF,2026-02-06,7.0,6.0,2026-05-06
USR-166256,Rapid Enterprises,General B,HVHF,2026-05-30,4.515151515151516,6.0,2026-05-06
USR-91523,Instant Foods (SED),General A,HVHF,2026-05-30,6.041666666666667,6.2,2026-05-06
USR-109979,NB Enterprises (West Delhi),General A,HVHF,2026-05-25,5.85,6.3,2026-05-06
USR-166208,Rapid Enterprises,General A,HVLF,2026-05-06,7.0,6.3,2026-05-06
USR-109971,NB Enterprises (West Delhi),General A,HVHF,2026-05-22,6.333333333333333,6.4,2026-05-06
USR-166201,Rapid Enterprises,Wholesaler,HVLF,2026-05-30,7.0,6.9,2026-05-06
USR-1099,Crossline Events (Noida),General C,HVHF,2026-05-30,4.612903225806452,6.6,2026-05-06
USR-166197,Rapid Enterprises,General C,HVLF,2026-03-30,41.0,6.2,2026-05-06
USR-91866,Instant Foods (SED),General A,LVLF,2026-01-02,7.0,6.8,2026-05-06
USR-91900,Instant Foods (SED),General A,HVHF,2026-05-22,5.95,6.1,2026-05-06
USR-168682,Rapid Enterprises,General C,HVLF,2026-02-01,7.0,6.2,2026-05-06
USR-167135,Cross Line Events (EDelhi),General B,HVHF,2026-05-25,6.809523809523809,6.7,2026-05-06
USR-131569,Crossline Events (Meerut),General B,HVHF,2026-05-26,7.0,6.7,2026-05-06
USR-129973,Crossline Events (Meerut),General C,HVHF,2026-05-18,6.476190476190476,6.1,2026-05-06
USR-43371,Cross Line Events (EDelhi),General A,HVLF,2026-05-07,6.866666666666666,6.9,2026-05-06
USR-13241,Cross Line Events (Ghaziabad),General C,HVHF,2026-05-29,6.125,6.3,2026-05-06
USR-43337,Cross Line Events (Ghaziabad),General A,HVLF,2026-03-03,7.0,6.9,2026-05-06
USR-169747,Rapid Enterprises,General B,HVHF,2026-05-30,5.518518518518518,6.3,2026-05-06
USR-43322,Cross Line Events (EDelhi),General A,HVHF,2026-05-31,5.730769230769231,6.2,2026-05-06
USR-169740,Rapid Enterprises,Paan A,HVLF,2026-01-10,7.0,6.4,2026-05-06
USR-43280,Cross Line Events (EDelhi),General A,HVLF,2026-05-12,6.111111111111111,6.1,2026-05-06
USR-169092,NB Enterprises (West Delhi),Paan A,HVLF,2026-02-02,10.333333333333334,6.2,2026-05-06
USR-39125,Cross Line Events (EDelhi),General C,LVLF,2026-03-05,7.0,6.2,2026-05-06
USR-13242,Cross Line Events (Ghaziabad),General C,HVLF,2026-02-20,7.0,6.6,2026-05-06
USR-169097,Instant Foods (SED),Paan A,HVLF,2026-02-12,7.0,6.5,2026-05-06
USR-4323,Cross Line Events (Ghaziabad),General A,HVLF,2026-03-26,7.0,6.8,2026-05-06
USR-130116,Crossline Events (Meerut),General A,HVHF,2026-05-21,6.136363636363637,6.1,2026-05-06
USR-132163,Crossline Events (Meerut),General A,HVHF,2026-05-30,4.027027027027027,6.1,2026-05-06
USR-169137,Rapid Enterprises,General A,HVLF,2026-04-01,6.214285714285714,6.6,2026-05-06
USR-169140,Rapid Enterprises,General A,HVLF,2026-05-09,35.5,6.1,2026-05-06
USR-169147,Rapid Enterprises,General A,HVLF,2026-01-09,7.0,6.9,2026-05-06
USR-132137,Crossline Events (Meerut),Paan B,HVLF,2026-04-29,6.5625,6.4,2026-05-06
USR-43061,Cross Line Events (EDelhi),General A,HVLF,2026-02-04,7.0,6.1,2026-05-06
USR-130179,Crossline Events (Meerut),General C,HVHF,2026-05-20,6.2727272727272725,6.1,2026-05-06
USR-169170,NB Enterprises (West Delhi),Paan A,HVLF,2026-05-24,5.875,6.6,2026-05-06
USR-169730,Instant Foods(Noida),Paan A,HVHF,2026-05-31,5.0,6.6,2026-05-06
USR-4299,Cross Line Events (Ghaziabad),Paan B,HVHF,2026-05-28,6.3478260869565215,6.4,2026-05-06
USR-169027,Rapid Enterprises,Paan B,HVHF,2026-05-27,6.9,6.8,2026-05-06
USR-43606,Cross Line Events (EDelhi),General A,HVHF,2026-05-30,6.166666666666667,6.4,2026-05-06
USR-38538,Instant Foods(Noida),Paan B,HVHF,2026-05-27,6.857142857142857,6.7,2026-05-06
USR-44474,Cross Line Events (EDelhi),Paan B,HVLF,2026-04-16,12.875,6.4,2026-05-06
USR-169892,Cross Line Events (Ghaziabad),Paan B,HVHF,2026-05-26,6.166666666666667,6.4,2026-05-06
USR-162968,Rapid Enterprises,Paan C,HVLF,2026-03-07,7.0,6.4,2026-05-06
USR-162976,Rapid Enterprises,Paan C,HVHF,2026-05-30,4.235294117647059,6.4,2026-05-06
USR-168963,Rapid Enterprises,General A,HVHF,2026-05-19,7.2105263157894735,6.9,2026-05-06
USR-169857,Instant Foods (SED),Paan B,HVHF,2026-05-24,4.1875,6.0,2026-05-06
USR-129620,Crossline Events (Meerut),General A,HVHF,2026-05-26,6.666666666666667,6.7,2026-05-06
USR-169855,NB Enterprises (West Delhi),Paan B,HVLF,2026-02-27,7.0,6.4,2026-05-06
USR-38595,Cross Line Events (Ghaziabad),Paan B,LVLF,2026-01-22,7.0,6.6,2026-05-06
USR-129940,Crossline Events (Meerut),Paan B,HVLF,2026-02-11,7.0,6.8,2026-05-06
USR-168981,Rapid Enterprises,Paan B,HVLF,2026-05-29,15.0,6.2,2026-05-06
USR-132481,Crossline Events (Meerut),General A,HVLF,2026-03-05,7.0,6.0,2026-05-06
USR-163376,Instant Foods(Noida),Paan C,HVLF,2026-05-20,7.0,6.8,2026-05-06
USR-169828,Cross Line Events (EDelhi),Paan A,LVLF,2026-01-09,7.0,6.9,2026-05-06
USR-169823,Rapid Enterprises,Paan A,HVHF,2026-05-30,4.083333333333333,6.0,2026-05-06
USR-38943,Cross Line Events (EDelhi),General A,HVHF,2026-05-25,6.888888888888889,6.7,2026-05-06
USR-163361,Instant Foods(Noida),Paan C,HVLF,2026-01-15,7.0,6.6,2026-05-06
USR-43828,Cross Line Events (EDelhi),General A,HVHF,2026-05-14,5.5,6.2,2026-05-06
USR-169795,Instant Foods (GZB),General B,HVLF,2026-01-12,7.0,6.4,2026-05-06
USR-43699,Cross Line Events (EDelhi),General A,HVLF,2026-01-10,7.0,6.0,2026-05-06
USR-169793,Cross Line Events (Ghaziabad),General B,HVLF,2026-04-24,10.2,6.5,2026-05-06
USR-44117,Cross Line Events (EDelhi),General A,HVHF,2026-05-28,6.304347826086956,6.3,2026-05-06
USR-169179,Instant Foods (SED),Paan B,HVHF,2026-05-30,5.92,6.4,2026-05-06
USR-4288,Cross Line Events (Ghaziabad),General B,HVLF,2026-01-10,7.0,6.6,2026-05-06
USR-163282,Rapid Enterprises,Paan C,HVLF,2026-03-21,6.363636363636363,6.7,2026-05-06
USR-39744,Cross Line Events (EDelhi),Paan B,HVHF,2026-05-30,6.208333333333333,6.5,2026-05-06
USR-169538,Instant Foods (SED),Paan B,HVLF,2026-01-17,7.0,6.8,2026-05-06
USR-39789,Crossline Events (Noida),Paan B,HVLF,2026-05-07,12.2,6.7,2026-05-06
USR-4125,Instant Foods (GZB),Paan A,HVHF,2026-05-28,5.423076923076923,6.0,2026-05-06
USR-163204,Rapid Enterprises,General C,HVLF,2026-04-07,7.0,6.8,2026-05-06
USR-41240,Cross Line Events (Ghaziabad),Paan A,HVLF,2026-04-19,7.0,6.9,2026-05-06
USR-169375,Crossline Events (Noida),General A,HVLF,2026-04-08,7.0,6.9,2026-05-06
USR-169522,Rapid Enterprises,Paan A,HVLF,2026-04-07,7.0,6.8,2026-05-06
USR-131846,Crossline Events (Meerut),General B,HVHF,2026-05-30,4.851851851851852,6.0,2026-05-06
USR-41134,Cross Line Events (EDelhi),General A,HVLF,2026-02-02,7.0,6.8,2026-05-06
USR-131877,Crossline Events (Meerut),General C,HVLF,2026-01-02,7.0,6.7,2026-05-06
USR-39897,Cross Line Events (EDelhi),General A,HVLF,2026-03-09,7.0,6.1,2026-05-06
USR-39943,Cross Line Events (EDelhi),Paan B,LVLF,2026-02-04,7.0,6.5,2026-05-06
USR-45656,Instant Foods (SED),General A,HVLF,2026-02-14,7.0,6.7,2026-05-06
USR-4094,Cross Line Events (Ghaziabad),General C,HVHF,2026-05-27,6.454545454545454,6.1,2026-05-06
USR-169472,Cross Line Events (Ghaziabad),Paan A,HVLF,2026-02-12,8.0,6.0,2026-05-06
USR-163120,Crossline Events (Meerut),General C,HVHF,2026-05-29,5.346153846153846,6.0,2026-05-06
USR-4064,Cross Line Events (Ghaziabad),General A,HVHF,2026-05-30,4.515151515151516,6.4,2026-05-06
USR-131746,Crossline Events (Meerut),General A,HVLF,2026-05-27,6.4,6.2,2026-05-06
USR-4028,Cross Line Events (Ghaziabad),General B,HVLF,2026-02-09,7.0,6.4,2026-05-06
USR-16942,Instant Foods(Noida),Paan B,HVLF,2026-05-18,12.0,6.5,2026-05-06
USR-163136,Rapid Enterprises,General C,HVHF,2026-05-25,7.1,6.7,2026-05-06
USR-3992,Instant Foods (GZB),Paan B,HVHF,2026-04-21,5.823529411764706,6.4,2026-05-06
USR-169351,Rapid Enterprises,General A,HVHF,2026-04-18,5.15,6.9,2026-05-06
USR-131878,Crossline Events (Meerut),General C,HVHF,2026-05-30,3.972972972972973,6.4,2026-05-06
USR-13119,Instant Foods(Noida),General B,HVHF,2026-05-22,6.086956521739131,6.2,2026-05-06
USR-163262,Rapid Enterprises,General C,HVLF,2026-02-26,9.25,6.7,2026-05-06
USR-169711,Rapid Enterprises,General A,HVLF,2026-03-09,7.0,6.9,2026-05-06
USR-4277,Instant Foods (GZB),General B,HVLF,2026-03-17,25.0,6.8,2026-05-06
USR-39455,Cross Line Events (EDelhi),General A,HVHF,2026-05-25,6.0,6.1,2026-05-06
USR-42672,Cross Line Events (EDelhi),Paan B,HVLF,2026-02-20,6.0,6.2,2026-05-06
USR-39485,Cross Line Events (EDelhi),General A,HVHF,2026-05-29,5.92,6.0,2026-05-06
USR-3951,Instant Foods (GZB),General C,HVHF,2026-05-01,4.461538461538462,6.0,2026-05-06
USR-42560,Cross Line Events (EDelhi),General A,HVLF,2026-05-26,6.904761904761905,6.7,2026-05-06
USR-169644,Instant Foods (SED),Paan B,HVHF,2026-05-23,4.928571428571429,6.6,2026-05-06
USR-163242,Rapid Enterprises,General A,HVHF,2026-05-30,3.8333333333333335,6.2,2026-05-06
USR-16928,Instant Foods(Noida),Paan B,HVHF,2026-05-25,6.809523809523809,6.4,2026-05-06
USR-163226,Rapid Enterprises,Paan B,HVHF,2026-05-06,5.85,6.2,2026-05-06
USR-169616,NB Enterprises (West Delhi),Paan C,HVLF,2026-04-08,7.0,6.5,2026-05-06
USR-4182,Cross Line Events (Ghaziabad),General C,HVLF,2026-05-28,6.733333333333333,6.8,2026-05-06
USR-39633,Cross Line Events (EDelhi),General A,HVHF,2026-05-26,6.857142857142857,6.4,2026-05-06
USR-41743,Cross Line Events (Ghaziabad),Paan A,HVLF,2026-03-06,7.0,6.0,2026-05-06
USR-41736,Cross Line Events (EDelhi),General A,HVHF,2026-05-30,5.96,6.1,2026-05-06
USR-13189,Cross Line Events (Ghaziabad),Paan B,HVHF,2026-05-30,6.173913043478261,6.9,2026-05-06
USR-131045,Crossline Events (Meerut),General C,HVLF,2026-03-16,6.8,6.4,2026-05-06
USR-169322,Instant Foods (GZB),Paan A,HVLF,2026-04-01,6.5,6.6,2026-05-06
USR-169582,Instant Foods (GZB),General B,HVHF,2026-05-29,5.103448275862069,6.1,2026-05-06
USR-169330,Rapid Enterprises,General B,HVHF,2026-05-23,6.1,6.7,2026-05-06
USR-163098,Instant Foods (SED),Paan B,HVHF,2026-05-30,3.7948717948717947,6.0,2026-05-06
USR-129552,Crossline Events (Meerut),General B,HVHF,2026-05-08,6.35,6.6,2026-05-06
USR-169899,Rapid Enterprises,General A,HVHF,2026-05-08,4.703703703703703,6.5,2026-05-06
USR-4327,Cross Line Events (Ghaziabad),General A,HVLF,2026-05-26,8.5,6.2,2026-05-06
USR-132741,Crossline Events (Meerut),General A,HVLF,2026-05-28,17.142857142857142,6.9,2026-05-06
USR-132677,Crossline Events (Meerut),General C,LVLF,2026-04-06,7.0,6.7,2026-05-06
USR-44948,Instant Foods (GZB),General C,HVLF,2026-02-27,7.0,6.3,2026-05-06
USR-163394,Rapid Enterprises,General B,HVLF,2026-01-02,7.0,6.9,2026-05-06
USR-38223,Cross Line Events (Ghaziabad),General A,HVHF,2026-05-29,5.92,6.0,2026-05-06
USR-45114,Cross Line Events (EDelhi),General A,HVHF,2026-05-30,5.916666666666667,6.7,2026-05-06
USR-169948,Instant Foods (Mathura),General C,HVHF,2026-05-27,5.722222222222222,6.1,2026-05-06
USR-168840,Rapid Enterprises,General A,HVHF,2026-05-27,6.9411764705882355,6.7,2026-05-06
USR-44787,Cross Line Events (EDelhi),General A,HVHF,2026-05-28,6.5,6.5,2026-05-06
USR-169921,Rapid Enterprises,General C,HVLF,2026-05-28,6.2727272727272725,6.3,2026-05-06
USR-168905,Rapid Enterprises,General B,HVLF,2026-03-06,7.0,6.4,2026-05-06
USR-163482,Rapid Enterprises,General B,HVLF,2026-03-17,7.0,6.8,2026-05-06
USR-44905,Cross Line Events (EDelhi),Paan B,HVHF,2026-05-30,4.59375,6.5,2026-05-06
USR-129090,NB Enterprises (West Delhi),Paan B,HVLF,2026-01-09,7.0,6.7,2026-05-06
USR-169974,Rapid Enterprises,General A,HVLF,2026-02-10,7.0,6.6,2026-05-06
USR-44849,Cross Line Events (EDelhi),Paan B,HVHF,2026-05-22,6.363636363636363,6.5,2026-05-06
USR-38318,Instant Foods(Noida),Paan B,LVLF,2026-01-10,7.0,6.3,2026-05-06
USR-163415,Instant Foods(Noida),Paan C,HVLF,2026-04-10,7.0,6.7,2026-05-06
USR-38202,Cross Line Events (EDelhi),General A,HVHF,2026-05-30,4.382352941176471,6.0,2026-05-06
USR-45436,Cross Line Events (EDelhi),General A,LVLF,2026-02-09,7.0,6.9,2026-05-06
USR-45351,Cross Line Events (EDelhi),General A,HVHF,2026-05-22,6.647058823529412,6.8,2026-05-06
USR-44786,Crossline Events (Noida),General C,HVHF,2026-05-29,5.0,6.9,2026-05-06
USR-12891,Cross Line Events (Ghaziabad),Paan B,HVLF,2026-03-27,7.6,6.9,2026-05-06
USR-44571,Instant Foods(Noida),Paan B,HVHF,2026-05-30,4.966666666666667,6.4,2026-05-06
USR-45631,Instant Foods (SED),General A,HVHF,2026-05-01,6.052631578947368,6.7,2026-05-06
USR-168808,Rapid Enterprises,Paan A,HVLF,2026-01-29,6.0,6.2,2026-05-06
USR-162883,Rapid Enterprises,General B,HVLF,2026-01-20,7.0,6.8,2026-05-06
USR-168936,Instant Foods (SED),Paan B,HVLF,2026-05-27,7.0,6.7,2026-05-06
USR-128893,Crossline Events (Meerut),General C,HVLF,2026-02-10,7.0,6.5,2026-05-06
USR-168818,NB Enterprises (West Delhi),Paan B,HVHF,2026-05-16,5.115384615384615,6.1,2026-05-06
USR-45016,Cross Line Events (EDelhi),General A,HVLF,2026-01-10,7.0,6.0,2026-05-06
USR-169908,Cross Line Events (Ghaziabad),General B,HVHF,2026-05-28,6.217391304347826,6.7,2026-05-06
USR-169918,Rapid Enterprises,General C,HVHF,2026-05-29,5.0,6.2,2026-05-06
USR-128925,Crossline Events (Meerut),General C,HVHF,2026-04-30,5.75,6.2,2026-05-06
USR-169982,Rapid Enterprises,General B,HVHF,2026-05-21,6.318181818181818,6.3,2026-05-06
USR-178957,Maa Sharda(LKO),General A,LVLF,2026-05-22,7.0,7.2,2026-05-07
USR-109826,NB Enterprises (West Delhi),General A,HVLF,2026-04-17,7.583333333333333,7.6,2026-05-07
USR-178606,Rapid Enterprises,General B,HVLF,2026-05-19,7.0,7.0,2026-05-07
USR-178527,Instant Foods (Mathura),General B,HVLF,2026-05-18,7.0,7.1,2026-05-07
USR-178575,Maa Sharda(LKO),Paan B,HVLF,2026-05-29,7.0,7.6,2026-05-07
USR-178934,Maa Sharda(LKO),Paan C,LVLF,2026-05-27,7.0,7.3,2026-05-07
USR-178590,Maa Sharda(LKO),Paan C,HVLF,2026-05-27,7.0,7.2,2026-05-07
USR-97946,Instant Foods (SED),General A,HVLF,2026-05-18,12.454545454545455,7.2,2026-05-07
USR-39669,Cross Line Events (EDelhi),Paan A,HVHF,2026-05-27,7.2,7.2,2026-05-07
USR-178596,Maa Sharda(LKO),Paan B,LVLF,2026-05-19,7.0,7.0,2026-05-07
USR-178615,Maa Sharda(LKO),General C,HVLF,2026-05-22,7.0,7.7,2026-05-07
USR-178772,Maa Sharda(LKO),General A,HVLF,2026-05-22,7.0,7.7,2026-05-07
USR-178896,Maa Sharda(LKO),Paan B,HVLF,2026-05-21,7.0,7.6,2026-05-07
USR-178792,Maa Sharda(LKO),Paan B,LVLF,2026-05-20,7.0,7.0,2026-05-07
USR-160685,Crossline Events (Meerut),Paan A,HVHF,2026-05-21,6.894736842105263,7.5,2026-05-07
USR-178733,Instant Foods (Mathura),General B,HVLF,2026-05-20,7.0,7.1,2026-05-07
USR-34871,Cross Line Events (EDelhi),Paan B,HVLF,2026-01-19,7.0,7.1,2026-05-07
USR-178799,Maa Sharda(LKO),General C,HVLF,2026-05-22,7.0,7.7,2026-05-07
USR-178524,Crossline Events (Meerut),General A,HVLF,2026-05-30,7.0,7.0,2026-05-07
USR-109856,NB Enterprises (West Delhi),Paan B,HVHF,2026-05-15,7.0,7.2,2026-05-07
USR-3823,Cross Line Events (Ghaziabad),General B,HVLF,2026-03-17,7.857142857142857,7.9,2026-05-07
USR-178722,Maa Sharda(LKO),General A,LVLF,2026-05-20,7.0,7.0,2026-05-07
USR-178872,Maa Sharda(LKO),Chemist C,LVLF,2026-05-22,7.0,7.6,2026-05-07
USR-97951,Instant Foods (SED),General A,HVLF,2026-03-25,7.0,7.1,2026-05-07
USR-176020,Instant Foods(Noida),Paan C,HVLF,2026-05-12,7.125,7.3,2026-05-07
USR-178719,Maa Sharda(LKO),Paan C,LVLF,2026-05-29,7.0,7.3,2026-05-07
USR-178786,Maa Sharda(LKO),Paan B,HVLF,2026-05-22,7.0,7.7,2026-05-07
USR-178864,Maa Sharda(LKO),Paan B,HVLF,2026-05-27,7.0,7.3,2026-05-07
USR-3510,Instant Foods (GZB),Paan B,HVLF,2026-03-25,8.2,7.6,2026-05-07
USR-176336,Maa Sharda(LKO),Paan B,HVLF,2026-05-21,7.0,7.6,2026-05-07
USR-178522,Instant Foods (Mathura),General B,HVLF,2026-05-25,7.0,7.2,2026-05-07
USR-109395,NB Enterprises (West Delhi),General A,HVLF,2026-02-12,7.0,7.1,2026-05-07
USR-178413,Maa Sharda(LKO),Paan B,HVLF,2026-05-19,7.0,7.0,2026-05-07
USR-92202,Instant Foods (SED),General A,HVLF,2026-05-02,7.0,7.7,2026-05-07
USR-37513,Cross Line Events (EDelhi),General A,HVHF,2026-05-30,4.9,7.2,2026-05-07
USR-92262,Instant Foods (SED),General A,HVLF,2026-02-28,7.0,7.5,2026-05-07
USR-178381,Instant Foods(Noida),Paan C,HVLF,2026-05-30,7.0,7.0,2026-05-07
USR-92313,Instant Foods (SED),General A,HVLF,2026-04-10,7.0,7.3,2026-05-07
USR-109152,NB Enterprises (West Delhi),General A,HVLF,2026-02-18,7.0,7.2,2026-05-07
USR-160718,Instant Foods(Noida),Paan C,HVLF,2026-04-08,7.0,7.0,2026-05-07
USR-131918,Crossline Events (Meerut),General C,HVLF,2026-05-04,6.875,7.3,2026-05-07
USR-178358,Crossline Events (Meerut),General C,HVLF,2026-05-30,7.0,7.0,2026-05-07
USR-178353,Maa Sharda(LKO),Paan A,HVLF,2026-05-26,7.0,7.4,2026-05-07
USR-178305,Instant Foods (Mathura),General A,HVLF,2026-05-11,7.0,7.0,2026-05-07
USR-178302,Crossline Events (Meerut),General B,HVLF,2026-05-30,7.0,7.0,2026-05-07
USR-178286,Instant Foods (SED),Paan B,HVLF,2026-05-12,7.0,7.1,2026-05-07
USR-109120,NB Enterprises (West Delhi),Paan A,HVLF,2026-03-16,12.166666666666666,7.2,2026-05-07
USR-39468,Cross Line Events (EDelhi),General A,LVLF,2026-01-24,7.0,7.3,2026-05-07
USR-100862,Instant Foods (SED),General A,HVLF,2026-05-28,7.357142857142857,7.8,2026-05-07
USR-92160,Instant Foods (SED),General A,HVLF,2026-05-28,7.0,7.1,2026-05-07
USR-178421,Instant Foods (Mathura),General B,HVLF,2026-05-16,7.0,7.3,2026-05-07
USR-178424,Instant Foods (Mathura),General B,HVLF,2026-05-30,7.0,7.5,2026-05-07
USR-176039,Instant Foods (Mathura),General A,HVLF,2026-05-23,8.25,7.8,2026-05-07
USR-178516,Maa Sharda(LKO),General C,HVLF,2026-05-22,7.0,7.7,2026-05-07
USR-178515,Maa Sharda(LKO),Paan B,HVLF,2026-05-27,7.0,7.3,2026-05-07
USR-178513,Maa Sharda(LKO),General C,HVLF,2026-05-18,7.0,7.0,2026-05-07
USR-178504,Maa Sharda(LKO),Paan B,LVLF,2026-05-17,7.0,7.0,2026-05-07
USR-178989,Maa Sharda(LKO),General A,LVLF,2026-05-21,7.0,7.1,2026-05-07
USR-109821,NB Enterprises (West Delhi),General A,HVLF,2026-02-27,7.0,7.1,2026-05-07
USR-160700,Instant Foods(Noida),Paan C,HVLF,2026-05-20,6.533333333333333,7.0,2026-05-07
USR-178523,Instant Foods (Mathura),General B,HVLF,2026-05-18,7.0,7.1,2026-05-07
USR-39538,Cross Line Events (EDelhi),General A,HVLF,2026-01-27,7.0,7.1,2026-05-07
USR-178471,Maa Sharda(LKO),Paan B,LVLF,2026-05-19,7.0,7.0,2026-05-07
USR-92031,Instant Foods (SED),General A,LVLF,2026-03-12,7.0,7.4,2026-05-07
USR-178465,Maa Sharda(LKO),Paan B,HVLF,2026-05-17,7.0,7.1,2026-05-07
USR-109802,NB Enterprises (West Delhi),General A,HVLF,2026-03-25,7.0,7.0,2026-05-07
USR-178437,Maa Sharda(LKO),General B,HVLF,2026-05-28,7.0,7.7,2026-05-07
USR-178436,Maa Sharda(LKO),General A,LVLF,2026-05-16,7.0,7.0,2026-05-07
USR-178425,Instant Foods (Mathura),General B,HVLF,2026-05-16,7.0,7.3,2026-05-07
USR-3567,Instant Foods (GZB),Paan B,HVHF,2026-05-30,4.323529411764706,7.6,2026-05-07
USR-39532,Cross Line Events (Ghaziabad),General A,HVHF,2026-05-29,6.363636363636363,7.1,2026-05-07
USR-3457,Instant Foods (GZB),General C,HVLF,2026-05-22,7.285714285714286,7.6,2026-05-07
USR-160605,Instant Foods(Noida),Paan A,HVLF,2026-04-27,7.0,7.3,2026-05-07
USR-98411,Instant Foods (SED),General A,HVLF,2026-04-17,7.0,7.8,2026-05-07
USR-180675,Maa Sharda(LKO),General C,HVLF,2026-05-29,7.0,7.5,2026-05-07
USR-180574,Maa Sharda(LKO),Chemist A,HVLF,2026-05-28,7.0,7.0,2026-05-07
USR-3340,Instant Foods (GZB),Paan B,HVLF,2026-03-14,7.0,7.3,2026-05-07
USR-180571,Maa Sharda(LKO),Paan C,HVLF,2026-05-28,7.0,7.5,2026-05-07
USR-91030,Instant Foods (SED),General A,HVHF,2026-05-30,6.7272727272727275,7.5,2026-05-07
USR-33513,Cross Line Events (EDelhi),Paan B,HVHF,2026-05-30,4.966666666666667,7.6,2026-05-07
USR-3362,Instant Foods (GZB),Paan B,HVLF,2026-01-29,8.666666666666666,7.3,2026-05-07
USR-180428,Maa Sharda(LKO),Paan B,HVLF,2026-05-28,7.0,7.6,2026-05-07
USR-180687,Maa Sharda(LKO),Paan C,HVLF,2026-05-28,7.0,7.5,2026-05-07
USR-180300,Maa Sharda(LKO),Paan A,HVLF,2026-05-28,7.0,7.7,2026-05-07
USR-180278,Maa Sharda(LKO),General A,HVLF,2026-05-28,7.0,7.7,2026-05-07
USR-39945,Cross Line Events (EDelhi),Paan A,HVHF,2026-05-28,7.25,7.4,2026-05-07
USR-91091,Instant Foods (SED),General A,HVLF,2026-05-30,7.0,7.5,2026-05-07
USR-91093,Instant Foods (SED),General A,HVLF,2026-05-14,16.5,7.6,2026-05-07
USR-160435,Instant Foods (SED),Wholesaler,HVLF,2026-03-17,7.0,7.3,2026-05-07
USR-180114,Crossline Events (Meerut),General C,HVLF,2026-05-30,7.0,7.0,2026-05-07
USR-175917,Instant Foods (Mathura),General B,HVLF,2026-04-30,10.5,7.3,2026-05-07
USR-3388,Instant Foods (GZB),General B,HVLF,2026-05-28,11.285714285714286,7.9,2026-05-07
USR-131830,Crossline Events (Meerut),General B,HVHF,2026-05-28,7.368421052631579,7.4,2026-05-07
USR-180085,Maa Sharda(LKO),General C,HVLF,2026-05-26,7.0,7.4,2026-05-07
USR-99266,Cross Line Events (Ghaziabad),Paan B,HVLF,2026-01-31,7.0,7.6,2026-05-07
USR-180786,Maa Sharda(LKO),Paan C,LVLF,2026-05-28,7.0,7.3,2026-05-07
USR-181039,Maa Sharda(LKO),Paan C,LVLF,2026-05-29,7.0,7.3,2026-05-07
USR-9051,Cross Line Events (EDelhi),General C,HVHF,2026-05-25,7.888888888888889,7.3,2026-05-07
USR-181031,Rapid Enterprises,Paan B,HVLF,2026-05-29,7.0,7.1,2026-05-07
USR-181030,Maa Sharda(LKO),General A,HVLF,2026-05-30,7.0,7.5,2026-05-07
USR-180997,Maa Sharda(LKO),Paan C,HVLF,2026-05-30,7.0,7.4,2026-05-07
USR-18099,Cross Line Events (Ghaziabad),General C,HVHF,2026-05-30,4.65625,7.1,2026-05-07
USR-11173,Instant Foods (GZB),Paan B,HVHF,2026-05-28,7.05,7.2,2026-05-07
USR-180929,Maa Sharda(LKO),General A,HVLF,2026-05-28,7.0,7.1,2026-05-07
USR-40161,Crossline Events (Noida),Paan B,HVLF,2026-01-20,7.0,7.2,2026-05-07
USR-133167,Instant Foods (GZB),General C,HVLF,2026-05-11,7.0,7.3,2026-05-07
USR-100198,Instant Foods (SED),General A,LVLF,2026-02-12,7.0,7.3,2026-05-07
USR-180897,Maa Sharda(LKO),Paan C,HVLF,2026-05-30,7.0,7.4,2026-05-07
USR-11153,Instant Foods (GZB),General A,HVLF,2026-03-13,7.0,7.3,2026-05-07
USR-135114,Crossline Events (Meerut),General C,HVLF,2026-03-10,12.0,7.9,2026-05-07
USR-38140,Cross Line Events (EDelhi),Paan B,HVLF,2026-03-16,7.0,7.0,2026-05-07
USR-90901,Instant Foods (SED),Paan B,HVLF,2026-03-28,11.25,7.3,2026-05-07
USR-40239,Cross Line Events (EDelhi),General A,HVHF,2026-05-16,4.0625,7.5,2026-05-07
USR-90911,Instant Foods (SED),General A,HVHF,2026-05-30,4.142857142857143,7.3,2026-05-07
USR-180923,Maa Sharda(LKO),Paan C,HVLF,2026-05-29,7.0,7.4,2026-05-07
USR-131844,Crossline Events (Meerut),General C,HVHF,2026-05-23,7.555555555555555,7.9,2026-05-07
USR-37872,Instant Foods (GZB),Paan A,HVLF,2026-03-14,7.0,7.3,2026-05-07
USR-111216,NB Enterprises (West Delhi),Paan B,HVLF,2026-03-23,7.0,7.3,2026-05-07
USR-179309,Maa Sharda(LKO),Paan A,HVLF,2026-05-28,7.0,7.7,2026-05-07
USR-110611,NB Enterprises (West Delhi),General A,HVLF,2026-02-11,7.0,7.0,2026-05-07
USR-179261,Maa Sharda(LKO),General A,LVLF,2026-05-25,7.0,7.2,2026-05-07
USR-987,Instant Foods(Noida),Paan B,HVLF,2026-05-25,7.0,7.3,2026-05-07
USR-179205,Maa Sharda(LKO),Paan B,HVLF,2026-05-28,7.0,7.6,2026-05-07
USR-179199,Maa Sharda(LKO),General B,HVLF,2026-05-23,7.0,7.8,2026-05-07
USR-179186,Instant Foods (GZB),Paan B,HVLF,2026-05-23,7.0,7.0,2026-05-07
USR-132973,Crossline Events (Meerut),General C,HVLF,2026-04-29,7.6,7.9,2026-05-07
USR-179328,Rapid Enterprises,General B,HVLF,2026-05-22,7.0,7.2,2026-05-07
USR-179124,Maa Sharda(LKO),General A,HVLF,2026-05-29,7.0,7.7,2026-05-07
USR-98485,Instant Foods (SED),General A,HVLF,2026-05-20,7.0,7.6,2026-05-07
USR-109111,NB Enterprises (West Delhi),General A,HVLF,2026-02-11,12.0,7.9,2026-05-07
USR-11047,Instant Foods(Noida),General A,HVLF,2026-05-25,43.333333333333336,7.3,2026-05-07
USR-110434,Instant Foods(Noida),General A,HVLF,2026-04-17,7.0,7.8,2026-05-07
USR-179042,Maa Sharda(LKO),General A,HVLF,2026-05-22,7.0,7.1,2026-05-07
USR-91690,Instant Foods (SED),General A,HVLF,2026-02-17,7.0,7.3,2026-05-07
USR-3445,Instant Foods (GZB),Paan B,HVLF,2026-05-27,11.666666666666666,7.3,2026-05-07
USR-10059,Instant Foods (GZB),General A,HVHF,2026-05-26,7.666666666666667,7.5,2026-05-07
USR-39676,Instant Foods(Noida),Paan B,HVLF,2026-02-17,7.0,7.2,2026-05-07
USR-179346,Rapid Enterprises,General B,HVLF,2026-05-30,7.0,7.2,2026-05-07
USR-3761,Cross Line Events (Ghaziabad),General C,HVHF,2026-05-08,6.684210526315789,7.2,2026-05-07
USR-110654,NB Enterprises (West Delhi),General A,HVLF,2026-05-26,7.666666666666667,7.7,2026-05-07
USR-179967,Maa Sharda(LKO),Paan B,LVLF,2026-05-26,7.0,7.3,2026-05-07
USR-111098,NB Enterprises (West Delhi),General A,HVLF,2026-05-12,7.411764705882353,7.5,2026-05-07
USR-110966,NB Enterprises (West Delhi),General A,HVLF,2026-05-05,16.0,7.1,2026-05-07
USR-160455,Cross Line Events (Ghaziabad),Paan B,HVHF,2026-05-30,3.0408163265306123,7.1,2026-05-07
USR-110959,NB Enterprises (West Delhi),General A,HVLF,2026-05-08,7.0,7.3,2026-05-07
USR-160502,Instant Foods (SED),Paan C,HVLF,2026-01-20,7.0,7.3,2026-05-07
USR-3817,Instant Foods (GZB),Paan B,HVLF,2026-01-20,7.0,7.2,2026-05-07
USR-161311,Instant Foods (GZB),Paan B,HVHF,2026-05-30,5.958333333333333,7.1,2026-05-07
USR-132984,NB Enterprises (West Delhi),Paan B,HVLF,2026-04-18,6.866666666666666,7.8,2026-05-07
USR-131853,Crossline Events (Meerut),General C,HVHF,2026-05-30,7.777777777777778,7.9,2026-05-07
USR-91303,Instant Foods(Noida),Paan B,LVLF,2026-01-14,7.0,7.0,2026-05-07
USR-3763,Cross Line Events (Ghaziabad),General B,HVHF,2026-05-30,4.833333333333333,7.0,2026-05-07
USR-175960,Instant Foods (Mathura),General B,LVLF,2026-03-02,7.0,7.3,2026-05-07
USR-39774,Cross Line Events (EDelhi),General A,HVLF,2026-02-28,7.0,7.4,2026-05-07
USR-179627,Maa Sharda(LKO),Paan C,HVLF,2026-05-30,7.0,7.4,2026-05-07
USR-131855,Crossline Events (Meerut),General C,HVHF,2026-05-29,7.578947368421052,7.7,2026-05-07
USR-133253,Instant Foods (GZB),General C,HVLF,2026-01-21,7.0,7.3,2026-05-07
USR-179474,Crossline Events (Meerut),General B,HVLF,2026-05-23,7.0,7.1,2026-05-07
USR-179467,Maa Sharda(LKO),Paan C,HVLF,2026-05-28,7.0,7.5,2026-05-07
USR-176010,Crossline Events (Meerut),General C,HVLF,2026-05-28,7.090909090909091,7.2,2026-05-07
USR-109053,NB Enterprises (West Delhi),General A,HVLF,2026-05-27,9.733333333333333,7.1,2026-05-07
USR-92747,Instant Foods (SED),General A,HVLF,2026-04-16,7.0,7.7,2026-05-07
USR-3588,Instant Foods(Noida),General A,HVLF,2026-05-28,7.0,7.7,2026-05-07
USR-105256,Instant Foods (SED),General A,HVHF,2026-05-23,6.571428571428571,7.8,2026-05-07
USR-176263,Crossline Events (Meerut),General C,HVLF,2026-05-02,7.0,7.2,2026-05-07
USR-10515,Instant Foods (GZB),General A,HVLF,2026-02-14,7.0,7.2,2026-05-07
USR-177115,Maa Sharda(LKO),General B,HVLF,2026-05-12,7.0,7.7,2026-05-07
USR-177086,Maa Sharda(LKO),Paan A,HVLF,2026-05-27,7.0,7.3,2026-05-07
USR-96758,Instant Foods (SED),General A,HVLF,2026-05-23,6.769230769230769,7.1,2026-05-07
USR-132466,Crossline Events (Meerut),General C,HVLF,2026-02-13,7.0,7.2,2026-05-07
USR-133868,Instant Foods (GZB),General C,HVLF,2026-05-22,7.0,7.6,2026-05-07
USR-36827,Cross Line Events (Ghaziabad),General C,HVLF,2026-05-14,7.388888888888889,7.8,2026-05-07
USR-96592,Instant Foods (SED),General A,HVHF,2026-05-23,6.761904761904762,7.8,2026-05-07
USR-10456,Instant Foods (GZB),General B,HVLF,2026-05-12,7.416666666666667,7.8,2026-05-07
USR-176298,Maa Sharda(LKO),General B,HVLF,2026-05-25,7.0,7.3,2026-05-07
USR-36842,Cross Line Events (Ghaziabad),Paan A,HVHF,2026-04-25,5.684210526315789,7.3,2026-05-07
USR-176936,Maa Sharda(LKO),General A,LVLF,2026-05-21,7.0,7.5,2026-05-07
USR-176926,Instant Foods (Mathura),General B,HVLF,2026-04-11,7.0,7.2,2026-05-07
USR-160987,Instant Foods(Noida),Paan A,HVLF,2026-02-23,7.0,7.4,2026-05-07
USR-36870,Instant Foods(Noida),Paan C,HVHF,2026-05-13,6.944444444444445,7.0,2026-05-07
USR-176904,Maa Sharda(LKO),Paan B,HVLF,2026-05-29,7.0,7.0,2026-05-07
USR-177027,Maa Sharda(LKO),General C,LVLF,2026-05-09,7.0,7.2,2026-05-07
USR-177137,Maa Sharda(LKO),General B,HVLF,2026-05-29,7.0,7.5,2026-05-07
USR-177150,Maa Sharda(LKO),Paan A,HVLF,2026-05-14,7.0,7.7,2026-05-07
USR-968,Instant Foods(Noida),Paan B,HVLF,2026-02-17,8.4,7.2,2026-05-07
USR-17737,Instant Foods (GZB),General B,HVLF,2026-04-04,7.0,7.0,2026-05-07
USR-94017,Instant Foods (SED),General A,HVLF,2026-04-13,6.733333333333333,7.2,2026-05-07
USR-177325,Maa Sharda(LKO),General C,HVLF,2026-05-13,7.0,7.7,2026-05-07
USR-105949,Instant Foods (SED),General A,HVHF,2026-05-13,6.882352941176471,7.0,2026-05-07
USR-97177,Instant Foods (SED),General A,HVLF,2026-05-26,10.214285714285714,7.3,2026-05-07
USR-177292,Maa Sharda(LKO),General A,HVLF,2026-05-18,7.0,7.6,2026-05-07
USR-96987,Instant Foods (SED),General A,HVLF,2026-05-18,7.0,7.6,2026-05-07
USR-177254,Instant Foods (Mathura),General B,HVLF,2026-04-15,7.0,7.1,2026-05-07
USR-177216,Instant Foods(Noida),Paan C,HVLF,2026-04-30,7.0,7.0,2026-05-07
USR-96956,Instant Foods (SED),General A,HVLF,2026-02-12,7.0,7.2,2026-05-07
USR-176228,Rapid Enterprises,General B,LVLF,2026-04-16,7.0,7.4,2026-05-07
USR-10571,Instant Foods (GZB),General A,HVLF,2026-03-09,7.0,7.0,2026-05-07
USR-96808,Cross Line Events (EDelhi),Paan B,HVLF,2026-01-29,7.0,7.5,2026-05-07
USR-177168,NB Enterprises (West Delhi),Paan B,HVLF,2026-04-13,7.0,7.0,2026-05-07
USR-36791,Instant Foods(Noida),Paan B,HVLF,2026-01-28,7.0,7.1,2026-05-07
USR-133874,Instant Foods (GZB),General C,HVLF,2026-02-18,7.0,7.1,2026-05-07
USR-160939,Instant Foods (SED),Paan A,HVLF,2026-01-22,7.0,7.7,2026-05-07
USR-161159,Instant Foods (SED),Paan B,HVLF,2026-04-08,7.8,7.6,2026-05-07
USR-9438,Instant Foods (GZB),General B,HVLF,2026-05-08,7.470588235294118,7.6,2026-05-07
USR-176893,NB Enterprises (West Delhi),Paan C,HVLF,2026-04-11,7.0,7.0,2026-05-07
USR-36781,Cross Line Events (Ghaziabad),Paan B,HVLF,2026-03-12,7.0,7.0,2026-05-07
USR-160992,NB Enterprises (West Delhi),Paan A,HVLF,2026-03-20,7.444444444444445,7.4,2026-05-07
USR-103881,Instant Foods (SED),General A,HVHF,2026-05-16,7.0,7.4,2026-05-07
USR-38578,Cross Line Events (EDelhi),Paan A,HVLF,2026-05-21,34.0,7.2,2026-05-07
USR-3707,Cross Line Events (Ghaziabad),General A,HVHF,2026-05-21,6.318181818181818,7.3,2026-05-07
USR-96318,Instant Foods (SED),General A,HVLF,2026-02-25,7.0,7.1,2026-05-07
USR-176450,Instant Foods (Mathura),General B,HVLF,2026-04-13,7.0,7.2,2026-05-07
USR-102709,Instant Foods (SED),General A,HVLF,2026-05-07,18.0,7.6,2026-05-07
USR-176416,Crossline Events (Meerut),General A,HVLF,2026-04-17,7.0,7.1,2026-05-07
USR-37299,Cross Line Events (EDelhi),General B,HVLF,2026-05-22,7.777777777777778,7.7,2026-05-07
USR-176412,Maa Sharda(LKO),Paan C,HVLF,2026-05-12,7.0,7.6,2026-05-07
USR-95776,Instant Foods (SED),General A,HVLF,2026-04-25,6.375,7.0,2026-05-07
USR-37263,Instant Foods (GZB),General A,HVHF,2026-05-28,7.0,7.3,2026-05-07
USR-133500,Instant Foods (GZB),General A,HVLF,2026-05-20,67.5,7.8,2026-05-07
USR-176407,Maa Sharda(LKO),Paan C,HVLF,2026-05-21,7.0,7.5,2026-05-07
USR-176387,Maa Sharda(LKO),Paan A,LVLF,2026-05-08,7.0,7.4,2026-05-07
USR-176380,Maa Sharda(LKO),General A,HVLF,2026-05-21,7.0,7.6,2026-05-07
USR-176358,Instant Foods (Mathura),General B,HVLF,2026-05-14,10.0,7.9,2026-05-07
USR-102267,Instant Foods (GZB),Paan B,HVHF,2026-05-30,4.827586206896552,7.7,2026-05-07
USR-95968,Instant Foods (SED),General A,HVHF,2026-05-27,7.578947368421052,7.4,2026-05-07
USR-3724,Cross Line Events (Ghaziabad),General B,HVHF,2026-05-31,4.966666666666667,7.5,2026-05-07
USR-176332,Maa Sharda(LKO),Chemist B,HVLF,2026-05-26,9.0,7.8,2026-05-07
USR-161050,Instant Foods (SED),Wholesaler,HVLF,2026-02-24,7.0,7.4,2026-05-07
USR-95713,Instant Foods (SED),General A,HVHF,2026-05-22,7.235294117647059,7.1,2026-05-07
USR-37045,Instant Foods (GZB),General A,HVLF,2026-05-21,10.384615384615385,7.7,2026-05-07
USR-1038,Crossline Events (Noida),General B,HVHF,2026-05-12,6.842105263157895,7.0,2026-05-07
USR-176858,Maa Sharda(LKO),Paan A,HVLF,2026-05-12,7.0,7.7,2026-05-07
USR-132475,Crossline Events (Meerut),General A,HVLF,2026-01-17,7.0,7.0,2026-05-07
USR-176813,Maa Sharda(LKO),General A,LVLF,2026-05-08,7.0,7.4,2026-05-07
USR-176751,Maa Sharda(LKO),General A,HVLF,2026-05-11,7.0,7.5,2026-05-07
USR-95366,Crossline Events (Noida),Paan A,HVLF,2026-04-28,8.666666666666666,7.4,2026-05-07
USR-176710,Maa Sharda(LKO),General A,HVLF,2026-05-12,7.0,7.7,2026-05-07
USR-132530,Crossline Events (Meerut),General C,HVLF,2026-02-09,17.0,7.2,2026-05-07
USR-36993,Cross Line Events (Ghaziabad),General B,HVLF,2026-04-20,11.5,7.8,2026-05-07
USR-161025,Instant Foods(Noida),General B,HVHF,2026-05-30,4.966666666666667,7.0,2026-05-07
USR-3701,Cross Line Events (Ghaziabad),General B,HVLF,2026-02-20,7.0,7.2,2026-05-07
USR-176534,Maa Sharda(LKO),Paan C,HVLF,2026-05-23,7.0,7.7,2026-05-07
USR-3738,Cross Line Events (Ghaziabad),Paan B,HVLF,2026-05-26,8.166666666666666,7.5,2026-05-07
USR-133699,Instant Foods (GZB),General A,HVLF,2026-01-21,7.0,7.3,2026-05-07
USR-103307,Instant Foods (SED),General A,HVLF,2026-03-11,7.0,7.1,2026-05-07
USR-133379,Instant Foods (GZB),General C,HVLF,2026-01-23,7.0,7.0,2026-05-07
USR-176506,Crossline Events (Meerut),General B,HVLF,2026-05-30,6.625,7.8,2026-05-07
USR-95657,Instant Foods (SED),General A,HVHF,2026-05-30,6.833333333333333,7.2,2026-05-07
USR-37333,Cross Line Events (EDelhi),Paan B,HVLF,2026-03-14,6.555555555555555,7.0,2026-05-07
USR-133772,Instant Foods (GZB),General C,HVLF,2026-01-16,7.0,7.2,2026-05-07
USR-39456,Cross Line Events (Ghaziabad),Paan A,HVHF,2026-05-29,7.0,7.6,2026-05-07
USR-177394,Maa Sharda(LKO),Paan B,HVLF,2026-05-08,7.0,7.2,2026-05-07
USR-106042,Crossline Events (Noida),Paan B,HVLF,2026-05-04,7.0,7.5,2026-05-07
USR-93121,Instant Foods (SED),General A,HVLF,2026-04-11,7.0,7.7,2026-05-07
USR-132089,Crossline Events (Meerut),General C,HVLF,2026-04-14,7.0,7.5,2026-05-07
USR-36303,Cross Line Events (EDelhi),Paan B,HVLF,2026-02-19,11.666666666666666,7.6,2026-05-07
USR-160776,NB Enterprises (West Delhi),Paan B,HVLF,2026-02-12,7.0,7.1,2026-05-07
USR-178130,Instant Foods(Noida),Paan C,HVLF,2026-05-29,10.333333333333334,7.7,2026-05-07
USR-176119,Rapid Enterprises,General A,HVLF,2026-05-28,8.8,7.3,2026-05-07
USR-160785,Cross Line Events (Ghaziabad),Paan B,HVLF,2026-02-23,7.0,7.2,2026-05-07
USR-178128,Maa Sharda(LKO),Chemist B,HVLF,2026-05-21,7.0,7.7,2026-05-07
USR-36215,Cross Line Events (EDelhi),Paan B,HVHF,2026-05-21,7.0,7.1,2026-05-07
USR-107862,Instant Foods(Noida),General A,HVHF,2026-05-29,7.526315789473684,7.6,2026-05-07
USR-176121,Rapid Enterprises,General B,HVLF,2026-05-21,7.111111111111111,7.1,2026-05-07
USR-161241,Instant Foods (SED),Paan A,HVLF,2026-04-21,6.875,7.9,2026-05-07
USR-107377,Crossline Events (Noida),General A,HVLF,2026-05-09,7.0,7.3,2026-05-07
USR-3632,Cross Line Events (Ghaziabad),Paan B,HVHF,2026-05-27,7.611111111111111,7.5,2026-05-07
USR-178098,Instant Foods(Noida),General B,HVLF,2026-05-23,7.0,7.2,2026-05-07
USR-106825,Instant Foods (SED),General A,HVLF,2026-03-14,6.9,7.0,2026-05-07
USR-178051,Maa Sharda(LKO),General C,HVLF,2026-05-21,7.0,7.6,2026-05-07
USR-132687,Crossline Events (Meerut),General A,HVLF,2026-05-30,7.0,7.5,2026-05-07
USR-10769,Instant Foods (GZB),Paan A,HVLF,2026-02-28,7.0,7.4,2026-05-07
USR-132868,Crossline Events (Meerut),General C,HVLF,2026-02-25,7.0,7.0,2026-05-07
USR-3621,Cross Line Events (Ghaziabad),General A,HVLF,2026-03-14,11.25,7.5,2026-05-07
USR-108762,Instant Foods (SED),Paan B,HVLF,2026-05-30,12.333333333333334,7.1,2026-05-07
USR-109004,NB Enterprises (West Delhi),Paan A,HVLF,2026-02-16,7.0,7.1,2026-05-07
USR-178250,Instant Foods(Noida),Paan B,HVLF,2026-05-15,7.0,7.2,2026-05-07
USR-176075,Instant Foods (Mathura),General B,HVLF,2026-05-27,12.333333333333334,7.1,2026-05-07
USR-108998,NB Enterprises (West Delhi),Paan B,HVLF,2026-05-11,7.142857142857143,7.1,2026-05-07
USR-176106,Instant Foods (Mathura),General A,HVLF,2026-05-30,8.222222222222221,7.6,2026-05-07
USR-178227,Instant Foods (Mathura),General B,HVLF,2026-05-20,7.5,7.7,2026-05-07
USR-39393,Cross Line Events (EDelhi),General A,HVHF,2026-05-29,7.684210526315789,7.7,2026-05-07
USR-178208,Instant Foods (Mathura),General B,HVLF,2026-05-13,7.0,7.2,2026-05-07
USR-108897,NB Enterprises (West Delhi),Paan B,HVLF,2026-05-20,8.058823529411764,7.9,2026-05-07
USR-178206,Instant Foods (Mathura),General B,HVLF,2026-05-11,7.0,7.2,2026-05-07
USR-160757,NB Enterprises (West Delhi),Paan B,HVLF,2026-05-18,8.0,7.9,2026-05-07
USR-92801,Instant Foods (SED),General A,HVLF,2026-05-27,7.0,7.3,2026-05-07
USR-178191,Instant Foods (Mathura),General B,HVLF,2026-05-02,7.0,7.3,2026-05-07
USR-178180,Instant Foods (Mathura),General B,HVLF,2026-05-28,7.0,7.6,2026-05-07
USR-92833,Instant Foods (SED),General A,HVHF,2026-05-30,4.933333333333334,7.0,2026-05-07
USR-132058,Crossline Events (Meerut),Paan B,HVLF,2026-01-17,7.0,7.3,2026-05-07
USR-39377,Cross Line Events (EDelhi),General A,HVLF,2026-05-14,7.0,7.5,2026-05-07
USR-134084,Cross Line Events (Ghaziabad),Paan B,HVLF,2026-03-19,7.0,7.0,2026-05-07
USR-176112,Cross Line Events (Ghaziabad),General B,HVLF,2026-04-18,7.0,7.0,2026-05-07
USR-178040,Maa Sharda(LKO),Chemist A,HVLF,2026-05-25,7.0,7.3,2026-05-07
USR-93942,Instant Foods (SED),General A,HVHF,2026-05-30,5.916666666666667,7.0,2026-05-07
USR-101005,Instant Foods (SED),General A,LVLF,2026-04-11,7.0,7.4,2026-05-07
USR-97667,Instant Foods (SED),General A,HVLF,2026-02-24,7.0,7.4,2026-05-07
USR-177799,Instant Foods(Noida),Paan C,HVLF,2026-05-15,8.0,7.8,2026-05-07
USR-160865,Instant Foods(Noida),Paan A,HVHF,2026-04-01,4.7,7.6,2026-05-07
USR-177719,Maa Sharda(LKO),General B,HVLF,2026-05-16,7.0,7.8,2026-05-07
USR-3899,Instant Foods (GZB),General B,HVLF,2026-05-23,7.0,7.7,2026-05-07
USR-177718,Maa Sharda(LKO),General B,HVLF,2026-05-09,7.0,7.4,2026-05-07
USR-36684,Cross Line Events (EDelhi),General A,HVLF,2026-04-25,7.0,7.3,2026-05-07
USR-93807,Instant Foods (SED),General A,HVLF,2026-05-27,7.0,7.3,2026-05-07
USR-161185,Instant Foods (SED),Paan C,HVLF,2026-01-30,7.0,7.8,2026-05-07
USR-177800,Instant Foods(Noida),Paan C,HVLF,2026-05-15,8.0,7.8,2026-05-07
USR-160874,Instant Foods(Noida),Paan C,HVLF,2026-04-20,7.0,7.4,2026-05-07
USR-133889,Instant Foods (GZB),General C,HVLF,2026-05-27,9.8,7.1,2026-05-07
USR-97339,Instant Foods (SED),General A,HVLF,2026-02-17,7.0,7.3,2026-05-07
USR-177419,Maa Sharda(LKO),General A,HVLF,2026-05-08,7.0,7.3,2026-05-07
USR-133367,Instant Foods (GZB),General C,HVLF,2026-04-06,11.666666666666666,7.7,2026-05-07
USR-101557,Instant Foods (SED),General A,HVHF,2026-05-23,7.1,7.5,2026-05-07
USR-97184,Instant Foods (SED),General A,HVLF,2026-03-07,7.0,7.0,2026-05-07
USR-10609,Instant Foods (GZB),General B,HVHF,2026-05-27,7.631578947368421,7.2,2026-05-07
USR-177411,Maa Sharda(LKO),General A,LVLF,2026-05-11,7.0,7.2,2026-05-07
USR-177623,Maa Sharda(LKO),Paan A,LVLF,2026-05-08,7.0,7.4,2026-05-07
USR-39029,Cross Line Events (EDelhi),General A,HVLF,2026-02-21,7.0,7.5,2026-05-07
USR-176201,Instant Foods (SED),Paan B,HVLF,2026-05-27,9.333333333333334,7.0,2026-05-07
USR-177839,Maa Sharda(LKO),General C,HVLF,2026-05-13,7.0,7.7,2026-05-07
USR-97661,Instant Foods (SED),General A,HVLF,2026-02-23,7.0,7.4,2026-05-07
USR-176169,Rapid Enterprises,General B,HVLF,2026-05-20,7.0,7.0,2026-05-07
USR-133934,Cross Line Events (EDelhi),General C,HVLF,2026-02-18,7.0,7.1,2026-05-07
USR-132684,Crossline Events (Meerut),General C,HVLF,2026-04-03,7.583333333333333,7.5,2026-05-07
USR-97579,Instant Foods (SED),General A,LVLF,2026-02-26,7.0,7.3,2026-05-07
USR-181041,Maa Sharda(LKO),Paan C,HVLF,2026-05-30,7.0,7.4,2026-05-07
USR-177974,Instant Foods (SED),Paan B,HVLF,2026-04-23,7.0,7.0,2026-05-07
USR-177961,Maa Sharda(LKO),Paan C,LVLF,2026-05-29,7.0,7.6,2026-05-07
USR-106163,Instant Foods (SED),General A,HVHF,2026-05-29,7.35,7.7,2026-05-07
USR-177953,Maa Sharda(LKO),General B,HVLF,2026-05-09,7.0,7.4,2026-05-07
USR-177952,Crossline Events (Meerut),General C,HVLF,2026-05-07,7.0,7.0,2026-05-07
USR-177949,Instant Foods (SED),Paan B,HVLF,2026-05-07,8.0,7.8,2026-05-07
USR-3746,Cross Line Events (Ghaziabad),General C,HVLF,2026-02-20,7.0,7.2,2026-05-07
USR-160824,Cross Line Events (Ghaziabad),General A,LVLF,2026-04-02,7.0,7.6,2026-05-07
USR-132294,Crossline Events (Meerut),General C,HVLF,2026-04-20,9.083333333333334,7.0,2026-05-07
USR-160845,Instant Foods(Noida),Paan C,HVHF,2026-05-30,5.0,7.6,2026-05-07
USR-106125,Instant Foods(Noida),Paan B,HVHF,2026-05-29,7.15,7.6,2026-05-07
USR-177842,Maa Sharda(LKO),General C,HVLF,2026-05-30,7.0,7.5,2026-05-07
USR-97444,Instant Foods (SED),General A,HVLF,2026-03-07,7.142857142857143,7.5,2026-05-07
USR-176148,Instant Foods (Mathura),General B,HVLF,2026-05-25,7.333333333333333,7.2,2026-05-07
USR-181045,Maa Sharda(LKO),General A,HVLF,2026-05-29,7.0,7.1,2026-05-07
USR-152664,NB Enterprises (West Delhi),General C,HVLF,2026-05-23,6.6923076923076925,7.6,2026-05-07
USR-181046,Maa Sharda(LKO),General A,LVLF,2026-05-30,7.0,7.1,2026-05-07
USR-125997,Crossline Events (Meerut),General A,LVLF,2026-05-11,7.0,7.4,2026-05-07
USR-12567,Instant Foods(Noida),General B,HVLF,2026-04-03,7.0,7.7,2026-05-07
USR-6329,Cross Line Events (Ghaziabad),Paan B,HVLF,2026-05-25,8.5,7.9,2026-05-07
USR-158758,Crossline Events (Meerut),General A,HVLF,2026-03-28,7.0,7.6,2026-05-07
USR-44092,Cross Line Events (EDelhi),General A,HVLF,2026-04-25,39.5,7.5,2026-05-07
USR-149915,NB Enterprises (West Delhi),Paan B,HVLF,2026-01-30,7.0,7.8,2026-05-07
USR-23750,Instant Foods(Noida),General C,HVLF,2026-05-19,7.0,7.6,2026-05-07
USR-29460,Instant Foods (GZB),Paan B,HVLF,2026-04-13,7.214285714285714,7.3,2026-05-07
USR-149901,Instant Foods (GZB),Wholesaler,HVLF,2026-04-23,6.928571428571429,7.6,2026-05-07
USR-64149,NB Enterprises (West Delhi),Paan B,HVHF,2026-05-27,7.411764705882353,7.2,2026-05-07
USR-23726,Instant Foods(Noida),General A,HVLF,2026-05-20,8.125,7.9,2026-05-07
USR-29504,Instant Foods(Noida),Paan B,HVHF,2026-05-23,6.363636363636363,7.0,2026-05-07
USR-6451,Instant Foods (GZB),Paan B,HVHF,2026-05-30,6.590909090909091,7.0,2026-05-07
USR-23619,Instant Foods(Noida),General A,HVLF,2026-03-11,7.8,7.2,2026-05-07
USR-124694,Crossline Events (Meerut),Paan B,HVLF,2026-05-28,7.7,7.6,2026-05-07
USR-23545,Instant Foods(Noida),General C,HVLF,2026-05-27,10.833333333333334,7.7,2026-05-07
USR-2347,Instant Foods(Noida),Paan B,HVHF,2026-05-28,6.681818181818182,7.0,2026-05-07
USR-44012,Instant Foods (GZB),General A,LVLF,2026-01-23,7.0,7.4,2026-05-07
USR-23445,Crossline Events (Noida),General C,LVLF,2026-01-27,7.5,7.2,2026-05-07
USR-23436,Crossline Events (Noida),General B,HVLF,2026-03-30,7.181818181818182,7.0,2026-05-07
USR-43975,Cross Line Events (EDelhi),General A,HVLF,2026-03-26,13.0,7.6,2026-05-07
USR-63153,Instant Foods (SED),Paan B,HVHF,2026-05-30,6.478260869565218,7.3,2026-05-07
USR-66674,Instant Foods (SED),Paan B,HVHF,2026-05-29,6.25,7.4,2026-05-07
USR-149926,NB Enterprises (West Delhi),Paan B,HVLF,2026-01-29,7.0,7.9,2026-05-07
USR-126003,Crossline Events (Meerut),General C,HVLF,2026-05-29,8.4375,7.8,2026-05-07
USR-6172,Instant Foods (GZB),General B,HVLF,2026-01-21,7.0,7.3,2026-05-07
USR-24522,Instant Foods(Noida),Paan B,HVLF,2026-02-24,7.0,7.4,2026-05-07
USR-44441,Instant Foods(Noida),Paan B,HVLF,2026-04-22,17.5,7.1,2026-05-07
USR-29360,Instant Foods (GZB),General B,HVLF,2026-03-17,9.0,7.8,2026-05-07
USR-129635,Crossline Events (Meerut),General A,HVLF,2026-05-26,7.0,7.2,2026-05-07
USR-153913,Instant Foods(Noida),General A,HVLF,2026-05-29,7.0,7.5,2026-05-07
USR-24334,Instant Foods(Noida),General C,HVLF,2026-03-11,7.0,7.1,2026-05-07
USR-6222,Cross Line Events (Ghaziabad),General B,HVLF,2026-03-19,7.0,7.0,2026-05-07
USR-153918,Instant Foods(Noida),General C,HVHF,2026-05-30,6.476190476190476,7.8,2026-05-07
USR-126149,Crossline Events (Meerut),General C,HVLF,2026-02-25,6.75,7.0,2026-05-07
USR-129672,Crossline Events (Meerut),General B,HVLF,2026-03-19,7.0,7.1,2026-05-07
USR-44257,Cross Line Events (EDelhi),General A,HVHF,2026-05-20,8.0,7.4,2026-05-07
USR-24150,Instant Foods(Noida),General A,HVLF,2026-04-29,7.0,7.5,2026-05-07
USR-44191,Cross Line Events (EDelhi),General A,HVHF,2026-05-27,8.0,7.5,2026-05-07
USR-24091,Instant Foods(Noida),General C,HVLF,2026-05-09,7.0,7.4,2026-05-07
USR-153979,Crossline Events (Noida),General A,HVHF,2026-05-29,6.3478260869565215,7.4,2026-05-07
USR-6274,Instant Foods (GZB),Paan B,HVLF,2026-01-12,7.0,7.0,2026-05-07
USR-149984,Instant Foods(Noida),Paan B,HVHF,2026-05-27,7.421052631578948,7.3,2026-05-07
USR-126100,Crossline Events (Meerut),General C,HVLF,2026-02-23,7.0,7.2,2026-05-07
USR-129761,Crossline Events (Meerut),General A,HVLF,2026-05-27,7.4,7.1,2026-05-07
USR-12604,Instant Foods (GZB),General C,HVLF,2026-03-02,7.0,7.0,2026-05-07
USR-158710,Instant Foods(Noida),Paan B,HVHF,2026-05-20,7.666666666666667,7.1,2026-05-07
USR-150331,Instant Foods(Noida),Paan B,HVLF,2026-05-28,17.375,7.5,2026-05-07
USR-43791,Cross Line Events (EDelhi),General A,HVHF,2026-05-29,6.260869565217392,7.8,2026-05-07
USR-2331,Crossline Events (Noida),Paan B,HVLF,2026-04-21,7.0,7.5,2026-05-07
USR-22679,Instant Foods(Noida),General C,HVLF,2026-05-08,7.625,7.7,2026-05-07
USR-22667,Instant Foods(Noida),General C,HVLF,2026-05-14,7.823529411764706,7.8,2026-05-07
USR-29622,Instant Foods(Noida),General C,LVLF,2026-01-15,7.0,7.1,2026-05-07
USR-22659,Instant Foods(Noida),General C,HVLF,2026-05-28,7.0,7.7,2026-05-07
USR-43329,Cross Line Events (EDelhi),General A,HVLF,2026-05-29,9.866666666666667,7.8,2026-05-07
USR-22639,Instant Foods(Noida),General C,LVLF,2026-02-19,7.0,7.2,2026-05-07
USR-29663,Instant Foods (GZB),Paan B,HVHF,2026-05-21,7.333333333333333,7.5,2026-05-07
USR-12061,Cross Line Events (Ghaziabad),Paan B,HVLF,2026-04-27,8.166666666666666,7.5,2026-05-07
USR-2257,Crossline Events (Noida),Paan B,HVHF,2026-05-02,6.5,7.3,2026-05-07
USR-22568,Instant Foods(Noida),General C,HVLF,2026-04-09,7.0,7.1,2026-05-07
USR-119876,Crossline Events (Noida),Paan A,HVLF,2026-05-25,11.9,7.1,2026-05-07
USR-22519,Instant Foods(Noida),General C,HVLF,2026-03-30,12.25,7.6,2026-05-07
USR-70314,Instant Foods (SED),Paan B,HVLF,2026-02-19,7.0,7.3,2026-05-07
USR-119858,NB Enterprises (West Delhi),General A,HVLF,2026-02-11,7.0,7.0,2026-05-07
USR-159182,Crossline Events (Meerut),General A,HVLF,2026-05-22,7.875,7.9,2026-05-07
USR-130104,Crossline Events (Meerut),Paan B,HVHF,2026-05-30,6.217391304347826,7.0,2026-05-07
USR-159231,NB Enterprises (West Delhi),General A,HVLF,2026-01-30,7.0,7.9,2026-05-07
USR-22370,Instant Foods(Noida),General C,HVLF,2026-04-20,7.0,7.6,2026-05-07
USR-71220,Instant Foods (SED),Paan B,HVLF,2026-02-13,7.0,7.3,2026-05-07
USR-159237,Instant Foods(Noida),General B,HVLF,2026-05-28,14.7,7.8,2026-05-07
USR-22278,Instant Foods(Noida),Paan B,HVHF,2026-05-28,7.3,7.2,2026-05-07
USR-159098,Instant Foods (SED),Paan B,HVLF,2026-05-15,7.0,7.2,2026-05-07
USR-43783,Cross Line Events (EDelhi),General A,LVLF,2026-02-14,7.0,7.2,2026-05-07
USR-159093,Instant Foods(Noida),Paan B,HVHF,2026-05-21,7.368421052631579,7.4,2026-05-07
USR-146842,Instant Foods(Noida),General C,HVLF,2026-05-22,7.0,7.7,2026-05-07
USR-670,Instant Foods(Noida),Paan B,HVHF,2026-05-30,5.88,7.4,2026-05-07
USR-23257,Crossline Events (Noida),General C,HVLF,2026-03-31,9.333333333333334,7.9,2026-05-07
USR-6700,Cross Line Events (Ghaziabad),General C,HVHF,2026-04-18,5.277777777777778,7.6,2026-05-07
USR-2315,Crossline Events (Noida),General B,HVLF,2026-05-07,7.8125,7.5,2026-05-07
USR-6770,Cross Line Events (Ghaziabad),Paan B,HVLF,2026-04-07,9.2,7.7,2026-05-07
USR-23115,Instant Foods(Noida),Paan B,HVLF,2026-02-18,7.0,7.2,2026-05-07
USR-12225,Cross Line Events (Ghaziabad),Paan B,HVLF,2026-02-23,8.666666666666666,7.6,2026-05-07
USR-6792,Cross Line Events (Ghaziabad),General C,HVHF,2026-05-28,7.3,7.5,2026-05-07
USR-6794,Cross Line Events (Ghaziabad),General B,HVLF,2026-04-01,7.0,7.3,2026-05-07
USR-29526,Instant Foods(Noida),General C,HVLF,2026-04-09,7.538461538461538,7.6,2026-05-07
USR-2307,Crossline Events (Noida),General C,HVLF,2026-01-22,7.0,7.5,2026-05-07
USR-29528,Instant Foods(Noida),Paan B,HVLF,2026-03-17,28.0,7.0,2026-05-07
USR-159064,Instant Foods (GZB),Paan A,HVLF,2026-05-14,7.230769230769231,7.5,2026-05-07
USR-6867,Cross Line Events (Ghaziabad),General B,HVLF,2026-01-13,7.0,7.1,2026-05-07
USR-121612,Crossline Events (Meerut),General C,HVLF,2026-04-04,7.0,7.0,2026-05-07
USR-148185,NB Enterprises (West Delhi),General A,HVLF,2026-05-15,7.0,7.8,2026-05-07
USR-68849,NB Enterprises (West Delhi),Paan B,LVLF,2026-01-14,7.0,7.1,2026-05-07
USR-12149,Instant Foods (GZB),General A,HVLF,2026-03-28,9.0,7.9,2026-05-07
USR-22830,Instant Foods(Noida),General A,HVLF,2026-05-09,7.0,7.4,2026-05-07
USR-43350,Cross Line Events (EDelhi),General A,HVHF,2026-05-30,7.25,7.5,2026-05-07
USR-22751,Cross Line Events (Ghaziabad),General C,HVLF,2026-05-28,9.1875,7.7,2026-05-07
USR-22722,Instant Foods(Noida),General C,HVHF,2026-05-28,7.7368421052631575,7.8,2026-05-07
USR-24582,Instant Foods(Noida),General C,HVHF,2026-05-30,7.35,7.8,2026-05-07
USR-2467,Cross Line Events (Ghaziabad),General B,HVLF,2026-03-14,28.0,7.5,2026-05-07
USR-6120,Instant Foods (GZB),Paan B,HVLF,2026-02-16,7.0,7.0,2026-05-07
USR-153136,Crossline Events (Noida),Paan B,HVHF,2026-05-30,5.137931034482759,7.3,2026-05-07
USR-129024,Crossline Events (Meerut),Paan B,HVLF,2026-04-14,7.0,7.5,2026-05-07
USR-153155,NB Enterprises (West Delhi),Paan B,HVHF,2026-05-28,7.35,7.2,2026-05-07
USR-153159,Instant Foods (SED),Paan B,HVLF,2026-05-02,5.875,7.7,2026-05-07
USR-27976,Crossline Events (Noida),Paan B,HVLF,2026-04-11,7.0,7.5,2026-05-07
USR-127769,Crossline Events (Meerut),General C,HVHF,2026-05-28,7.157894736842105,7.4,2026-05-07
USR-2912,Instant Foods (GZB),General B,LVLF,2026-05-08,7.0,7.2,2026-05-07
USR-45001,Cross Line Events (Ghaziabad),Paan A,HVLF,2026-03-23,9.125,7.6,2026-05-07
USR-44963,Cross Line Events (EDelhi),General A,HVHF,2026-05-29,6.7368421052631575,7.1,2026-05-07
USR-27812,Crossline Events (Noida),General C,HVLF,2026-04-04,7.0,7.0,2026-05-07
USR-44946,Cross Line Events (EDelhi),Paan B,HVLF,2026-04-13,12.6,7.4,2026-05-07
USR-27801,Crossline Events (Noida),General C,HVLF,2026-02-12,7.0,7.0,2026-05-07
USR-151113,Instant Foods(Noida),Paan B,HVLF,2026-04-29,7.0,7.0,2026-05-07
USR-127579,Crossline Events (Meerut),General A,HVLF,2026-04-17,7.0,7.7,2026-05-07
USR-44895,Cross Line Events (EDelhi),Paan B,HVHF,2026-05-30,5.653846153846154,7.0,2026-05-07
USR-153271,Instant Foods (GZB),General A,HVLF,2026-04-14,8.0,7.5,2026-05-07
USR-5116,Instant Foods (GZB),General B,HVLF,2026-02-18,7.0,7.1,2026-05-07
USR-153309,Crossline Events (Meerut),Paan B,HVLF,2026-03-14,7.0,7.3,2026-05-07
USR-51403,Instant Foods (SED),General C,HVLF,2026-02-23,7.0,7.4,2026-05-07
USR-27133,Crossline Events (Noida),General C,HVLF,2026-03-21,7.0,7.3,2026-05-07
USR-5150,Instant Foods (GZB),Paan B,HVHF,2026-05-22,6.181818181818182,7.3,2026-05-07
USR-28024,Instant Foods(Noida),Paan B,HVLF,2026-03-27,10.666666666666666,7.7,2026-05-07
USR-29208,Instant Foods (GZB),Paan B,HVLF,2026-05-20,7.0,7.4,2026-05-07
USR-2900,Instant Foods (GZB),Paan B,HVLF,2026-04-06,7.583333333333333,7.1,2026-05-07
USR-128073,Crossline Events (Meerut),General B,HVLF,2026-05-25,8.352941176470589,7.6,2026-05-07
USR-128757,Crossline Events (Meerut),General B,HVHF,2026-05-30,6.8,7.3,2026-05-07
USR-128751,Crossline Events (Meerut),General B,HVLF,2026-05-19,8.3125,7.9,2026-05-07
USR-128889,Crossline Events (Meerut),General C,HVLF,2026-03-17,7.0,7.2,2026-05-07
USR-28343,Crossline Events (Noida),General C,HVLF,2026-02-21,7.0,7.4,2026-05-07
USR-152509,NB Enterprises (West Delhi),General C,HVLF,2026-04-23,7.0,7.6,2026-05-07
USR-28301,Instant Foods(Noida),General A,HVLF,2026-03-21,7.0,7.4,2026-05-07
USR-28500,Instant Foods (GZB),General B,HVLF,2026-03-02,7.0,7.0,2026-05-07
USR-152253,Cross Line Events (Ghaziabad),Paan B,LVLF,2026-04-22,7.0,7.0,2026-05-07
USR-128691,Crossline Events (Meerut),Paan B,HVLF,2026-05-26,8.176470588235293,7.8,2026-05-07
USR-128911,Crossline Events (Meerut),General C,LVLF,2026-01-29,7.0,7.8,2026-05-07
USR-28263,Crossline Events (Noida),Paan B,HVLF,2026-02-21,7.0,7.4,2026-05-07
USR-128554,Crossline Events (Meerut),General C,HVLF,2026-03-17,7.0,7.2,2026-05-07
USR-4637,Instant Foods (GZB),General B,HVHF,2026-05-30,7.0476190476190474,7.4,2026-05-07
USR-128477,Crossline Events (Meerut),General C,HVLF,2026-01-29,7.0,7.6,2026-05-07
USR-28252,Crossline Events (Noida),General C,HVLF,2026-03-13,7.0,7.3,2026-05-07
USR-128913,Crossline Events (Meerut),General B,HVLF,2026-05-08,7.090909090909091,7.9,2026-05-07
USR-128424,Crossline Events (Meerut),General C,HVLF,2026-02-25,7.0,7.0,2026-05-07
USR-4693,Instant Foods (GZB),General A,HVLF,2026-01-29,7.0,7.6,2026-05-07
USR-151909,Crossline Events (Meerut),General A,HVLF,2026-04-06,7.916666666666667,7.5,2026-05-07
USR-128937,Crossline Events (Meerut),General B,HVHF,2026-05-28,7.368421052631579,7.4,2026-05-07
USR-4813,Instant Foods (GZB),General B,HVLF,2026-04-18,7.0,7.7,2026-05-07
USR-128009,Crossline Events (Meerut),General C,HVLF,2026-01-21,7.0,7.4,2026-05-07
USR-127379,Crossline Events (Meerut),General B,HVHF,2026-05-26,7.777777777777778,7.1,2026-05-07
USR-127270,Crossline Events (Meerut),General C,HVHF,2026-05-21,7.5,7.2,2026-05-07
USR-153361,Cross Line Events (EDelhi),Paan B,HVLF,2026-02-13,7.0,7.1,2026-05-07
USR-44619,Cross Line Events (EDelhi),General A,HVLF,2026-01-21,7.0,7.3,2026-05-07
USR-153649,NB Enterprises (West Delhi),General A,HVHF,2026-05-28,7.388888888888889,7.4,2026-05-07
USR-29281,Crossline Events (Noida),General B,HVLF,2026-04-02,7.0,7.1,2026-05-07
USR-153669,Crossline Events (Meerut),General A,HVLF,2026-02-03,14.0,7.5,2026-05-07
USR-44555,Cross Line Events (Ghaziabad),General A,HVLF,2026-04-21,7.0,7.1,2026-05-07
USR-1266,Crossline Events (Noida),Paan B,HVLF,2026-02-14,7.0,7.2,2026-05-07
USR-25833,Instant Foods(Noida),General C,HVLF,2026-01-30,14.0,7.9,2026-05-07
USR-25721,Instant Foods(Noida),General C,HVLF,2026-03-14,7.0,7.4,2026-05-07
USR-153721,NB Enterprises (West Delhi),General C,HVLF,2026-04-24,7.0,7.7,2026-05-07
USR-25563,Instant Foods (GZB),Paan A,HVLF,2026-02-20,7.0,7.3,2026-05-07
USR-129585,Crossline Events (Meerut),General B,HVHF,2026-05-12,7.411764705882353,7.1,2026-05-07
USR-12648,Cross Line Events (Ghaziabad),General C,HVLF,2026-05-29,7.3076923076923075,7.7,2026-05-07
USR-153739,NB Enterprises (West Delhi),General A,HVLF,2026-04-23,7.0,7.6,2026-05-07
USR-25213,Instant Foods(Noida),Paan B,HVLF,2026-01-13,7.0,7.3,2026-05-07
USR-594,Instant Foods(Noida),General C,HVLF,2026-04-11,7.0,7.7,2026-05-07
USR-12639,Instant Foods (GZB),Paan B,HVHF,2026-05-08,6.611111111111111,7.0,2026-05-07
USR-126365,Crossline Events (Meerut),General B,HVLF,2026-02-13,7.0,7.2,2026-05-07
USR-5991,Instant Foods (GZB),General C,HVLF,2026-05-27,8.866666666666667,7.3,2026-05-07
USR-126257,Crossline Events (Meerut),General C,HVLF,2026-03-25,14.5,7.9,2026-05-07
USR-24777,Instant Foods(Noida),General C,HVLF,2026-05-12,7.705882352941177,7.8,2026-05-07
USR-150373,NB Enterprises (West Delhi),General C,HVLF,2026-01-28,7.0,7.8,2026-05-07
USR-26055,Instant Foods(Noida),General C,HVHF,2026-05-29,6.666666666666667,7.0,2026-05-07
USR-5640,Instant Foods (GZB),General C,HVLF,2026-01-14,7.0,7.1,2026-05-07
USR-26094,Instant Foods(Noida),General C,HVLF,2026-05-27,7.8,7.6,2026-05-07
USR-153623,Instant Foods (SED),Paan B,HVHF,2026-05-16,4.291666666666667,7.0,2026-05-07
USR-5316,Cross Line Events (Ghaziabad),Paan B,HVLF,2026-03-09,9.2,7.4,2026-05-07
USR-153376,NB Enterprises (West Delhi),Paan B,HVLF,2026-05-01,7.363636363636363,7.4,2026-05-07
USR-129401,Crossline Events (Meerut),General B,HVLF,2026-05-19,7.823529411764706,7.7,2026-05-07
USR-127102,Crossline Events (Meerut),General B,HVLF,2026-03-02,7.0,7.0,2026-05-07
USR-5352,Instant Foods (GZB),General B,HVLF,2026-03-31,7.7272727272727275,7.5,2026-05-07
USR-126980,Crossline Events (Meerut),General C,HVHF,2026-05-27,7.368421052631579,7.1,2026-05-07
USR-153431,NB Enterprises (West Delhi),General B,HVHF,2026-05-25,7.368421052631579,7.1,2026-05-07
USR-12697,Cross Line Events (Ghaziabad),General C,HVHF,2026-05-30,7.0,7.6,2026-05-07
USR-150994,Crossline Events (Meerut),General A,HVLF,2026-03-18,7.0,7.1,2026-05-07
USR-44795,Instant Foods (GZB),Paan B,HVLF,2026-02-23,7.0,7.2,2026-05-07
USR-159240,Instant Foods (GZB),Paan B,HVLF,2026-04-08,7.857142857142857,7.9,2026-05-07
USR-5442,Instant Foods (GZB),General C,HVLF,2026-02-24,7.0,7.3,2026-05-07
USR-153521,Instant Foods (SED),Paan B,HVLF,2026-04-16,7.0,7.7,2026-05-07
USR-55032,NB Enterprises (West Delhi),Paan B,HVLF,2026-05-02,7.0,7.2,2026-05-07
USR-5520,Instant Foods (GZB),General C,HVHF,2026-05-21,7.111111111111111,7.2,2026-05-07
USR-126887,Crossline Events (Meerut),General B,HVLF,2026-05-22,7.0,7.5,2026-05-07
USR-2645,Instant Foods (GZB),General A,HVHF,2026-05-26,8.3125,7.8,2026-05-07
USR-153563,Cross Line Events (Ghaziabad),Paan B,HVLF,2026-03-06,10.0,7.3,2026-05-07
USR-44791,Instant Foods(Noida),General A,HVLF,2026-01-28,7.0,7.2,2026-05-07
USR-29240,Instant Foods (GZB),General A,HVLF,2026-03-13,8.6,7.7,2026-05-07
USR-126736,Crossline Events (Meerut),General B,HVLF,2026-02-27,7.0,7.0,2026-05-07
USR-126707,NB Enterprises (West Delhi),Paan B,HVHF,2026-05-26,7.05,7.4,2026-05-07
USR-545,Instant Foods(Noida),General A,LVLF,2026-02-19,7.0,7.2,2026-05-07
USR-13170,Cross Line Events (Ghaziabad),General C,HVLF,2026-05-28,8.411764705882353,7.4,2026-05-07
USR-2220,Crossline Events (Noida),General B,HVHF,2026-05-30,4.53125,7.3,2026-05-07
USR-130145,Crossline Events (Meerut),General A,HVLF,2026-02-23,7.0,7.2,2026-05-07
USR-131268,Crossline Events (Meerut),General C,HVLF,2026-02-27,6.875,7.1,2026-05-07
USR-31755,Cross Line Events (EDelhi),Paan B,HVHF,2026-05-29,8.0,7.8,2026-05-07
USR-18975,Instant Foods(Noida),General C,HVLF,2026-02-24,7.0,7.4,2026-05-07
USR-159885,Instant Foods(Noida),General A,HVLF,2026-05-16,7.0,7.2,2026-05-07
USR-159896,Crossline Events (Noida),Paan A,HVLF,2026-02-24,6.5,7.3,2026-05-07
USR-83594,Instant Foods (SED),Paan B,HVLF,2026-05-29,11.0,7.6,2026-05-07
USR-135728,Instant Foods (SED),Paan B,HVLF,2026-04-13,7.0,7.7,2026-05-07
USR-18878,Instant Foods(Noida),General B,HVLF,2026-02-14,7.0,7.3,2026-05-07
USR-18870,Instant Foods(Noida),Paan B,HVLF,2026-05-13,7.9375,7.8,2026-05-07
USR-8399,Instant Foods(Noida),General B,HVLF,2026-02-23,7.0,7.4,2026-05-07
USR-18854,Instant Foods(Noida),General C,HVLF,2026-02-25,7.0,7.1,2026-05-07
USR-18832,Instant Foods(Noida),Paan B,HVLF,2026-03-31,7.875,7.4,2026-05-07
USR-135560,Crossline Events (Meerut),General A,HVHF,2026-05-19,7.0,7.0,2026-05-07
USR-160078,Instant Foods(Noida),General C,HVLF,2026-04-16,7.0,7.1,2026-05-07
USR-11403,Instant Foods (GZB),General A,HVLF,2026-05-26,7.944444444444445,7.3,2026-05-07
USR-84059,NB Enterprises (West Delhi),Paan B,HVLF,2026-04-15,6.866666666666666,7.3,2026-05-07
USR-8415,Instant Foods(Noida),General B,HVLF,2026-05-29,9.571428571428571,7.3,2026-05-07
USR-4123,Instant Foods (GZB),Paan B,HVHF,2026-05-21,7.117647058823529,7.2,2026-05-07
USR-18777,Instant Foods(Noida),General B,HVLF,2026-04-17,9.9,7.2,2026-05-07
USR-113947,Instant Foods (SED),Paan B,HVLF,2026-02-21,7.5,7.7,2026-05-07
USR-18692,Instant Foods(Noida),General C,HVHF,2026-05-22,6.090909090909091,7.1,2026-05-07
USR-159783,Crossline Events (Meerut),General C,HVLF,2026-01-15,7.0,7.1,2026-05-07
USR-135314,Crossline Events (Meerut),General C,HVLF,2026-04-11,7.0,7.6,2026-05-07
USR-415,Crossline Events (Noida),General B,HVLF,2026-01-21,7.0,7.3,2026-05-07
USR-19005,Instant Foods(Noida),General A,HVLF,2026-02-13,8.333333333333334,7.3,2026-05-07
USR-136871,Crossline Events (Meerut),General B,HVLF,2026-03-12,7.0,7.1,2026-05-07
USR-19507,Instant Foods(Noida),General C,HVLF,2026-03-23,7.363636363636363,7.2,2026-05-07
USR-30999,Cross Line Events (EDelhi),Paan B,HVHF,2026-05-22,7.333333333333333,7.5,2026-05-07
USR-8241,Instant Foods(Noida),Paan B,HVHF,2026-05-26,8.125,7.9,2026-05-07
USR-130988,Crossline Events (Meerut),General B,HVLF,2026-03-25,7.454545454545454,7.2,2026-05-07
USR-114257,NB Enterprises (West Delhi),General A,HVLF,2026-02-21,7.0,7.5,2026-05-07
USR-114251,NB Enterprises (West Delhi),General A,HVLF,2026-01-27,7.0,7.5,2026-05-07
USR-19254,Instant Foods(Noida),General C,LVLF,2026-02-18,7.0,7.1,2026-05-07
USR-19237,Instant Foods(Noida),General C,HVLF,2026-03-25,7.7,7.8,2026-05-07
USR-3115,Instant Foods (GZB),Paan B,HVHF,2026-05-13,7.055555555555555,7.0,2026-05-07
USR-19152,Instant Foods(Noida),General C,HVLF,2026-02-13,7.0,7.3,2026-05-07
USR-19108,Instant Foods(Noida),General B,HVLF,2026-02-13,7.0,7.3,2026-05-07
USR-82923,NB Enterprises (West Delhi),Paan B,HVLF,2026-04-18,7.133333333333334,7.8,2026-05-07
USR-114138,NB Enterprises (West Delhi),General A,HVLF,2026-05-19,7.555555555555555,7.5,2026-05-07
USR-83441,NB Enterprises (West Delhi),Paan B,HVLF,2026-02-17,7.0,7.2,2026-05-07
USR-11411,Instant Foods (GZB),General B,HVLF,2026-01-22,7.0,7.6,2026-05-07
USR-19045,Instant Foods(Noida),Paan B,HVLF,2026-04-03,7.0,7.4,2026-05-07
USR-135819,Instant Foods (GZB),General A,HVLF,2026-01-23,7.0,7.7,2026-05-07
USR-114083,NB Enterprises (West Delhi),Paan B,HVLF,2026-05-22,7.722222222222222,7.8,2026-05-07
USR-19016,Instant Foods(Noida),Paan B,HVLF,2026-05-30,7.0,7.5,2026-05-07
USR-131061,Crossline Events (Meerut),General C,HVLF,2026-02-17,7.0,7.1,2026-05-07
USR-41523,Cross Line Events (EDelhi),Paan A,HVHF,2026-05-30,5.185185185185185,7.2,2026-05-07
USR-159707,Instant Foods(Noida),General C,HVLF,2026-04-01,15.333333333333334,7.2,2026-05-07
USR-8468,Instant Foods(Noida),Paan B,HVHF,2026-05-29,7.0,7.3,2026-05-07
USR-18638,Instant Foods(Noida),Paan B,HVLF,2026-02-27,7.0,7.1,2026-05-07
USR-112410,NB Enterprises (West Delhi),General B,HVLF,2026-03-13,9.333333333333334,7.9,2026-05-07
USR-40930,Cross Line Events (EDelhi),General A,HVLF,2026-04-01,7.0,7.3,2026-05-07
USR-181580,Maa Sharda(LKO),Paan C,HVLF,2026-05-31,7.0,7.0,2026-05-07
USR-181555,Maa Sharda(LKO),Paan C,HVLF,2026-05-31,7.0,7.0,2026-05-07
USR-135253,Crossline Events (Meerut),General A,HVHF,2026-05-29,7.0476190476190474,7.3,2026-05-07
USR-181376,Maa Sharda(LKO),Paan C,HVLF,2026-05-30,7.0,7.0,2026-05-07
USR-112408,NB Enterprises (West Delhi),General B,HVHF,2026-05-29,7.117647058823529,7.5,2026-05-07
USR-181344,Maa Sharda(LKO),Chemist B,HVLF,2026-05-30,7.0,7.1,2026-05-07
USR-8864,Instant Foods(Noida),General B,HVLF,2026-03-12,7.0,7.3,2026-05-07
USR-181240,Maa Sharda(LKO),Chemist B,HVLF,2026-05-30,7.0,7.1,2026-05-07
USR-112173,NB Enterprises (West Delhi),General A,HVLF,2026-05-04,7.3125,7.5,2026-05-07
USR-112161,NB Enterprises (West Delhi),General B,HVLF,2026-01-13,7.0,7.3,2026-05-07
USR-8966,Cross Line Events (EDelhi),General C,HVHF,2026-05-29,6.75,7.5,2026-05-07
USR-18118,Instant Foods (GZB),Paan A,HVLF,2026-05-26,7.0,7.2,2026-05-07
USR-181146,Maa Sharda(LKO),Paan B,HVLF,2026-05-30,7.0,7.0,2026-05-07
USR-181135,Maa Sharda(LKO),Paan B,LVLF,2026-05-30,7.0,7.0,2026-05-07
USR-181127,Instant Foods(Noida),Paan C,HVLF,2026-05-30,7.0,7.0,2026-05-07
USR-9019,Instant Foods (GZB),Paan A,HVHF,2026-05-30,4.774193548387097,7.3,2026-05-07
USR-160359,Instant Foods(Noida),General C,HVLF,2026-03-22,35.5,7.1,2026-05-07
USR-181056,Maa Sharda(LKO),General A,HVLF,2026-05-30,7.0,7.5,2026-05-07
USR-181051,Crossline Events (Meerut),General B,HVLF,2026-05-30,7.0,7.0,2026-05-07
USR-18250,Instant Foods (GZB),General C,HVLF,2026-05-29,17.125,7.1,2026-05-07
USR-13134,Cross Line Events (Ghaziabad),General C,HVLF,2026-02-20,7.0,7.2,2026-05-07
USR-160285,Instant Foods (SED),General B,HVLF,2026-04-08,7.888888888888889,7.5,2026-05-07
USR-112423,NB Enterprises (West Delhi),General B,HVLF,2026-02-12,7.0,7.1,2026-05-07
USR-113896,Instant Foods (SED),General B,HVLF,2026-05-14,8.0625,7.9,2026-05-07
USR-131390,Crossline Events (Meerut),General B,HVLF,2026-01-20,7.0,7.2,2026-05-07
USR-8527,Instant Foods(Noida),Paan B,HVLF,2026-01-30,7.0,7.8,2026-05-07
USR-113807,NB Enterprises (West Delhi),General B,LVLF,2026-01-21,7.0,7.3,2026-05-07
USR-160194,Crossline Events (Meerut),General B,HVLF,2026-05-27,7.777777777777778,7.7,2026-05-07
USR-160196,Crossline Events (Meerut),General C,HVLF,2026-05-27,7.777777777777778,7.7,2026-05-07
USR-85584,Instant Foods (SED),Paan B,HVLF,2026-01-20,7.0,7.3,2026-05-07
USR-113237,NB Enterprises (West Delhi),Paan A,HVLF,2026-02-18,7.0,7.2,2026-05-07
USR-131447,Crossline Events (Meerut),General B,HVLF,2026-05-26,7.0,7.2,2026-05-07
USR-113201,NB Enterprises (West Delhi),General B,HVLF,2026-03-14,7.0,7.4,2026-05-07
USR-18449,Instant Foods(Noida),General B,HVLF,2026-05-15,7.0,7.8,2026-05-07
USR-160203,Crossline Events (Meerut),General A,HVLF,2026-02-20,7.0,7.3,2026-05-07
USR-160204,Crossline Events (Meerut),General B,HVLF,2026-05-14,6.6,7.6,2026-05-07
USR-113048,NB Enterprises (West Delhi),General B,HVLF,2026-02-27,7.0,7.1,2026-05-07
USR-18373,Cross Line Events (Ghaziabad),General C,HVLF,2026-02-21,7.0,7.2,2026-05-07
USR-8684,Cross Line Events (EDelhi),Paan A,HVLF,2026-03-21,7.0,7.2,2026-05-07
USR-3258,Instant Foods (GZB),Paan B,HVLF,2026-02-12,7.0,7.0,2026-05-07
USR-32622,Cross Line Events (EDelhi),Paan B,HVLF,2026-05-25,7.0,7.0,2026-05-07
USR-410,Crossline Events (Noida),Paan A,HVLF,2026-05-24,6.3125,7.3,2026-05-07
USR-112481,NB Enterprises (West Delhi),General B,LVLF,2026-01-24,7.0,7.2,2026-05-07
USR-88019,Instant Foods (SED),Paan B,HVLF,2026-02-21,8.8,7.6,2026-05-07
USR-40995,Cross Line Events (EDelhi),General A,HVLF,2026-02-18,7.0,7.1,2026-05-07
USR-19516,Instant Foods(Noida),General B,HVLF,2026-04-18,8.25,7.5,2026-05-07
USR-159705,Instant Foods(Noida),General C,LVLF,2026-05-07,7.0,7.0,2026-05-07
USR-82140,NB Enterprises (West Delhi),General C,HVLF,2026-02-20,8.166666666666666,7.3,2026-05-07
USR-159419,Instant Foods(Noida),General B,HVLF,2026-03-24,7.0,7.3,2026-05-07
USR-21121,Instant Foods(Noida),General C,HVLF,2026-05-01,7.0,7.5,2026-05-07
USR-29913,Instant Foods(Noida),Paan A,HVLF,2026-02-16,7.0,7.1,2026-05-07
USR-76112,Instant Foods (SED),Paan B,HVLF,2026-03-24,7.6,7.4,2026-05-07
USR-21007,Instant Foods(Noida),General C,HVLF,2026-02-13,7.0,7.1,2026-05-07
USR-20998,Instant Foods(Noida),General C,HVLF,2026-04-28,7.0,7.7,2026-05-07
USR-159447,Instant Foods(Noida),General C,HVLF,2026-04-16,7.0,7.6,2026-05-07
USR-159454,Instant Foods(Noida),General C,HVHF,2026-05-21,7.368421052631579,7.6,2026-05-07
USR-76153,Instant Foods (SED),Paan B,HVLF,2026-05-14,7.470588235294118,7.8,2026-05-07
USR-140309,NB Enterprises (West Delhi),General A,HVLF,2026-03-05,13.75,7.7,2026-05-07
USR-20879,Instant Foods(Noida),General B,HVLF,2026-02-17,7.0,7.3,2026-05-07
USR-13052,Instant Foods (GZB),Chemist B,HVLF,2026-03-30,7.0,7.0,2026-05-07
USR-139045,NB Enterprises (West Delhi),Paan C,HVLF,2026-05-23,7.0,7.7,2026-05-07
USR-20820,Instant Foods(Noida),General A,HVLF,2026-02-20,7.0,7.4,2026-05-07
USR-20815,Instant Foods(Noida),General C,HVHF,2026-05-30,7.0,7.8,2026-05-07
USR-7714,Instant Foods (GZB),General A,HVLF,2026-02-24,7.0,7.3,2026-05-07
USR-208,Crossline Events (Noida),Paan B,HVLF,2026-04-16,8.0,7.9,2026-05-07
USR-11672,Cross Line Events (Ghaziabad),General C,HVLF,2026-02-23,11.333333333333334,7.7,2026-05-07
USR-116638,Crossline Events (Meerut),Paan B,LVLF,2026-02-20,7.0,7.0,2026-05-07
USR-159501,Instant Foods(Noida),General A,HVLF,2026-02-17,7.0,7.3,2026-05-07
USR-20630,Instant Foods(Noida),Paan B,HVLF,2026-03-31,10.5,7.9,2026-05-07
USR-159390,NB Enterprises (West Delhi),General A,HVLF,2026-04-21,24.0,7.5,2026-05-07
USR-7751,Instant Foods (GZB),Paan A,HVHF,2026-05-28,7.117647058823529,7.3,2026-05-07
USR-11748,Instant Foods (GZB),General B,HVLF,2026-04-11,7.0,7.5,2026-05-07
USR-159381,Crossline Events (Meerut),General A,HVHF,2026-05-29,7.3,7.5,2026-05-07
USR-2205,Instant Foods(Noida),General C,HVLF,2026-01-14,7.0,7.2,2026-05-07
USR-7211,Cross Line Events (Ghaziabad),General A,HVHF,2026-05-05,6.388888888888889,7.8,2026-05-07
USR-43062,Cross Line Events (EDelhi),General A,HVLF,2026-03-13,11.166666666666666,7.8,2026-05-07
USR-7229,Instant Foods (GZB),General B,HVLF,2026-03-03,7.0,7.0,2026-05-07
USR-144,Instant Foods(Noida),Paan B,HVHF,2026-05-27,7.3,7.2,2026-05-07
USR-21910,Instant Foods(Noida),General C,LVLF,2026-04-23,7.0,7.5,2026-05-07
USR-119268,Crossline Events (Meerut),General C,HVLF,2026-04-19,6.857142857142857,7.5,2026-05-07
USR-21780,Instant Foods(Noida),General A,HVLF,2026-01-12,7.0,7.1,2026-05-07
USR-130387,Crossline Events (Meerut),General B,HVLF,2026-05-14,7.0,7.6,2026-05-07
USR-742,Instant Foods(Noida),Paan B,HVLF,2026-03-16,7.0,7.2,2026-05-07
USR-118166,Crossline Events (Meerut),Paan B,HVLF,2026-01-12,7.0,7.0,2026-05-07
USR-142471,NB Enterprises (West Delhi),General A,HVLF,2026-03-03,8.0,7.8,2026-05-07
USR-159357,Instant Foods(Noida),General B,HVLF,2026-02-20,7.0,7.3,2026-05-07
USR-7456,Instant Foods (GZB),Paan B,HVHF,2026-05-30,4.766666666666667,7.2,2026-05-07
USR-21626,Instant Foods(Noida),Paan B,HVHF,2026-05-31,6.8,7.4,2026-05-07
USR-29890,Crossline Events (Noida),General A,HVHF,2026-05-18,7.0,7.0,2026-05-07
USR-1405,Crossline Events (Noida),Paan B,HVHF,2026-05-30,4.53125,7.9,2026-05-07
USR-1180,Crossline Events (Noida),Paan B,HVLF,2026-05-28,10.071428571428571,7.4,2026-05-07
USR-11789,Instant Foods (GZB),General A,HVLF,2026-03-02,6.444444444444445,7.7,2026-05-07
USR-2137,Crossline Events (Noida),Paan B,HVLF,2026-04-28,8.071428571428571,7.7,2026-05-07
USR-159372,Crossline Events (Meerut),General A,HVHF,2026-05-30,7.095238095238095,7.6,2026-05-07
USR-11764,Instant Foods (GZB),General B,HVLF,2026-03-03,7.0,7.0,2026-05-07
USR-130733,Crossline Events (Meerut),General C,HVLF,2026-04-02,7.0,7.6,2026-05-07
USR-206,Instant Foods(Noida),Paan B,LVLF,2026-02-13,7.0,7.3,2026-05-07
USR-138302,NB Enterprises (West Delhi),General C,HVHF,2026-05-29,7.684210526315789,7.7,2026-05-07
USR-4230,Cross Line Events (Ghaziabad),Paan B,HVHF,2026-05-08,6.888888888888889,7.2,2026-05-07
USR-130868,Crossline Events (Meerut),General A,HVLF,2026-01-22,7.0,7.5,2026-05-07
USR-41960,Cross Line Events (EDelhi),General A,HVLF,2026-03-23,7.0,7.0,2026-05-07
USR-137629,NB Enterprises (West Delhi),Paan C,HVHF,2026-05-16,6.65,7.1,2026-05-07
USR-114449,NB Enterprises (West Delhi),Paan B,HVLF,2026-05-02,7.0,7.2,2026-05-07
USR-19970,Instant Foods(Noida),General C,LVLF,2026-03-03,7.0,7.4,2026-05-07
USR-159671,Instant Foods (SED),Paan B,HVHF,2026-05-28,6.944444444444445,7.2,2026-05-07
USR-1992,Crossline Events (Noida),Paan B,HVLF,2026-03-16,7.0,7.1,2026-05-07
USR-19912,Instant Foods(Noida),Paan B,HVHF,2026-05-26,7.368421052631579,7.1,2026-05-07
USR-19836,Instant Foods(Noida),Paan B,HVLF,2026-03-30,7.0,7.1,2026-05-07
USR-1981,Instant Foods(Noida),General B,HVLF,2026-02-11,7.0,7.0,2026-05-07
USR-30660,Cross Line Events (EDelhi),Paan B,HVLF,2026-01-15,7.0,7.0,2026-05-07
USR-159690,Instant Foods(Noida),General B,HVLF,2026-04-15,7.0,7.7,2026-05-07
USR-159692,Instant Foods(Noida),Paan B,HVLF,2026-04-16,7.0,7.7,2026-05-07
USR-41850,Cross Line Events (Ghaziabad),General A,HVLF,2026-05-16,7.0,7.6,2026-05-07
USR-19693,Instant Foods(Noida),General C,HVHF,2026-05-25,8.0,7.0,2026-05-07
USR-1969,Instant Foods(Noida),Paan B,HVHF,2026-05-28,7.388888888888889,7.7,2026-05-07
USR-19645,Instant Foods(Noida),Paan B,HVLF,2026-02-28,7.0,7.4,2026-05-07
USR-159697,Instant Foods(Noida),Paan B,HVLF,2026-02-17,7.0,7.2,2026-05-07
USR-19554,Instant Foods(Noida),Paan B,HVLF,2026-04-21,6.8125,7.1,2026-05-07
USR-82126,NB Enterprises (West Delhi),Paan B,LVLF,2026-04-16,46.0,7.8,2026-05-07
USR-114544,NB Enterprises (West Delhi),General B,LVHF,2026-05-23,6.55,7.1,2026-05-07
USR-11455,Cross Line Events (Ghaziabad),Paan B,HVLF,2026-04-23,7.0,7.3,2026-05-07
USR-114624,NB Enterprises (West Delhi),Paan A,LVLF,2026-01-28,7.0,7.9,2026-05-07
USR-80700,Instant Foods (SED),General C,HVLF,2026-02-11,7.0,7.0,2026-05-07
USR-3018,Cross Line Events (Ghaziabad),General A,HVLF,2026-03-23,7.0,7.1,2026-05-07
USR-2059,Instant Foods(Noida),General C,HVLF,2026-04-14,7.0,7.7,2026-05-07
USR-11576,Instant Foods (GZB),General B,HVHF,2026-05-29,6.95,7.1,2026-05-07
USR-30295,Cross Line Events (EDelhi),Paan B,HVHF,2026-05-28,7.888888888888889,7.6,2026-05-07
USR-78157,NB Enterprises (West Delhi),Paan B,HVLF,2026-03-02,16.0,7.6,2026-05-07
USR-138202,NB Enterprises (West Delhi),General C,LVLF,2026-02-16,7.0,7.1,2026-05-07
USR-20464,Instant Foods(Noida),General C,HVLF,2026-03-02,7.0,7.0,2026-05-07
USR-11559,Cross Line Events (Ghaziabad),General B,HVLF,2026-02-17,7.0,7.1,2026-05-07
USR-20388,Instant Foods(Noida),General B,LVLF,2026-03-14,7.0,7.1,2026-05-07
USR-20383,Instant Foods(Noida),General A,LVLF,2026-03-14,7.0,7.1,2026-05-07
USR-29721,Crossline Events (Noida),Paan A,HVLF,2026-05-28,7.0,7.5,2026-05-07
USR-42565,Cross Line Events (EDelhi),General A,HVHF,2026-05-30,5.0,7.7,2026-05-07
USR-20282,Instant Foods(Noida),General C,HVLF,2026-05-26,7.0,7.4,2026-05-07
USR-138099,NB Enterprises (West Delhi),General C,HVLF,2026-05-20,7.666666666666667,7.7,2026-05-07
USR-80320,Instant Foods (SED),General C,HVLF,2026-04-28,7.0,7.7,2026-05-07
USR-42475,Cross Line Events (EDelhi),General A,HVLF,2026-05-08,7.0,7.0,2026-05-07
USR-42405,Cross Line Events (EDelhi),General A,HVLF,2026-04-15,7.0,7.4,2026-05-07
USR-8050,Instant Foods(Noida),Paan B,HVLF,2026-05-28,20.333333333333332,7.0,2026-05-07
USR-2011,Crossline Events (Noida),General B,HVLF,2026-01-31,7.0,7.6,2026-05-07
USR-80503,Instant Foods (SED),Paan B,HVLF,2026-02-27,7.0,7.1,2026-05-07
USR-159629,Instant Foods(Noida),General C,HVLF,2026-01-28,7.0,7.8,2026-05-07
USR-159635,Instant Foods(Noida),General C,HVLF,2026-05-28,8.5,7.7,2026-05-07
USR-20299,Instant Foods(Noida),General A,HVHF,2026-05-29,6.9523809523809526,7.9,2026-05-07
USR-17585,Instant Foods(Noida),General C,HVLF,2026-05-11,7.647058823529412,7.8,2026-05-07
USR-9993,Instant Foods (GZB),Chemist B,HVLF,2026-04-18,7.0,7.7,2026-05-07
USR-173164,Instant Foods (Mathura),General A,LVLF,2026-04-08,7.0,7.3,2026-05-07
USR-169079,Rapid Enterprises,General A,HVLF,2026-02-25,7.0,7.2,2026-05-07
USR-169095,Rapid Enterprises,General A,HVLF,2026-04-13,7.0,7.1,2026-05-07
USR-169128,Rapid Enterprises,General B,HVLF,2026-05-26,8.333333333333334,7.0,2026-05-07
USR-173156,Instant Foods (Mathura),Paan A,HVLF,2026-03-27,7.0,7.1,2026-05-07
USR-169163,Rapid Enterprises,General A,HVHF,2026-05-30,6.545454545454546,7.0,2026-05-07
USR-173110,Instant Foods (Mathura),General B,HVLF,2026-03-23,7.0,7.3,2026-05-07
USR-169226,Rapid Enterprises,Paan B,HVLF,2026-04-01,7.0,7.0,2026-05-07
USR-165933,Rapid Enterprises,General A,LVLF,2026-01-23,7.0,7.8,2026-05-07
USR-169229,Rapid Enterprises,Paan A,HVLF,2026-03-25,7.363636363636363,7.6,2026-05-07
USR-169249,Rapid Enterprises,Paan B,HVLF,2026-04-10,7.0,7.4,2026-05-07
USR-173077,Instant Foods (Mathura),General A,HVLF,2026-02-13,7.0,7.3,2026-05-07
USR-173075,Instant Foods (Mathura),General C,HVLF,2026-05-26,7.0,7.5,2026-05-07
USR-163249,Rapid Enterprises,General B,HVLF,2026-05-27,8.533333333333333,7.8,2026-05-07
USR-173061,Instant Foods (Mathura),General A,HVLF,2026-04-11,7.0,7.2,2026-05-07
USR-169304,Rapid Enterprises,General A,HVLF,2026-05-29,13.5,7.3,2026-05-07
USR-169075,Rapid Enterprises,General A,HVHF,2026-05-30,4.264705882352941,7.2,2026-05-07
USR-165314,Rapid Enterprises,General C,HVLF,2026-01-13,7.0,7.4,2026-05-07
USR-173172,Instant Foods (Mathura),General B,LVLF,2026-03-30,7.0,7.1,2026-05-07
USR-169064,Rapid Enterprises,General A,HVLF,2026-02-12,16.5,7.4,2026-05-07
USR-173315,Instant Foods (Mathura),General B,HVLF,2026-05-27,7.357142857142857,7.4,2026-05-07
USR-161894,Instant Foods(Noida),General C,HVLF,2026-03-27,6.75,7.0,2026-05-07
USR-173298,Instant Foods (Mathura),General B,HVLF,2026-05-04,7.0,7.0,2026-05-07
USR-168941,Rapid Enterprises,Paan C,LVLF,2026-01-22,7.0,7.2,2026-05-07
USR-173275,Instant Foods (Mathura),General A,HVLF,2026-03-21,7.0,7.5,2026-05-07
USR-168956,Rapid Enterprises,General B,HVLF,2026-04-21,7.0,7.1,2026-05-07
USR-165270,Rapid Enterprises,Paan C,HVLF,2026-01-14,7.0,7.4,2026-05-07
USR-169333,Rapid Enterprises,Paan C,HVHF,2026-05-23,8.058823529411764,7.9,2026-05-07
USR-168962,Rapid Enterprises,Paan B,HVLF,2026-04-22,7.0,7.6,2026-05-07
USR-173251,Instant Foods (Mathura),General B,HVLF,2026-05-28,11.2,7.3,2026-05-07
USR-165953,NB Enterprises (West Delhi),General B,HVLF,2026-05-02,7.0,7.2,2026-05-07
USR-173249,Instant Foods (Mathura),General B,HVLF,2026-05-29,7.0,7.6,2026-05-07
USR-163386,Rapid Enterprises,General B,LVLF,2026-01-02,7.0,7.0,2026-05-07
USR-168992,Rapid Enterprises,General A,HVLF,2026-04-22,7.0,7.7,2026-05-07
USR-168993,NB Enterprises (West Delhi),Paan B,HVLF,2026-04-21,7.785714285714286,7.9,2026-05-07
USR-161911,Rapid Enterprises,General B,HVHF,2026-05-27,8.4375,7.8,2026-05-07
USR-168979,Rapid Enterprises,Paan B,HVLF,2026-05-24,43.666666666666664,7.3,2026-05-07
USR-169344,Rapid Enterprises,General A,HVLF,2026-02-24,7.0,7.5,2026-05-07
USR-165910,Rapid Enterprises,General B,HVHF,2026-05-25,7.473684210526316,7.0,2026-05-07
USR-164729,Rapid Enterprises,General B,HVLF,2026-01-17,7.0,7.0,2026-05-07
USR-172968,Instant Foods (Mathura),General B,HVLF,2026-05-02,10.0,7.4,2026-05-07
USR-169716,Instant Foods (SED),Paan B,HVLF,2026-05-16,7.0,7.2,2026-05-07
USR-172961,Instant Foods (Mathura),General B,HVLF,2026-04-01,9.666666666666666,7.7,2026-05-07
USR-172956,Instant Foods (Mathura),General C,HVLF,2026-03-31,7.0,7.3,2026-05-07
USR-172952,Instant Foods (Mathura),General B,LVLF,2026-03-24,7.0,7.2,2026-05-07
USR-172951,Instant Foods (Mathura),General B,HVLF,2026-04-22,7.0,7.7,2026-05-07
USR-169734,Crossline Events (Noida),Paan B,HVHF,2026-05-30,7.0,7.5,2026-05-07
USR-163063,Rapid Enterprises,General B,LVLF,2026-03-19,7.0,7.3,2026-05-07
USR-163047,Cross Line Events (Ghaziabad),Paan B,HVLF,2026-03-24,8.0,7.7,2026-05-07
USR-172933,Instant Foods (Mathura),General B,HVLF,2026-03-26,7.0,7.0,2026-05-07
USR-169851,NB Enterprises (West Delhi),Paan B,HVLF,2026-03-09,8.0,7.6,2026-05-07
USR-172923,Instant Foods (Mathura),General B,HVLF,2026-05-16,7.0,7.9,2026-05-07
USR-172912,Instant Foods (Mathura),General B,HVLF,2026-02-27,7.0,7.2,2026-05-07
USR-162991,Rapid Enterprises,General B,LVLF,2026-03-25,7.0,7.0,2026-05-07
USR-161999,Rapid Enterprises,General A,HVLF,2026-05-29,7.5,7.3,2026-05-07
USR-162985,Rapid Enterprises,Paan B,LVLF,2026-01-14,7.0,7.3,2026-05-07
USR-169782,Rapid Enterprises,General A,LVLF,2026-01-02,7.0,7.0,2026-05-07
USR-161888,Rapid Enterprises,Paan B,HVLF,2026-05-17,7.0,7.2,2026-05-07
USR-172983,Instant Foods (Mathura),General B,HVLF,2026-03-31,7.0,7.3,2026-05-07
USR-161962,Rapid Enterprises,Chemist C,HVHF,2026-05-30,4.806451612903226,7.1,2026-05-07
USR-169404,Cross Line Events (Ghaziabad),General B,HVHF,2026-03-31,4.190476190476191,7.9,2026-05-07
USR-169410,Rapid Enterprises,General A,HVLF,2026-04-04,7.0,7.1,2026-05-07
USR-164734,Rapid Enterprises,General B,HVHF,2026-05-15,6.705882352941177,7.0,2026-05-07
USR-163162,Rapid Enterprises,General C,HVHF,2026-05-30,5.52,7.0,2026-05-07
USR-173030,Instant Foods (Mathura),General B,HVLF,2026-05-25,8.4,7.8,2026-05-07
USR-173027,Instant Foods (Mathura),General B,LVLF,2026-02-27,7.0,7.4,2026-05-07
USR-173018,Instant Foods (Mathura),General A,HVLF,2026-05-08,12.333333333333334,7.1,2026-05-07
USR-163088,Rapid Enterprises,General C,HVLF,2026-05-20,12.454545454545455,7.0,2026-05-07
USR-173000,Instant Foods (Mathura),General B,LVLF,2026-04-04,7.0,7.7,2026-05-07
USR-169536,Rapid Enterprises,General B,HVLF,2026-05-08,7.0,7.4,2026-05-07
USR-169537,Cross Line Events (Ghaziabad),Paan B,HVHF,2026-05-27,8.235294117647058,7.9,2026-05-07
USR-172993,Instant Foods (Mathura),General A,HVLF,2026-04-04,7.0,7.1,2026-05-07
USR-169549,Rapid Enterprises,General A,HVHF,2026-05-22,7.052631578947368,7.0,2026-05-07
USR-169554,Rapid Enterprises,General A,HVLF,2026-05-11,7.0,7.5,2026-05-07
USR-172989,Instant Foods (Mathura),General A,HVLF,2026-05-29,5.866666666666666,7.0,2026-05-07
USR-169583,Rapid Enterprises,General A,HVLF,2026-04-13,7.0,7.7,2026-05-07
USR-172997,Instant Foods (Mathura),General A,HVLF,2026-05-04,9.333333333333334,7.9,2026-05-07
USR-168881,Instant Foods (SED),Paan B,HVLF,2026-04-30,7.0,7.1,2026-05-07
USR-168875,Rapid Enterprises,General A,HVHF,2026-05-16,5.0,7.1,2026-05-07
USR-163443,Rapid Enterprises,Paan C,HVHF,2026-05-26,7.421052631578948,7.1,2026-05-07
USR-173911,Rapid Enterprises,General B,HVLF,2026-01-24,7.0,7.5,2026-05-07
USR-163721,Rapid Enterprises,Paan C,LVLF,2026-04-15,7.0,7.6,2026-05-07
USR-173861,Instant Foods (Mathura),Paan A,LVLF,2026-03-14,7.0,7.1,2026-05-07
USR-173824,Instant Foods (Mathura),General B,LVLF,2026-03-02,7.0,7.3,2026-05-07
USR-168225,Instant Foods (SED),General A,HVHF,2026-05-31,4.709677419354839,7.4,2026-05-07
USR-168297,Rapid Enterprises,General A,HVLF,2026-02-20,7.0,7.5,2026-05-07
USR-173792,Instant Foods (Mathura),General A,HVLF,2026-04-20,7.0,7.7,2026-05-07
USR-167991,Cross Line Events (EDelhi),Paan B,HVLF,2026-05-30,11.23076923076923,7.8,2026-05-07
USR-163662,Rapid Enterprises,General B,HVLF,2026-05-28,17.857142857142858,7.0,2026-05-07
USR-168335,Rapid Enterprises,General A,HVHF,2026-05-25,8.117647058823529,7.6,2026-05-07
USR-173775,Instant Foods (Mathura),Paan A,HVLF,2026-05-01,7.0,7.1,2026-05-07
USR-173760,Instant Foods (Mathura),General A,HVHF,2026-05-30,4.5625,7.0,2026-05-07
USR-166008,Rapid Enterprises,General C,HVLF,2026-05-04,7.0,7.0,2026-05-07
USR-161747,Rapid Enterprises,Paan A,HVHF,2026-05-23,5.071428571428571,7.8,2026-05-07
USR-173747,Instant Foods (Mathura),General B,HVLF,2026-05-22,7.0,7.2,2026-05-07
USR-173743,Instant Foods (Mathura),Paan A,HVLF,2026-04-04,7.0,7.1,2026-05-07
USR-168317,Rapid Enterprises,General A,LVLF,2026-02-18,7.0,7.2,2026-05-07
USR-161757,Rapid Enterprises,General B,HVLF,2026-01-12,7.0,7.3,2026-05-07
USR-173933,Instant Foods (Mathura),General C,HVLF,2026-04-04,7.0,7.1,2026-05-07
USR-173951,Instant Foods (Mathura),General A,HVLF,2026-05-30,7.777777777777778,7.9,2026-05-07
USR-174098,Instant Foods (Mathura),General B,HVLF,2026-05-15,7.0,7.3,2026-05-07
USR-174097,Instant Foods (Mathura),General B,HVLF,2026-04-10,7.0,7.4,2026-05-07
USR-174078,Instant Foods (Mathura),General A,HVLF,2026-04-08,7.0,7.2,2026-05-07
USR-163757,Rapid Enterprises,General B,HVLF,2026-02-12,7.0,7.3,2026-05-07
USR-167919,Rapid Enterprises,General B,HVLF,2026-02-28,7.0,7.6,2026-05-07
USR-174039,Instant Foods (Mathura),General B,HVLF,2026-03-27,7.5,7.3,2026-05-07
USR-174027,Instant Foods (Mathura),General B,HVLF,2026-04-08,7.0,7.2,2026-05-07
USR-173939,Instant Foods (Mathura),General B,HVLF,2026-04-25,7.0,7.6,2026-05-07
USR-174026,Instant Foods (Mathura),General B,HVLF,2026-05-01,7.0,7.0,2026-05-07
USR-163746,Rapid Enterprises,Paan B,LVLF,2026-04-01,7.0,7.4,2026-05-07
USR-163736,Rapid Enterprises,General B,HVLF,2026-04-13,7.0,7.7,2026-05-07
USR-167970,Rapid Enterprises,General B,HVLF,2026-04-01,7.0,7.5,2026-05-07
USR-166040,Rapid Enterprises,Paan B,HVLF,2026-01-16,7.0,7.4,2026-05-07
USR-173976,Instant Foods (Mathura),General A,HVLF,2026-03-27,7.0,7.1,2026-05-07
USR-167984,Rapid Enterprises,General B,LVLF,2026-01-22,7.0,7.6,2026-05-07
USR-161697,Rapid Enterprises,General B,HVLF,2026-04-06,22.5,7.7,2026-05-07
USR-174009,Instant Foods (Mathura),General B,HVLF,2026-05-27,8.5,7.6,2026-05-07
USR-165874,Rapid Enterprises,General C,HVHF,2026-05-25,7.411764705882353,7.1,2026-05-07
USR-168380,Rapid Enterprises,General A,HVLF,2026-01-20,7.0,7.4,2026-05-07
USR-173689,Instant Foods (Mathura),General B,HVLF,2026-05-20,8.2,7.8,2026-05-07
USR-173510,Instant Foods (Mathura),General B,HVLF,2026-04-21,7.0,7.1,2026-05-07
USR-173505,Instant Foods (Mathura),General A,HVLF,2026-05-11,6.857142857142857,7.0,2026-05-07
USR-168634,Rapid Enterprises,General A,HVLF,2026-04-25,7.0,7.6,2026-05-07
USR-173496,Instant Foods (Mathura),General A,HVLF,2026-04-22,7.0,7.1,2026-05-07
USR-173478,Instant Foods (Mathura),General B,HVLF,2026-05-26,17.0,7.5,2026-05-07
USR-168676,Instant Foods(Noida),Paan A,HVLF,2026-05-03,7.0,7.1,2026-05-07
USR-168689,Rapid Enterprises,General A,HVLF,2026-04-22,7.0,7.7,2026-05-07
USR-168556,Rapid Enterprises,General A,HVLF,2026-04-03,7.0,7.8,2026-05-07
USR-173442,Instant Foods (Mathura),General B,HVLF,2026-04-24,7.0,7.8,2026-05-07
USR-168762,Rapid Enterprises,General B,HVLF,2026-04-15,7.0,7.7,2026-05-07
USR-168781,Rapid Enterprises,General B,HVLF,2026-04-17,7.0,7.9,2026-05-07
USR-173407,Rapid Enterprises,General B,HVLF,2026-05-08,7.142857142857143,7.8,2026-05-07
USR-173397,Instant Foods (Mathura),General C,LVLF,2026-03-20,7.0,7.4,2026-05-07
USR-173394,Instant Foods (Mathura),General B,HVLF,2026-03-26,7.0,7.1,2026-05-07
USR-173381,Instant Foods (Mathura),General C,HVLF,2026-03-27,7.0,7.1,2026-05-07
USR-173350,Instant Foods (Mathura),General B,HVLF,2026-05-08,8.5,7.5,2026-05-07
USR-165974,Rapid Enterprises,General B,HVLF,2026-02-28,7.0,7.6,2026-05-07
USR-173705,Instant Foods (Mathura),Paan A,HVLF,2026-05-19,22.5,7.6,2026-05-07
USR-168530,Rapid Enterprises,General A,HVLF,2026-04-15,7.0,7.7,2026-05-07
USR-173567,Instant Foods (Mathura),General C,HVLF,2026-05-20,7.0,7.1,2026-05-07
USR-161759,Rapid Enterprises,General B,HVHF,2026-05-25,8.3125,7.8,2026-05-07
USR-16841,Instant Foods(Noida),Paan B,HVHF,2026-05-29,6.761904761904762,7.0,2026-05-07
USR-168417,Rapid Enterprises,General A,HVHF,2026-05-01,5.9,7.8,2026-05-07
USR-161785,Rapid Enterprises,Chemist B,HVLF,2026-05-29,7.7894736842105265,7.7,2026-05-07
USR-173647,Instant Foods (Mathura),General A,HVLF,2026-04-14,7.0,7.2,2026-05-07
USR-173642,Instant Foods (Mathura),General C,HVLF,2026-04-28,7.0,7.2,2026-05-07
USR-165216,Rapid Enterprises,General C,HVLF,2026-02-19,12.25,7.8,2026-05-07
USR-161855,Instant Foods (GZB),Paan C,HVLF,2026-05-23,7.0,7.6,2026-05-07
USR-168434,Rapid Enterprises,General A,HVLF,2026-05-20,18.142857142857142,7.6,2026-05-07
USR-165998,Instant Foods(Noida),General C,HVLF,2026-03-18,7.6,7.5,2026-05-07
USR-173618,Instant Foods (Mathura),General B,HVLF,2026-04-09,7.0,7.4,2026-05-07
USR-173611,Instant Foods (Mathura),Paan B,HVLF,2026-02-27,7.0,7.1,2026-05-07
USR-173608,Instant Foods (Mathura),General B,HVLF,2026-03-20,7.0,7.4,2026-05-07
USR-173580,Cross Line Events (Ghaziabad),Paan B,HVHF,2026-05-16,6.052631578947368,7.1,2026-05-07
USR-168512,Rapid Enterprises,General A,HVLF,2026-04-25,7.0,7.6,2026-05-07
USR-173571,Instant Foods (Mathura),General A,HVLF,2026-04-04,7.0,7.1,2026-05-07
USR-168444,Rapid Enterprises,Paan A,HVHF,2026-05-24,6.363636363636363,7.1,2026-05-07
USR-169903,Rapid Enterprises,General A,LVLF,2026-01-02,7.0,7.0,2026-05-07
USR-172852,Instant Foods (Mathura),General B,HVLF,2026-03-20,7.0,7.4,2026-05-07
USR-169933,Instant Foods (Mathura),Paan A,HVLF,2026-04-09,7.0,7.4,2026-05-07
USR-172299,Instant Foods (Mathura),General A,HVLF,2026-05-30,6.5,7.0,2026-05-07
USR-172294,Instant Foods (Mathura),General B,HVLF,2026-03-02,7.0,7.1,2026-05-07
USR-162118,Rapid Enterprises,General B,LVLF,2026-03-30,7.0,7.3,2026-05-07
USR-171365,Instant Foods (Mathura),General A,HVLF,2026-05-28,8.0,7.7,2026-05-07
USR-164904,Rapid Enterprises,General A,HVHF,2026-05-28,6.809523809523809,7.0,2026-05-07
USR-162120,Rapid Enterprises,General B,HVHF,2026-05-29,7.1,7.4,2026-05-07
USR-171370,NB Enterprises (West Delhi),Paan B,HVLF,2026-04-14,7.0,7.3,2026-05-07
USR-172300,Instant Foods (Mathura),General B,HVLF,2026-03-25,7.0,7.1,2026-05-07
USR-165668,Instant Foods(Noida),General A,HVLF,2026-01-31,7.0,7.5,2026-05-07
USR-171391,Instant Foods (Mathura),General B,HVLF,2026-04-28,7.0,7.2,2026-05-07
USR-171393,Rapid Enterprises,General C,HVLF,2026-03-29,7.0,7.0,2026-05-07
USR-172225,Instant Foods (Mathura),General A,HVLF,2026-03-27,7.0,7.1,2026-05-07
USR-172217,Cross Line Events (Ghaziabad),Paan A,HVHF,2026-05-30,4.0285714285714285,7.0,2026-05-07
USR-171408,Instant Foods (Mathura),Wholesaler,LVLF,2026-05-11,7.0,7.4,2026-05-07
USR-164826,Rapid Enterprises,General B,HVLF,2026-04-24,7.0,7.8,2026-05-07
USR-162402,Rapid Enterprises,Paan A,HVLF,2026-01-29,7.0,7.7,2026-05-07
USR-171390,Instant Foods (Mathura),General A,HVLF,2026-03-26,7.0,7.1,2026-05-07
USR-171455,Instant Foods (Mathura),General A,HVLF,2026-04-27,7.0,7.4,2026-05-07
USR-162455,Instant Foods(Noida),Paan B,HVLF,2026-05-27,8.928571428571429,7.3,2026-05-07
USR-171336,Rapid Enterprises,General B,HVLF,2026-01-24,7.0,7.5,2026-05-07
USR-171065,Instant Foods (Mathura),General A,HVLF,2026-03-30,7.0,7.1,2026-05-07
USR-172442,Instant Foods (Mathura),Paan A,HVLF,2026-04-29,7.0,7.1,2026-05-07
USR-171120,Instant Foods (Mathura),General B,HVLF,2026-05-28,11.444444444444445,7.7,2026-05-07
USR-172435,Instant Foods (Mathura),General B,HVLF,2026-04-28,7.0,7.2,2026-05-07
USR-171134,Instant Foods (Mathura),Chemist A,HVLF,2026-03-02,7.0,7.0,2026-05-07
USR-172417,Instant Foods (Mathura),Paan A,HVLF,2026-05-20,7.0,7.7,2026-05-07
USR-164815,Rapid Enterprises,Paan B,HVLF,2026-03-06,7.875,7.4,2026-05-07
USR-172323,Instant Foods (Mathura),General A,HVHF,2026-05-22,6.533333333333333,7.2,2026-05-07
USR-172366,Instant Foods (Mathura),General B,LVLF,2026-03-02,7.0,7.5,2026-05-07
USR-172352,Instant Foods (Mathura),General B,HVLF,2026-05-28,7.0,7.2,2026-05-07
USR-172336,Instant Foods (Mathura),General A,HVLF,2026-04-30,7.0,7.6,2026-05-07
USR-172333,Instant Foods (Mathura),General A,HVLF,2026-04-15,7.0,7.8,2026-05-07
USR-171303,Crossline Events (Noida),General A,HVHF,2026-05-20,7.2631578947368425,7.2,2026-05-07
USR-171314,Rapid Enterprises,General B,HVLF,2026-05-11,7.166666666666667,7.2,2026-05-07
USR-162466,Crossline Events (Meerut),General C,HVLF,2026-05-21,7.0,7.5,2026-05-07
USR-171333,Instant Foods (Mathura),General A,HVLF,2026-03-20,7.0,7.4,2026-05-07
USR-171217,Instant Foods (Mathura),General A,HVLF,2026-02-12,7.0,7.2,2026-05-07
USR-172448,Instant Foods (Mathura),Paan A,HVLF,2026-04-01,7.0,7.4,2026-05-07
USR-162384,Instant Foods (GZB),Paan C,HVLF,2026-04-20,7.0,7.3,2026-05-07
USR-171481,Instant Foods (Mathura),General B,HVLF,2026-03-25,7.0,7.1,2026-05-07
USR-171765,Instant Foods (Mathura),General A,HVLF,2026-05-27,9.875,7.6,2026-05-07
USR-172082,Instant Foods (Mathura),General B,LVLF,2026-03-03,7.0,7.5,2026-05-07
USR-171785,Instant Foods (Mathura),General C,HVLF,2026-05-30,7.0,7.2,2026-05-07
USR-172051,Instant Foods (Mathura),General C,HVLF,2026-05-02,7.0,7.8,2026-05-07
USR-162274,Rapid Enterprises,General A,HVLF,2026-02-22,7.0,7.0,2026-05-07
USR-171831,Instant Foods (Mathura),General B,LVLF,2026-02-13,7.0,7.3,2026-05-07
USR-171842,Rapid Enterprises,General B,HVLF,2026-01-21,7.5,7.1,2026-05-07
USR-171746,Instant Foods (Mathura),General A,HVLF,2026-05-02,8.0,7.4,2026-05-07
USR-162266,Rapid Enterprises,Paan B,HVHF,2026-05-29,7.882352941176471,7.9,2026-05-07
USR-172040,Instant Foods (Mathura),General C,HVLF,2026-05-28,7.0,7.4,2026-05-07
USR-165567,Rapid Enterprises,Paan B,HVLF,2026-04-13,6.466666666666667,7.4,2026-05-07
USR-172013,Instant Foods (Mathura),General B,HVLF,2026-03-03,7.0,7.1,2026-05-07
USR-165543,Rapid Enterprises,General B,HVLF,2026-05-11,8.375,7.9,2026-05-07
USR-165537,Rapid Enterprises,General B,HVLF,2026-01-31,7.0,7.7,2026-05-07
USR-171940,Instant Foods (Mathura),General B,HVLF,2026-05-05,8.0,7.9,2026-05-07
USR-162245,Rapid Enterprises,General A,HVLF,2026-03-21,7.0,7.2,2026-05-07
USR-162263,Rapid Enterprises,General C,HVLF,2026-02-24,6.714285714285714,7.6,2026-05-07
USR-172184,Instant Foods (Mathura),Paan A,HVLF,2026-05-30,6.642857142857143,7.6,2026-05-07
USR-171718,Instant Foods (Mathura),General A,HVLF,2026-03-03,7.0,7.1,2026-05-07
USR-171710,Instant Foods (Mathura),General A,LVLF,2026-03-23,7.0,7.2,2026-05-07
USR-172182,Instant Foods (Mathura),Paan A,HVLF,2026-05-30,9.090909090909092,7.4,2026-05-07
USR-162352,Rapid Enterprises,General B,LVLF,2026-01-12,7.0,7.3,2026-05-07
USR-171549,Instant Foods (Mathura),General B,HVLF,2026-05-14,7.0,7.2,2026-05-07
USR-171561,Instant Foods (Mathura),Paan A,HVLF,2026-05-28,9.533333333333333,7.1,2026-05-07
USR-162340,NB Enterprises (West Delhi),General B,HVLF,2026-02-11,7.0,7.0,2026-05-07
USR-171579,Instant Foods (Mathura),General A,HVLF,2026-04-02,7.0,7.7,2026-05-07
USR-171597,Instant Foods (Mathura),Paan A,HVLF,2026-02-12,7.0,7.2,2026-05-07
USR-172093,Instant Foods (Mathura),General B,HVLF,2026-05-21,7.9,7.6,2026-05-07
USR-164881,Rapid Enterprises,Paan A,HVLF,2026-05-13,7.111111111111111,7.5,2026-05-07
USR-172151,Rapid Enterprises,General B,HVLF,2026-01-22,7.0,7.2,2026-05-07
USR-172140,Instant Foods (Mathura),Paan A,HVLF,2026-02-13,7.0,7.3,2026-05-07
USR-171655,Instant Foods (Mathura),General A,HVLF,2026-04-20,7.0,7.1,2026-05-07
USR-165522,Rapid Enterprises,General B,HVLF,2026-01-29,7.0,7.7,2026-05-07
USR-162316,Rapid Enterprises,General C,HVHF,2026-05-30,5.5,7.0,2026-05-07
USR-164885,Rapid Enterprises,Paan A,HVLF,2026-05-28,8.555555555555555,7.3,2026-05-07
USR-162303,Rapid Enterprises,General C,LVLF,2026-04-07,7.0,7.0,2026-05-07
USR-162182,Rapid Enterprises,General B,HVLF,2026-05-20,7.0,7.6,2026-05-07
USR-174106,Instant Foods (Mathura),General B,HVLF,2026-02-13,7.0,7.3,2026-05-07
USR-17103,Crossline Events (Noida),Paan B,HVLF,2026-04-20,7.0,7.4,2026-05-07
USR-171007,Instant Foods (Mathura),General B,HVLF,2026-04-08,7.0,7.2,2026-05-07
USR-170270,Instant Foods (GZB),General B,HVHF,2026-05-30,6.7727272727272725,7.4,2026-05-07
USR-170273,Rapid Enterprises,General B,HVLF,2026-04-02,7.0,7.2,2026-05-07
USR-170275,Instant Foods (SED),Paan B,HVLF,2026-05-06,9.2,7.7,2026-05-07
USR-162761,Crossline Events (Meerut),General B,HVLF,2026-02-17,7.0,7.1,2026-05-07
USR-170332,NB Enterprises (West Delhi),Paan A,HVLF,2026-04-22,6.111111111111111,7.0,2026-05-07
USR-170361,Instant Foods (Mathura),Paan A,HVLF,2026-05-14,7.0,7.8,2026-05-07
USR-164792,Rapid Enterprises,General B,HVLF,2026-04-02,7.166666666666667,7.1,2026-05-07
USR-162038,Instant Foods (GZB),Paan C,HVLF,2026-03-23,12.333333333333334,7.3,2026-05-07
USR-170426,Instant Foods (Mathura),Chemist A,HVLF,2026-05-21,21.0,7.9,2026-05-07
USR-162711,Instant Foods(Noida),Paan B,HVLF,2026-02-17,7.0,7.2,2026-05-07
USR-170483,Instant Foods (Mathura),General A,HVLF,2026-04-22,7.0,7.1,2026-05-07
USR-170502,Instant Foods (Mathura),General B,HVLF,2026-04-04,7.0,7.1,2026-05-07
USR-162709,NB Enterprises (West Delhi),Paan B,HVLF,2026-05-11,7.0,7.4,2026-05-07
USR-162703,Rapid Enterprises,General C,HVLF,2026-05-18,7.0,7.1,2026-05-07
USR-170546,Instant Foods (Mathura),Paan A,HVLF,2026-05-18,7.0,7.0,2026-05-07
USR-162080,Rapid Enterprises,Paan B,HVLF,2026-01-23,7.0,7.3,2026-05-07
USR-170444,Rapid Enterprises,Paan C,HVLF,2026-01-22,7.0,7.2,2026-05-07
USR-162700,Rapid Enterprises,General C,HVHF,2026-05-29,7.3,7.5,2026-05-07
USR-170225,Instant Foods (Mathura),General A,HVLF,2026-04-28,10.428571428571429,7.6,2026-05-07
USR-170207,Instant Foods (Mathura),Paan B,HVLF,2026-05-02,7.0,7.4,2026-05-07
USR-172845,Instant Foods (Mathura),General B,HVLF,2026-04-28,7.0,7.8,2026-05-07
USR-172844,Instant Foods (Mathura),General B,HVLF,2026-04-01,7.0,7.4,2026-05-07
USR-162940,Rapid Enterprises,Paan C,HVLF,2026-03-18,7.0,7.4,2026-05-07
USR-162897,Rapid Enterprises,General B,LVLF,2026-01-03,7.0,7.0,2026-05-07
USR-169987,Crossline Events (Noida),Paan B,HVHF,2026-05-30,5.882352941176471,7.2,2026-05-07
USR-162873,Rapid Enterprises,General C,HVHF,2026-05-27,7.421052631578948,7.2,2026-05-07
USR-162870,Rapid Enterprises,General C,HVLF,2026-04-22,6.833333333333333,7.0,2026-05-07
USR-172770,Instant Foods (Mathura),General A,HVLF,2026-05-28,7.0,7.9,2026-05-07
USR-170013,Rapid Enterprises,General B,HVLF,2026-02-14,9.5,7.8,2026-05-07
USR-170084,Instant Foods (Mathura),General A,HVLF,2026-03-13,7.0,7.5,2026-05-07
USR-164780,Rapid Enterprises,General A,HVHF,2026-05-29,6.7,7.1,2026-05-07
USR-172787,Instant Foods (Mathura),General A,HVLF,2026-02-17,7.0,7.3,2026-05-07
USR-162823,Rapid Enterprises,Paan A,LVLF,2026-01-14,7.0,7.3,2026-05-07
USR-164783,Rapid Enterprises,Paan A,HVLF,2026-04-24,7.0,7.8,2026-05-07
USR-170174,Instant Foods (Mathura),General A,HVLF,2026-02-27,7.0,7.2,2026-05-07
USR-162808,Rapid Enterprises,Paan C,HVHF,2026-05-29,7.222222222222222,7.5,2026-05-07
USR-172798,Instant Foods (Mathura),General A,HVLF,2026-05-30,6.818181818181818,7.3,2026-05-07
USR-162573,Instant Foods (SED),Paan B,HVHF,2026-05-26,7.578947368421052,7.3,2026-05-07
USR-172693,Instant Foods (Mathura),Paan A,HVLF,2026-03-25,7.0,7.1,2026-05-07
USR-170686,Instant Foods (Mathura),General B,HVLF,2026-05-25,11.0,7.7,2026-05-07
USR-172503,Instant Foods (Mathura),General B,HVLF,2026-03-26,9.0,7.6,2026-05-07
USR-172497,Instant Foods (Mathura),General B,HVLF,2026-03-27,7.0,7.1,2026-05-07
USR-170920,Instant Foods (Mathura),General B,HVLF,2026-05-25,19.857142857142858,7.5,2026-05-07
USR-170921,Instant Foods (Mathura),General A,HVLF,2026-02-13,7.0,7.3,2026-05-07
USR-162105,NB Enterprises (West Delhi),Paan B,HVLF,2026-01-31,7.0,7.5,2026-05-07
USR-172485,Instant Foods (Mathura),Paan A,HVLF,2026-03-20,7.0,7.4,2026-05-07
USR-165697,Rapid Enterprises,Paan C,HVLF,2026-05-16,7.0,7.2,2026-05-07
USR-170888,Instant Foods (Mathura),Paan A,HVLF,2026-03-20,7.0,7.4,2026-05-07
USR-165466,Rapid Enterprises,General C,HVLF,2026-02-17,7.0,7.3,2026-05-07
USR-170955,Instant Foods (Mathura),General B,HVLF,2026-05-21,7.0,7.7,2026-05-07
USR-172479,Instant Foods (Mathura),General B,HVLF,2026-05-30,6.4,7.8,2026-05-07
USR-172475,Instant Foods (Mathura),Paan A,HVLF,2026-04-11,7.0,7.8,2026-05-07
USR-172470,Instant Foods (Mathura),Paan A,HVLF,2026-05-29,7.0,7.8,2026-05-07
USR-165684,Instant Foods (GZB),Paan B,HVHF,2026-05-22,8.058823529411764,7.6,2026-05-07
USR-170980,Instant Foods (Mathura),General A,HVLF,2026-05-26,7.333333333333333,7.2,2026-05-07
USR-162589,Rapid Enterprises,General A,HVLF,2026-05-06,8.5,7.0,2026-05-07
USR-170942,Instant Foods (Mathura),Paan A,HVLF,2026-05-13,12.9,7.4,2026-05-07
USR-170623,Instant Foods (Mathura),General A,HVLF,2026-04-23,7.0,7.7,2026-05-07
USR-172511,Instant Foods (Mathura),General B,HVLF,2026-05-02,7.0,7.8,2026-05-07
USR-172539,Instant Foods (Mathura),General A,HVLF,2026-04-10,7.0,7.4,2026-05-07
USR-172687,Instant Foods (Mathura),Paan A,HVLF,2026-03-14,7.0,7.4,2026-05-07
USR-162691,Rapid Enterprises,General B,HVLF,2026-01-29,7.0,7.7,2026-05-07
USR-170723,Instant Foods (Mathura),General A,HVLF,2026-03-24,7.0,7.4,2026-05-07
USR-172654,Instant Foods (Mathura),General B,HVLF,2026-03-21,7.0,7.0,2026-05-07
USR-170740,Rapid Enterprises,General B,LVLF,2026-01-03,7.0,7.4,2026-05-07
USR-170747,Instant Foods (Mathura),General A,HVLF,2026-03-30,7.0,7.1,2026-05-07
USR-170772,Instant Foods (Mathura),General C,LVLF,2026-03-03,7.0,7.5,2026-05-07
USR-172538,Instant Foods (Mathura),General A,HVLF,2026-05-19,8.6,7.8,2026-05-07
USR-172610,Instant Foods (Mathura),General B,HVLF,2026-03-13,7.0,7.5,2026-05-07
USR-172591,Instant Foods (Mathura),Paan A,HVLF,2026-05-27,11.11111111111111,7.8,2026-05-07
USR-172589,Crossline Events (Meerut),General C,HVLF,2026-01-24,7.0,7.1,2026-05-07
USR-172577,Instant Foods (Mathura),General B,HVLF,2026-04-15,7.0,7.8,2026-05-07
USR-170782,Instant Foods (Mathura),General A,LVLF,2026-03-02,7.0,7.5,2026-05-07
USR-170799,Instant Foods (Mathura),General A,HVLF,2026-02-27,7.0,7.2,2026-05-07
USR-170812,Rapid Enterprises,Paan A,LVLF,2026-01-03,7.0,7.4,2026-05-07
USR-162626,Instant Foods (GZB),General B,HVLF,2026-05-27,8.0,7.3,2026-05-07
USR-17261,Instant Foods (GZB),Paan B,HVLF,2026-01-29,7.0,7.1,2026-05-07
USR-174131,Instant Foods (Mathura),General A,HVLF,2026-05-08,7.0,7.4,2026-05-07
USR-162229,Rapid Enterprises,Paan B,LVLF,2026-02-18,7.0,7.2,2026-05-07
USR-166105,Rapid Enterprises,Paan B,HVLF,2026-02-06,10.333333333333334,7.0,2026-05-07
USR-161544,NB Enterprises (West Delhi),Paan B,HVLF,2026-03-27,8.0,7.7,2026-05-07
USR-166940,Rapid Enterprises,General B,HVLF,2026-04-15,7.0,7.1,2026-05-07
USR-163871,Rapid Enterprises,Paan A,HVLF,2026-05-29,9.0625,7.5,2026-05-07
USR-166627,Rapid Enterprises,General B,HVLF,2026-05-01,7.0,7.8,2026-05-07
USR-175239,Instant Foods (Mathura),General B,HVLF,2026-04-08,7.0,7.2,2026-05-07
USR-175701,Instant Foods(Noida),Paan A,HVLF,2026-04-01,11.0,7.6,2026-05-07
USR-161506,Instant Foods(Noida),Wholesaler,HVLF,2026-05-22,23.25,7.0,2026-05-07
USR-166977,Rapid Enterprises,General B,HVLF,2026-04-22,7.0,7.7,2026-05-07
USR-165084,Rapid Enterprises,General A,HVLF,2026-02-18,7.0,7.4,2026-05-07
USR-164569,Rapid Enterprises,General C,HVLF,2026-04-01,7.0,7.5,2026-05-07
USR-167519,Rapid Enterprises,Paan C,HVLF,2026-01-29,7.0,7.6,2026-05-07
USR-174302,Instant Foods (Mathura),General A,HVLF,2026-05-13,7.0,7.2,2026-05-07
USR-174301,Instant Foods (Mathura),Paan B,HVLF,2026-04-02,7.0,7.3,2026-05-07
USR-175565,Instant Foods (Mathura),General A,HVLF,2026-05-26,7.916666666666667,7.8,2026-05-07
USR-175396,Rapid Enterprises,General C,HVLF,2026-04-17,7.0,7.3,2026-05-07
USR-165026,Rapid Enterprises,General B,HVLF,2026-02-21,7.0,7.0,2026-05-07
USR-164225,Rapid Enterprises,General C,LVLF,2026-03-13,7.0,7.6,2026-05-07
USR-174283,Instant Foods (Mathura),General B,HVLF,2026-05-05,8.833333333333334,7.6,2026-05-07
USR-166172,Instant Foods(Noida),Paan C,HVLF,2026-02-28,9.25,7.6,2026-05-07
USR-164439,Rapid Enterprises,General A,HVLF,2026-02-17,12.333333333333334,7.5,2026-05-07
USR-167543,Rapid Enterprises,Paan A,LVLF,2026-04-27,7.0,7.1,2026-05-07
USR-166753,Rapid Enterprises,General A,HVHF,2026-05-29,6.857142857142857,7.2,2026-05-07
USR-161408,Instant Foods(Noida),Paan B,HVLF,2026-04-17,6.176470588235294,7.0,2026-05-07
USR-167396,NB Enterprises (West Delhi),Paan B,HVHF,2026-05-12,7.0,7.0,2026-05-07
USR-167365,Instant Foods(Noida),Paan A,HVLF,2026-05-23,7.0,7.9,2026-05-07
USR-167000,Rapid Enterprises,General B,HVLF,2026-05-25,20.0,7.8,2026-05-07
USR-161547,Instant Foods (GZB),Paan C,HVHF,2026-05-31,7.45,7.8,2026-05-07
USR-163820,Rapid Enterprises,General B,HVLF,2026-05-27,7.615384615384615,7.3,2026-05-07
USR-167130,Rapid Enterprises,General B,HVLF,2026-01-12,8.0,7.6,2026-05-07
USR-167391,Instant Foods(Noida),Paan C,HVLF,2026-05-16,7.0,7.1,2026-05-07
USR-166508,Rapid Enterprises,General A,HVLF,2026-01-13,8.0,7.8,2026-05-07
USR-175522,Rapid Enterprises,General B,HVLF,2026-02-24,7.0,7.2,2026-05-07
USR-161576,Instant Foods (GZB),Paan C,HVHF,2026-05-23,7.2631578947368425,7.3,2026-05-07
USR-174779,Instant Foods (Mathura),General B,HVLF,2026-03-25,7.0,7.1,2026-05-07
USR-167411,Rapid Enterprises,General B,HVLF,2026-02-16,7.0,7.2,2026-05-07
USR-166488,Rapid Enterprises,General B,LVLF,2026-01-22,7.0,7.6,2026-05-07
USR-164491,Rapid Enterprises,General A,HVLF,2026-01-24,7.0,7.5,2026-05-07
USR-175352,Instant Foods (Mathura),General B,HVLF,2026-05-21,7.461538461538462,7.8,2026-05-07
USR-164383,Rapid Enterprises,General B,HVLF,2026-01-19,7.0,7.4,2026-05-07
USR-167412,Rapid Enterprises,General B,HVHF,2026-05-21,8.0,7.8,2026-05-07
USR-163925,Rapid Enterprises,General A,HVLF,2026-02-20,7.0,7.5,2026-05-07
USR-166855,Rapid Enterprises,General B,HVHF,2026-05-30,6.260869565217392,7.0,2026-05-07
USR-174515,Rapid Enterprises,General B,HVLF,2026-01-29,7.0,7.7,2026-05-07
USR-164593,Rapid Enterprises,General A,HVLF,2026-02-12,7.0,7.3,2026-05-07
USR-167200,Rapid Enterprises,General B,HVLF,2026-04-30,7.0,7.6,2026-05-07
USR-174461,Instant Foods (Mathura),General B,LVLF,2026-02-27,7.0,7.4,2026-05-07
USR-166859,Rapid Enterprises,General B,HVLF,2026-03-25,7.0,7.1,2026-05-07
USR-174790,Instant Foods (Mathura),Paan A,HVLF,2026-05-01,7.0,7.1,2026-05-07
USR-164599,Rapid Enterprises,Paan A,HVLF,2026-04-13,7.0,7.7,2026-05-07
USR-166247,Instant Foods (GZB),Paan B,HVLF,2026-01-29,7.0,7.1,2026-05-07
USR-166135,Rapid Enterprises,General B,HVLF,2026-03-11,7.666666666666667,7.4,2026-05-07
USR-174752,Instant Foods (Mathura),General B,HVLF,2026-02-27,7.0,7.2,2026-05-07
USR-163878,Rapid Enterprises,General A,HVHF,2026-05-22,7.052631578947368,7.0,2026-05-07
USR-174424,Instant Foods (Mathura),General A,HVLF,2026-02-13,7.0,7.3,2026-05-07
USR-164293,Rapid Enterprises,General C,HVLF,2026-04-15,7.0,7.1,2026-05-07
USR-166947,Rapid Enterprises,General B,HVLF,2026-02-24,8.8,7.6,2026-05-07
USR-174408,Rapid Enterprises,General B,HVLF,2026-05-09,7.0,7.0,2026-05-07
USR-164142,Rapid Enterprises,General B,LVLF,2026-04-01,7.0,7.4,2026-05-07
USR-166285,Rapid Enterprises,General B,HVLF,2026-05-04,7.571428571428571,7.7,2026-05-07
USR-163992,Rapid Enterprises,General C,HVLF,2026-05-14,7.666666666666667,7.8,2026-05-07
USR-175375,Instant Foods(Noida),Paan B,HVLF,2026-05-30,7.0,7.0,2026-05-07
USR-174392,Rapid Enterprises,General A,HVLF,2026-05-26,7.615384615384615,7.2,2026-05-07
USR-164365,Rapid Enterprises,General B,HVHF,2026-05-30,7.631578947368421,7.9,2026-05-07
USR-166747,Rapid Enterprises,General B,HVHF,2026-05-26,7.944444444444445,7.2,2026-05-07
USR-174269,Instant Foods (Mathura),General A,HVLF,2026-05-27,7.571428571428571,7.6,2026-05-07
USR-167209,Rapid Enterprises,Paan B,HVLF,2026-05-28,11.916666666666666,7.9,2026-05-07
USR-163759,Rapid Enterprises,General B,HVHF,2026-05-08,6.833333333333333,7.0,2026-05-07
USR-174243,Instant Foods (Mathura),General B,HVLF,2026-03-02,7.0,7.1,2026-05-07
USR-164514,Rapid Enterprises,General B,HVLF,2026-05-22,37.333333333333336,7.9,2026-05-07
USR-165083,Rapid Enterprises,General A,HVLF,2026-01-22,7.0,7.2,2026-05-07
USR-174225,Instant Foods (Mathura),General A,HVHF,2026-05-30,6.625,7.2,2026-05-07
USR-161606,Cross Line Events (Ghaziabad),Paan B,HVLF,2026-05-22,7.421052631578948,7.4,2026-05-07
USR-166900,Rapid Enterprises,General B,HVLF,2026-01-20,7.0,7.4,2026-05-07
USR-174156,Instant Foods (Mathura),General B,HVLF,2026-02-13,7.0,7.3,2026-05-07
USR-174643,Instant Foods (Mathura),Paan A,HVLF,2026-05-18,7.0,7.1,2026-05-07
USR-166528,Rapid Enterprises,General C,LVLF,2026-01-13,7.0,7.3,2026-05-07
USR-166434,Rapid Enterprises,General A,HVHF,2026-05-30,5.103448275862069,7.6,2026-05-07
USR-174647,Instant Foods (Mathura),General B,HVLF,2026-04-29,7.0,7.6,2026-05-07
USR-164070,Rapid Enterprises,Paan A,HVLF,2026-03-13,7.0,7.5,2026-05-07
USR-167078,Rapid Enterprises,General B,HVLF,2026-01-21,7.0,7.0,2026-05-07
USR-166555,Rapid Enterprises,General B,HVLF,2026-04-11,7.0,7.2,2026-05-07
USR-166914,Rapid Enterprises,General B,HVLF,2026-05-28,14.0,7.4,2026-05-07
USR-167767,Rapid Enterprises,General B,HVLF,2026-02-20,7.0,7.5,2026-05-07
USR-166561,Rapid Enterprises,General C,HVLF,2026-02-28,7.0,7.6,2026-05-07
USR-174188,Instant Foods (Mathura),Paan B,LVLF,2026-03-07,7.0,7.0,2026-05-07
USR-174181,Instant Foods (Mathura),General B,LVLF,2026-03-24,7.0,7.2,2026-05-07
USR-166187,Rapid Enterprises,Paan C,HVLF,2026-05-11,7.866666666666666,7.6,2026-05-07
USR-161490,Instant Foods(Noida),Paan B,HVLF,2026-03-18,28.0,7.9,2026-05-07
USR-174172,Instant Foods (Mathura),General B,HVLF,2026-05-29,6.625,7.4,2026-05-07
USR-167762,Rapid Enterprises,General B,HVLF,2026-05-28,7.0,7.7,2026-05-07
USR-175089,Instant Foods (Mathura),General B,HVLF,2026-05-29,7.125,7.9,2026-05-07
USR-164051,Rapid Enterprises,Paan B,HVLF,2026-04-26,6.705882352941177,7.6,2026-05-07
USR-163798,Rapid Enterprises,Paan B,HVHF,2026-05-09,6.833333333333333,7.2,2026-05-07
USR-17463,Instant Foods (GZB),Paan B,HVLF,2026-05-20,16.75,7.2,2026-05-07
USR-175445,Instant Foods(Noida),Paan B,HVLF,2026-05-25,6.8,7.1,2026-05-07
USR-166742,Rapid Enterprises,General B,HVHF,2026-05-15,6.833333333333333,7.0,2026-05-07
USR-175570,Instant Foods (Mathura),General B,HVLF,2026-05-28,6.785714285714286,7.2,2026-05-07
USR-175675,Instant Foods (Mathura),General B,HVLF,2026-03-25,11.333333333333334,7.7,2026-05-07
USR-166227,Rapid Enterprises,General C,HVLF,2026-05-11,7.0,7.5,2026-05-07
USR-17576,Instant Foods (GZB),General A,HVLF,2026-03-06,14.0,7.1,2026-05-07
USR-166709,Rapid Enterprises,General B,HVLF,2026-05-23,7.0,7.9,2026-05-07
USR-174596,Rapid Enterprises,General B,HVLF,2026-03-07,12.0,7.8,2026-05-07
USR-167036,Rapid Enterprises,General B,HVHF,2026-05-30,7.055555555555555,7.5,2026-05-07
USR-175312,Instant Foods (Mathura),Paan B,HVLF,2026-03-27,7.0,7.0,2026-05-07
USR-163906,Rapid Enterprises,General C,HVLF,2026-05-25,12.166666666666666,7.6,2026-05-07
USR-174958,Instant Foods (Mathura),General B,HVLF,2026-03-23,11.666666666666666,7.7,2026-05-07
USR-166684,Rapid Enterprises,General A,HVLF,2026-05-20,8.1875,7.9,2026-05-07
USR-167032,Rapid Enterprises,General B,HVHF,2026-05-14,6.7368421052631575,7.0,2026-05-07
USR-174729,Instant Foods (Mathura),General A,HVLF,2026-05-20,7.0,7.1,2026-05-07
USR-167097,Rapid Enterprises,Paan B,HVLF,2026-04-30,7.0,7.6,2026-05-07
USR-165025,Rapid Enterprises,General B,HVLF,2026-01-28,7.0,7.3,2026-05-07
USR-164026,Rapid Enterprises,General B,HVLF,2026-04-08,7.0,7.2,2026-05-07
USR-165040,Rapid Enterprises,General A,HVLF,2026-04-13,40.0,7.2,2026-05-07
USR-167322,Rapid Enterprises,General B,HVLF,2026-01-30,7.0,7.5,2026-05-07
USR-164346,Rapid Enterprises,General B,HVLF,2026-04-25,9.0,7.9,2026-05-07
USR-175437,Rapid Enterprises,General A,HVLF,2026-03-14,10.0,7.4,2026-05-07
USR-161496,Instant Foods(Noida),Paan C,HVHF,2026-04-20,6.176470588235294,7.4,2026-05-07
USR-134290,Cross Line Events (Ghaziabad),General C,HVLF,2026-05-20,9.0,8.5,2026-05-08
USR-170404,Instant Foods (SED),Paan B,HVHF,2026-05-27,8.8125,8.1,2026-05-08
USR-8222,Instant Foods(Noida),General C,HVLF,2026-05-29,9.1875,8.6,2026-05-08
USR-15165,Instant Foods(Noida),General A,HVLF,2026-05-15,8.0,8.2,2026-05-08
USR-91608,Instant Foods (SED),General A,HVLF,2026-04-04,9.0,8.8,2026-05-08
USR-162807,Rapid Enterprises,General B,HVLF,2026-05-27,11.6,8.7,2026-05-08
USR-175237,Rapid Enterprises,General B,HVLF,2026-04-08,15.0,8.9,2026-05-08
USR-172716,Instant Foods (Mathura),General B,HVLF,2026-05-29,10.384615384615385,8.1,2026-05-08
USR-172748,Rapid Enterprises,General B,HVLF,2026-02-05,10.5,8.2,2026-05-08
USR-134273,Crossline Events (Meerut),General C,HVLF,2026-05-20,12.444444444444445,8.9,2026-05-08
USR-82,Instant Foods(Noida),Paan B,HVLF,2026-04-18,7.642857142857143,8.8,2026-05-08
USR-170321,Instant Foods (Mathura),General A,HVLF,2026-05-27,10.142857142857142,8.3,2026-05-08
USR-151660,Crossline Events (Meerut),General A,HVLF,2026-05-25,15.571428571428571,8.5,2026-05-08
USR-134029,Crossline Events (Meerut),General A,HVLF,2026-05-30,9.25,8.8,2026-05-08
USR-1103,Crossline Events (Noida),Paan B,HVHF,2026-05-23,4.566666666666666,8.3,2026-05-08
USR-151673,Crossline Events (Meerut),General A,HVLF,2026-05-31,7.5,8.0,2026-05-08
USR-91573,Instant Foods (SED),General A,HVLF,2026-05-14,8.0,8.4,2026-05-08
USR-170248,Instant Foods (SED),Paan B,HVLF,2026-05-21,7.777777777777778,8.2,2026-05-08
USR-170193,Instant Foods (Mathura),Paan A,HVLF,2026-05-30,8.153846153846153,8.7,2026-05-08
USR-20923,Instant Foods(Noida),General C,HVLF,2026-05-28,9.090909090909092,8.8,2026-05-08
USR-28978,Cross Line Events (Ghaziabad),General A,HVHF,2026-05-30,3.676470588235294,8.3,2026-05-08
USR-96232,Instant Foods (SED),General A,HVLF,2026-05-30,14.8,8.7,2026-05-08
USR-170333,Cross Line Events (Ghaziabad),General B,HVLF,2026-03-08,13.333333333333334,8.8,2026-05-08
USR-28968,Instant Foods(Noida),General B,HVHF,2026-05-30,8.277777777777779,8.4,2026-05-08
USR-166942,Rapid Enterprises,General B,HVLF,2026-05-25,9.266666666666667,8.6,2026-05-08
USR-170204,Crossline Events (Meerut),General B,HVLF,2026-05-07,8.928571428571429,8.6,2026-05-08
USR-28913,Crossline Events (Noida),Paan B,HVHF,2026-05-30,7.888888888888889,8.8,2026-05-08
USR-133713,Instant Foods (GZB),General A,HVHF,2026-05-29,7.7368421052631575,8.3,2026-05-08
USR-368,Instant Foods(Noida),Paan B,HVLF,2026-05-18,8.5625,8.4,2026-05-08
USR-170339,Cross Line Events (Ghaziabad),General B,HVLF,2026-04-16,10.666666666666666,8.9,2026-05-08
USR-167839,Instant Foods (SED),Paan B,HVLF,2026-05-22,24.2,8.9,2026-05-08
USR-37086,Instant Foods(Noida),Paan B,HVLF,2026-04-10,8.818181818181818,8.8,2026-05-08
USR-166222,Rapid Enterprises,General B,HVLF,2026-05-21,8.4375,8.4,2026-05-08
USR-2026,Instant Foods(Noida),General B,HVLF,2026-04-13,8.166666666666666,8.1,2026-05-08
USR-166568,Rapid Enterprises,General B,HVLF,2026-05-21,8.363636363636363,8.3,2026-05-08
USR-111876,NB Enterprises (West Delhi),General A,HVLF,2026-04-14,8.636363636363637,8.9,2026-05-08
USR-162947,Rapid Enterprises,Paan A,HVLF,2026-03-03,9.0,8.5,2026-05-08
USR-176861,NB Enterprises (West Delhi),Paan A,HVLF,2026-04-30,10.0,8.3,2026-05-08
USR-79538,Instant Foods (SED),General C,HVLF,2026-05-26,9.615384615384615,8.3,2026-05-08
USR-38237,Cross Line Events (EDelhi),Paan A,HVLF,2026-04-21,8.307692307692308,8.7,2026-05-08
USR-169938,Instant Foods (Mathura),Paan A,HVLF,2026-03-24,13.333333333333334,8.0,2026-05-08
USR-132689,Crossline Events (Meerut),General B,HVLF,2026-05-30,8.647058823529411,8.0,2026-05-08
USR-159613,Instant Foods(Noida),General C,HVLF,2026-04-10,7.583333333333333,8.4,2026-05-08
USR-175127,Rapid Enterprises,General B,HVLF,2026-05-29,8.071428571428571,8.2,2026-05-08
USR-167007,Rapid Enterprises,General B,HVLF,2026-05-01,9.2,8.9,2026-05-08
USR-28321,Crossline Events (Noida),Paan B,HVLF,2026-03-16,11.666666666666666,8.9,2026-05-08
USR-172854,Instant Foods (Mathura),General B,HVLF,2026-05-13,18.666666666666668,8.6,2026-05-08
USR-93718,Instant Foods (SED),General A,HVLF,2026-05-21,8.5,8.6,2026-05-08
USR-171505,Instant Foods (Mathura),General B,HVLF,2026-05-25,23.5,8.5,2026-05-08
USR-101638,Instant Foods (SED),General A,HVLF,2026-05-26,15.625,8.1,2026-05-08
USR-38619,Cross Line Events (Ghaziabad),Paan B,HVHF,2026-05-31,6.083333333333333,8.3,2026-05-08
USR-165043,Rapid Enterprises,General B,HVLF,2026-05-25,8.75,8.3,2026-05-08
USR-165362,NB Enterprises (West Delhi),Paan B,HVLF,2026-04-17,8.166666666666666,8.4,2026-05-08
USR-159659,Instant Foods(Noida),General A,HVLF,2026-05-11,21.8,8.6,2026-05-08
USR-89800,Instant Foods (SED),General C,HVLF,2026-05-30,7.7894736842105265,8.8,2026-05-08
USR-7777,Cross Line Events (Ghaziabad),General B,LVLF,2026-04-08,7.5,8.2,2026-05-08
USR-163012,Rapid Enterprises,General A,HVLF,2026-05-27,17.625,8.8,2026-05-08
USR-169827,Cross Line Events (Ghaziabad),General B,HVLF,2026-05-14,8.1875,8.0,2026-05-08
USR-152959,Crossline Events (Meerut),General A,HVLF,2026-02-28,8.6,8.0,2026-05-08
USR-159497,Instant Foods(Noida),General B,HVLF,2026-05-20,8.375,8.1,2026-05-08
USR-93855,Instant Foods (SED),General A,HVHF,2026-05-29,7.684210526315789,8.1,2026-05-08
USR-161482,Instant Foods(Noida),Wholesaler,HVLF,2026-04-10,7.538461538461538,8.7,2026-05-08
USR-172775,Instant Foods (Mathura),General B,HVLF,2026-05-30,9.75,8.5,2026-05-08
USR-20661,Instant Foods(Noida),Paan B,HVHF,2026-05-29,8.235294117647058,8.9,2026-05-08
USR-37095,Instant Foods (GZB),Paan A,HVLF,2026-04-09,6.714285714285714,8.0,2026-05-08
USR-172215,Instant Foods (Mathura),General B,HVLF,2026-05-31,8.153846153846153,8.7,2026-05-08
USR-162813,Rapid Enterprises,General B,HVLF,2026-05-30,25.6,8.5,2026-05-08
USR-28867,Instant Foods(Noida),General C,HVHF,2026-05-27,8.470588235294118,8.1,2026-05-08
USR-172785,Instant Foods (Mathura),General A,HVLF,2026-05-16,9.666666666666666,8.5,2026-05-08
USR-176628,Maa Sharda(LKO),Chemist A,LVLF,2026-05-25,8.5,8.9,2026-05-08
USR-8067,Instant Foods(Noida),General C,HVLF,2026-01-24,7.0,8.0,2026-05-08
USR-28512,Crossline Events (Noida),Paan B,HVHF,2026-05-30,6.7272727272727275,8.0,2026-05-08
USR-2055,Instant Foods(Noida),General B,HVLF,2026-05-04,9.166666666666666,8.2,2026-05-08
USR-166294,Rapid Enterprises,General B,HVHF,2026-05-29,8.4375,8.1,2026-05-08
USR-9387,Cross Line Events (Ghaziabad),General C,HVLF,2026-04-01,8.6,8.5,2026-05-08
USR-20516,Instant Foods(Noida),Paan B,HVLF,2026-02-18,12.0,8.1,2026-05-08
USR-159547,Crossline Events (Noida),Paan B,HVLF,2026-04-20,8.75,8.6,2026-05-08
USR-37423,Cross Line Events (EDelhi),General B,HVLF,2026-05-05,14.0,8.0,2026-05-08
USR-106049,Crossline Events (Noida),General A,HVHF,2026-05-30,1.7411764705882353,8.2,2026-05-08
USR-162842,Rapid Enterprises,General C,HVLF,2026-05-30,8.11111111111111,8.5,2026-05-08
USR-165631,Rapid Enterprises,General B,HVHF,2026-05-31,7.5,8.6,2026-05-08
USR-162368,Rapid Enterprises,Paan A,HVHF,2026-05-30,8.529411764705882,8.9,2026-05-08
USR-170019,Instant Foods (SED),Paan B,HVLF,2026-05-28,9.0625,8.1,2026-05-08
USR-37744,Cross Line Events (EDelhi),Paan B,HVLF,2026-05-18,8.733333333333333,8.3,2026-05-08
USR-91685,Instant Foods(Noida),Paan B,HVHF,2026-05-28,7.526315789473684,8.0,2026-05-08
USR-20392,Instant Foods(Noida),Paan B,HVLF,2026-05-21,8.75,8.6,2026-05-08
USR-1700,Crossline Events (Noida),General B,HVLF,2026-05-26,9.333333333333334,8.3,2026-05-08
USR-37987,Cross Line Events (EDelhi),Paan A,HVLF,2026-05-19,9.428571428571429,8.2,2026-05-08
USR-28495,Crossline Events (Noida),Paan B,HVHF,2026-05-30,3.3636363636363638,8.4,2026-05-08
USR-82282,Instant Foods (SED),Paan B,HVLF,2026-04-07,8.363636363636363,8.4,2026-05-08
USR-39691,Cross Line Events (EDelhi),General A,HVLF,2026-05-25,8.8,8.2,2026-05-08
USR-165429,Rapid Enterprises,Paan B,HVLF,2026-05-26,14.571428571428571,8.8,2026-05-08
USR-22479,Crossline Events (Noida),General C,HVLF,2026-04-10,9.8,8.4,2026-05-08
USR-172454,NB Enterprises (West Delhi),General B,HVLF,2026-05-29,8.866666666666667,8.4,2026-05-08
USR-144401,NB Enterprises (West Delhi),General C,HVLF,2026-05-26,12.25,8.1,2026-05-08
USR-17613,Instant Foods (GZB),General B,HVLF,2026-05-29,8.9375,8.2,2026-05-08
USR-170991,Instant Foods (Mathura),General C,HVLF,2026-04-17,11.555555555555555,8.0,2026-05-08
USR-29879,Instant Foods(Noida),Paan A,HVLF,2026-05-30,23.0,8.8,2026-05-08
USR-113796,NB Enterprises (West Delhi),General B,HVLF,2026-05-14,19.5,8.3,2026-05-08
USR-166725,Rapid Enterprises,General B,HVLF,2026-04-18,7.142857142857143,8.5,2026-05-08
USR-166667,Rapid Enterprises,General B,HVHF,2026-05-30,8.647058823529411,8.8,2026-05-08
USR-140302,NB Enterprises (West Delhi),General C,HVLF,2026-03-24,9.166666666666666,8.0,2026-05-08
USR-112415,NB Enterprises (West Delhi),General B,HVLF,2026-05-20,9.0,8.8,2026-05-08
USR-176284,Instant Foods (Mathura),General B,HVLF,2026-05-22,7.142857142857143,8.4,2026-05-08
USR-162437,Instant Foods(Noida),Paan B,HVLF,2026-05-21,32.333333333333336,8.3,2026-05-08
USR-8488,Instant Foods(Noida),Paan B,HVHF,2026-05-29,8.166666666666666,8.4,2026-05-08
USR-172453,Instant Foods (Mathura),General B,HVLF,2026-05-09,7.111111111111111,8.1,2026-05-08
USR-30011,Cross Line Events (EDelhi),General A,HVLF,2026-05-15,15.0,8.0,2026-05-08
USR-29203,Instant Foods (GZB),General C,HVLF,2026-05-29,9.0,8.7,2026-05-08
USR-96497,Instant Foods (SED),General A,HVHF,2026-05-30,6.904761904761905,8.2,2026-05-08
USR-22295,Instant Foods(Noida),General C,HVLF,2026-05-07,8.4,8.5,2026-05-08
USR-138217,NB Enterprises (West Delhi),General A,HVLF,2026-05-19,8.666666666666666,8.3,2026-05-08
USR-176118,Instant Foods (SED),Paan A,HVLF,2026-05-22,9.142857142857142,8.9,2026-05-08
USR-110552,NB Enterprises (West Delhi),General A,HVLF,2026-04-25,10.8,8.7,2026-05-08
USR-113996,NB Enterprises (West Delhi),General A,HVLF,2026-05-21,9.333333333333334,8.6,2026-05-08
USR-176304,Rapid Enterprises,General B,HVLF,2026-04-11,8.0,8.1,2026-05-08
USR-104913,Instant Foods (SED),General A,HVLF,2026-05-29,8.875,8.6,2026-05-08
USR-170894,Instant Foods (Mathura),General C,HVLF,2026-05-29,10.333333333333334,8.2,2026-05-08
USR-30651,Cross Line Events (EDelhi),Paan B,HVLF,2026-05-08,10.0,8.6,2026-05-08
USR-22163,Instant Foods(Noida),General A,HVLF,2026-05-28,20.0,8.1,2026-05-08
USR-137464,NB Enterprises (West Delhi),General A,HVLF,2026-05-26,10.125,8.0,2026-05-08
USR-176311,Instant Foods (Mathura),General B,HVLF,2026-05-22,9.4,8.5,2026-05-08
USR-161432,Instant Foods(Noida),Paan B,HVLF,2026-03-30,22.5,8.5,2026-05-08
USR-29794,Instant Foods(Noida),General B,HVHF,2026-05-30,6.590909090909091,8.3,2026-05-08
USR-879,Crossline Events (Noida),Paan A,HVLF,2026-05-01,8.0,8.4,2026-05-08
USR-113570,NB Enterprises (West Delhi),General B,HVLF,2026-03-31,8.25,8.0,2026-05-08
USR-22720,Instant Foods(Noida),General C,HVHF,2026-05-28,8.235294117647058,8.3,2026-05-08
USR-172341,Instant Foods (Mathura),Paan A,HVLF,2026-05-22,9.142857142857142,8.6,2026-05-08
USR-171246,Instant Foods (Mathura),General B,HVLF,2026-05-26,8.0,8.3,2026-05-08
USR-95148,Instant Foods (SED),General A,HVHF,2026-05-30,7.25,8.2,2026-05-08
USR-171219,Instant Foods (Mathura),General B,HVHF,2026-05-29,9.466666666666667,8.6,2026-05-08
USR-159123,NB Enterprises (West Delhi),General A,HVHF,2026-05-29,7.0588235294117645,8.0,2026-05-08
USR-172353,Instant Foods (Mathura),General B,HVLF,2026-05-29,9.333333333333334,8.8,2026-05-08
USR-164315,Rapid Enterprises,Paan B,HVLF,2026-05-07,8.571428571428571,8.8,2026-05-08
USR-150729,Crossline Events (Meerut),General B,HVHF,2026-05-27,8.866666666666667,8.1,2026-05-08
USR-149974,Crossline Events (Noida),Paan B,HVHF,2026-05-30,6.478260869565218,8.4,2026-05-08
USR-164911,Rapid Enterprises,Paan A,HVLF,2026-05-30,8.529411764705882,8.4,2026-05-08
USR-99246,Instant Foods (SED),General A,HVHF,2026-05-21,7.75,8.4,2026-05-08
USR-22623,Instant Foods(Noida),General C,HVLF,2026-05-21,7.769230769230769,8.0,2026-05-08
USR-162477,Rapid Enterprises,Paan B,HVLF,2026-05-06,11.25,8.1,2026-05-08
USR-166691,Rapid Enterprises,General B,HVLF,2026-05-14,7.647058823529412,8.5,2026-05-08
USR-159144,Crossline Events (Meerut),Paan B,HVLF,2026-05-08,7.375,8.1,2026-05-08
USR-171148,Instant Foods (Mathura),General A,HVLF,2026-05-18,8.625,8.4,2026-05-08
USR-29692,Cross Line Events (Ghaziabad),General A,HVHF,2026-05-30,7.1,8.0,2026-05-08
USR-165096,Rapid Enterprises,General B,HVLF,2026-05-04,41.5,8.5,2026-05-08
USR-29655,Crossline Events (Noida),General C,HVLF,2026-02-06,11.0,8.2,2026-05-08
USR-950,Crossline Events (Noida),Paan B,HVLF,2026-03-23,11.666666666666666,8.7,2026-05-08
USR-110600,NB Enterprises (West Delhi),General A,HVLF,2026-05-06,8.857142857142858,8.5,2026-05-08
USR-175454,Cross Line Events (Ghaziabad),General A,HVLF,2026-05-29,7.428571428571429,8.2,2026-05-08
USR-3090,Cross Line Events (Ghaziabad),General B,HVLF,2026-05-30,8.625,8.7,2026-05-08
USR-171126,NB Enterprises (West Delhi),Paan A,HVLF,2026-04-18,8.076923076923077,8.6,2026-05-08
USR-166692,Rapid Enterprises,General B,HVLF,2026-05-11,7.529411764705882,8.8,2026-05-08
USR-22586,Instant Foods (GZB),General B,HVHF,2026-05-30,4.925925925925926,8.3,2026-05-08
USR-9640,Instant Foods (GZB),General A,HVLF,2026-04-20,8.5,8.5,2026-05-08
USR-149336,NB Enterprises (West Delhi),General B,HVLF,2026-04-09,8.818181818181818,8.8,2026-05-08
USR-226,Crossline Events (Noida),Paan B,HVLF,2026-05-30,8.235294117647058,8.8,2026-05-08
USR-175466,Instant Foods (Mathura),General A,HVLF,2026-02-21,8.0,8.1,2026-05-08
USR-22570,Instant Foods(Noida),General C,HVLF,2026-05-28,8.176470588235293,8.1,2026-05-08
USR-2211,Crossline Events (Noida),Paan B,HVLF,2026-05-25,9.066666666666666,8.7,2026-05-08
USR-3091,Instant Foods (GZB),General C,HVHF,2026-05-26,8.294117647058824,8.0,2026-05-08
USR-94521,Instant Foods (SED),General A,HVLF,2026-05-19,8.933333333333334,8.6,2026-05-08
USR-21506,Instant Foods(Noida),General C,HVLF,2026-05-29,8.647058823529411,8.6,2026-05-08
USR-151391,Crossline Events (Meerut),General A,LVLF,2026-04-14,17.166666666666668,8.0,2026-05-08
USR-170714,NB Enterprises (West Delhi),Paan B,HVLF,2026-04-13,9.090909090909092,8.9,2026-05-08
USR-135241,Crossline Events (Meerut),General A,HVLF,2026-04-17,7.846153846153846,8.2,2026-05-08
USR-172230,Instant Foods (Mathura),General B,HVHF,2026-05-29,9.2,8.9,2026-05-08
USR-170699,Instant Foods (Mathura),General A,HVHF,2026-05-30,6.4375,8.3,2026-05-08
USR-170693,Instant Foods (Mathura),General A,HVLF,2026-05-21,8.0,8.2,2026-05-08
USR-3331,Instant Foods (GZB),Paan B,HVLF,2026-05-05,8.857142857142858,8.7,2026-05-08
USR-165635,Rapid Enterprises,General A,HVLF,2026-05-22,23.166666666666668,8.7,2026-05-08
USR-166895,Rapid Enterprises,General B,HVLF,2026-02-26,9.166666666666666,8.4,2026-05-08
USR-169783,Rapid Enterprises,General A,HVLF,2026-04-25,11.2,8.7,2026-05-08
USR-23204,Crossline Events (Noida),General C,HVHF,2026-05-30,8.166666666666666,8.8,2026-05-08
USR-8280,Instant Foods(Noida),General B,HVHF,2026-05-23,7.368421052631579,8.7,2026-05-08
USR-21320,Instant Foods(Noida),General C,HVHF,2026-05-30,7.095238095238095,8.5,2026-05-08
USR-82736,NB Enterprises (West Delhi),Paan B,HVLF,2026-05-14,8.0,8.3,2026-05-08
USR-161081,Instant Foods(Noida),Paan C,HVLF,2026-03-25,9.222222222222221,8.4,2026-05-08
USR-134738,Instant Foods (GZB),General C,HVLF,2026-05-04,8.714285714285714,8.9,2026-05-08
USR-21051,Instant Foods(Noida),General A,HVLF,2026-05-26,9.0,8.5,2026-05-08
USR-159438,Instant Foods(Noida),General B,HVLF,2026-05-13,8.0,8.7,2026-05-08
USR-159431,Instant Foods(Noida),General C,HVLF,2026-05-07,8.333333333333334,8.3,2026-05-08
USR-134462,Instant Foods (GZB),Paan A,HVLF,2026-05-25,8.75,8.0,2026-05-08
USR-134603,Instant Foods (GZB),General A,HVLF,2026-05-29,9.8,8.2,2026-05-08
USR-161062,Instant Foods (SED),General B,HVHF,2026-05-27,8.117647058823529,8.0,2026-05-08
USR-151305,Crossline Events (Meerut),General B,HVLF,2026-05-25,11.75,8.6,2026-05-08
USR-134611,Instant Foods (GZB),General C,HVLF,2026-05-25,8.846153846153847,8.8,2026-05-08
USR-166902,Rapid Enterprises,General B,HVLF,2026-05-26,9.066666666666666,8.2,2026-05-08
USR-162149,Rapid Enterprises,General A,HVLF,2026-03-05,9.0,8.6,2026-05-08
USR-175287,Instant Foods (Mathura),Paan A,HVLF,2026-05-29,7.428571428571429,8.1,2026-05-08
USR-161076,Crossline Events (Noida),Paan C,HVLF,2026-05-31,7.266666666666667,8.3,2026-05-08
USR-170547,Instant Foods (Mathura),General A,HVHF,2026-05-29,7.5,8.3,2026-05-08
USR-162417,Rapid Enterprises,Paan C,HVHF,2026-05-23,7.777777777777778,8.2,2026-05-08
USR-94178,Instant Foods(Noida),Paan B,HVLF,2026-02-18,14.5,8.1,2026-05-08
USR-165797,Rapid Enterprises,Paan B,HVHF,2026-05-30,7.578947368421052,8.0,2026-05-08
USR-162657,Instant Foods(Noida),Paan A,HVHF,2026-05-29,8.470588235294118,8.2,2026-05-08
USR-21543,Crossline Events (Noida),General B,HVLF,2026-04-29,8.285714285714286,8.0,2026-05-08
USR-99262,Instant Foods (SED),General A,HVLF,2026-05-21,8.4375,8.2,2026-05-08
USR-136328,NB Enterprises (West Delhi),General C,HVLF,2026-05-18,8.166666666666666,8.0,2026-05-08
USR-3132,Instant Foods (GZB),Paan B,HVHF,2026-05-23,6.761904761904762,8.4,2026-05-08
USR-135842,Instant Foods (GZB),General C,HVLF,2026-05-08,7.933333333333334,8.0,2026-05-08
USR-95165,Instant Foods (SED),General A,HVLF,2026-05-27,8.8125,8.0,2026-05-08
USR-10530,Instant Foods(Noida),General A,HVLF,2026-03-21,28.0,8.7,2026-05-08
USR-162129,Rapid Enterprises,General C,HVLF,2026-05-06,8.75,8.1,2026-05-08
USR-135807,Cross Line Events (Ghaziabad),Paan B,HVLF,2026-05-28,9.125,8.6,2026-05-08
USR-21946,Instant Foods(Noida),General C,HVLF,2026-05-25,9.0,8.2,2026-05-08
USR-135739,Instant Foods(Noida),General C,HVLF,2026-04-30,28.75,8.2,2026-05-08
USR-171372,Instant Foods (SED),Paan B,HVLF,2026-05-19,16.25,8.4,2026-05-08
USR-172554,Instant Foods (Mathura),General B,HVLF,2026-05-16,7.375,8.1,2026-05-08
USR-159305,Instant Foods(Noida),General C,HVLF,2026-05-29,8.75,8.5,2026-05-08
USR-135530,NB Enterprises (West Delhi),General C,HVLF,2026-04-16,7.769230769230769,8.2,2026-05-08
USR-166263,Rapid Enterprises,General B,HVLF,2026-04-25,22.8,8.4,2026-05-08
USR-151191,Crossline Events (Meerut),General A,HVLF,2026-05-27,9.0625,8.2,2026-05-08
USR-114050,NB Enterprises (West Delhi),General B,HVLF,2026-05-29,9.0,8.4,2026-05-08
USR-166600,Crossline Events (Meerut),Paan C,HVLF,2026-05-21,7.833333333333333,8.0,2026-05-08
USR-176077,Crossline Events (Meerut),General B,HVLF,2026-05-27,11.666666666666666,8.8,2026-05-08
USR-172650,Instant Foods (Mathura),General B,HVLF,2026-05-22,7.0,8.2,2026-05-08
USR-21629,Instant Foods(Noida),Paan B,HVLF,2026-05-21,7.583333333333333,8.1,2026-05-08
USR-135292,Crossline Events (Meerut),General C,HVLF,2026-05-26,16.75,8.5,2026-05-08
USR-9435,Instant Foods (GZB),General B,HVLF,2026-05-18,9.285714285714286,8.9,2026-05-08
USR-170737,Instant Foods (Mathura),General A,HVLF,2026-05-11,8.333333333333334,8.3,2026-05-08
USR-166838,Rapid Enterprises,Paan B,HVLF,2026-05-23,8.294117647058824,8.8,2026-05-08
USR-172599,Instant Foods (Mathura),Paan A,HVLF,2026-04-02,8.0,8.1,2026-05-08
USR-161093,Instant Foods (SED),General B,HVLF,2026-02-12,13.333333333333334,8.3,2026-05-08
USR-161106,Instant Foods (SED),General A,HVLF,2026-04-16,24.0,8.3,2026-05-08
USR-162650,Instant Foods (SED),Paan B,HVLF,2026-05-18,9.142857142857142,8.6,2026-05-08
USR-164265,NB Enterprises (West Delhi),Paan B,HVLF,2026-04-25,10.0,8.3,2026-05-08
USR-172576,Instant Foods (Mathura),Paan A,HVLF,2026-05-08,9.857142857142858,8.7,2026-05-08
USR-159353,Instant Foods(Noida),General A,HVLF,2026-05-29,11.0,8.5,2026-05-08
USR-172940,Instant Foods (Mathura),General B,HVLF,2026-05-29,22.0,8.6,2026-05-08
USR-171274,Instant Foods (Mathura),General B,HVLF,2026-05-26,9.857142857142858,8.0,2026-05-08
USR-164039,Rapid Enterprises,General C,HVLF,2026-05-23,8.1,8.8,2026-05-08
USR-171859,Instant Foods (Mathura),General A,HVLF,2026-05-05,14.5,8.0,2026-05-08
USR-160329,Instant Foods (GZB),Paan B,HVLF,2026-04-24,12.25,8.2,2026-05-08
USR-168533,Rapid Enterprises,General B,HVLF,2026-02-26,10.0,8.5,2026-05-08
USR-12829,Cross Line Events (Ghaziabad),General B,HVLF,2026-05-22,19.428571428571427,8.4,2026-05-08
USR-12826,Instant Foods(Noida),General B,LVLF,2026-04-03,7.0,8.2,2026-05-08
USR-173549,Instant Foods (Mathura),General B,HVLF,2026-05-13,10.0,8.2,2026-05-08
USR-109542,NB Enterprises (West Delhi),Paan B,HVLF,2026-05-13,8.266666666666667,8.0,2026-05-08
USR-1219,Crossline Events (Noida),Paan B,HVLF,2026-05-28,12.25,8.8,2026-05-08
USR-172042,Instant Foods (Mathura),General C,HVLF,2026-05-29,7.538461538461538,8.2,2026-05-08
USR-96067,Instant Foods (SED),General A,HVHF,2026-05-30,7.631578947368421,8.9,2026-05-08
USR-24417,Instant Foods(Noida),General B,HVLF,2026-05-06,9.153846153846153,8.9,2026-05-08
USR-92615,Instant Foods (SED),General A,HVHF,2026-05-30,7.444444444444445,8.8,2026-05-08
USR-111175,NB Enterprises (West Delhi),General A,HVLF,2026-03-05,12.333333333333334,8.7,2026-05-08
USR-171871,Rapid Enterprises,General B,HVLF,2026-01-22,8.0,8.3,2026-05-08
USR-163873,Rapid Enterprises,General A,HVLF,2026-03-13,8.833333333333334,8.0,2026-05-08
USR-161580,Instant Foods(Noida),General A,HVHF,2026-05-30,5.423076923076923,8.8,2026-05-08
USR-167444,Instant Foods (GZB),General B,HVHF,2026-05-27,7.888888888888889,8.2,2026-05-08
USR-166376,NB Enterprises (West Delhi),General B,HVLF,2026-03-06,8.142857142857142,8.1,2026-05-08
USR-162226,Rapid Enterprises,General A,HVLF,2026-05-20,9.266666666666667,8.7,2026-05-08
USR-18085,Instant Foods(Noida),General B,HVLF,2026-02-24,8.5,8.4,2026-05-08
USR-178192,Instant Foods (Mathura),General B,HVLF,2026-05-30,14.0,8.9,2026-05-08
USR-6839,Cross Line Events (Ghaziabad),Paan B,HVLF,2026-05-14,14.0,8.3,2026-05-08
USR-10953,Instant Foods (GZB),General B,HVHF,2026-05-26,8.5,8.4,2026-05-08
USR-167482,Rapid Enterprises,General A,HVLF,2026-05-07,30.5,8.2,2026-05-08
USR-6697,Cross Line Events (Ghaziabad),General B,HVLF,2026-03-19,10.0,8.9,2026-05-08
USR-172033,Instant Foods (Mathura),General B,HVLF,2026-04-20,27.0,8.0,2026-05-08
USR-166078,Rapid Enterprises,Paan A,HVLF,2026-04-26,8.384615384615385,8.7,2026-05-08
USR-171895,Rapid Enterprises,General B,HVLF,2026-04-18,6.0,8.4,2026-05-08
USR-173703,Instant Foods (Mathura),General B,HVLF,2026-04-25,9.0,8.1,2026-05-08
USR-168572,Instant Foods (GZB),General B,HVLF,2026-05-29,9.0,8.7,2026-05-08
USR-9273,Cross Line Events (Ghaziabad),General A,HVLF,2026-05-26,17.0,8.9,2026-05-08
USR-121323,Crossline Events (Meerut),General C,HVLF,2026-05-27,9.466666666666667,8.7,2026-05-08
USR-173503,Instant Foods (Mathura),General B,HVLF,2026-05-26,11.0,8.6,2026-05-08
USR-164962,Rapid Enterprises,General B,HVLF,2026-05-26,8.8125,8.0,2026-05-08
USR-168871,Rapid Enterprises,General A,HVLF,2026-05-21,8.625,8.4,2026-05-08
USR-44908,Cross Line Events (EDelhi),General A,HVLF,2026-05-09,8.357142857142858,8.9,2026-05-08
USR-166398,Rapid Enterprises,General B,HVLF,2026-05-28,11.333333333333334,8.1,2026-05-08
USR-168848,Rapid Enterprises,General A,HVLF,2026-01-31,7.0,8.2,2026-05-08
USR-165024,Rapid Enterprises,General A,HVLF,2026-05-19,8.866666666666667,8.5,2026-05-08
USR-160226,Crossline Events (Meerut),General A,HVLF,2026-04-09,8.083333333333334,8.1,2026-05-08
USR-45084,Cross Line Events (Ghaziabad),General C,HVLF,2026-02-16,10.0,8.6,2026-05-08
USR-171793,Instant Foods (Mathura),General A,HVLF,2026-05-29,7.583333333333333,8.2,2026-05-08
USR-12019,Cross Line Events (Ghaziabad),General B,HVHF,2026-05-29,8.6875,8.7,2026-05-08
USR-120605,Crossline Events (Meerut),General C,HVLF,2026-05-27,10.090909090909092,8.2,2026-05-08
USR-95755,Instant Foods (SED),General A,HVLF,2026-05-25,9.133333333333333,8.3,2026-05-08
USR-168793,Rapid Enterprises,Paan A,HVLF,2026-05-27,9.0625,8.7,2026-05-08
USR-153915,Instant Foods(Noida),Paan B,HVLF,2026-01-21,9.5,8.9,2026-05-08
USR-161341,Instant Foods(Noida),Wholesaler,HVLF,2026-03-08,9.285714285714286,8.7,2026-05-08
USR-160283,Instant Foods (GZB),Paan C,HVLF,2026-04-10,9.222222222222221,8.6,2026-05-08
USR-160295,Crossline Events (Meerut),General A,HVLF,2026-05-06,7.4375,8.6,2026-05-08
USR-178064,Maa Sharda(LKO),Paan A,HVLF,2026-05-30,9.0,8.8,2026-05-08
USR-168709,Rapid Enterprises,General A,HVLF,2026-05-27,9.266666666666667,8.4,2026-05-08
USR-91109,Instant Foods (SED),General A,HVLF,2026-05-25,9.642857142857142,8.7,2026-05-08
USR-18244,Instant Foods (GZB),General C,HVLF,2026-05-27,10.357142857142858,8.0,2026-05-08
USR-99593,Crossline Events (Noida),Paan B,HVLF,2026-05-26,9.266666666666667,8.5,2026-05-08
USR-166391,Rapid Enterprises,General A,HVLF,2026-05-30,9.25,8.4,2026-05-08
USR-100021,Instant Foods (SED),General A,HVLF,2026-03-30,14.666666666666666,8.6,2026-05-08
USR-165241,Rapid Enterprises,Chemist B,HVLF,2026-04-04,10.166666666666666,8.7,2026-05-08
USR-165231,Rapid Enterprises,Chemist B,HVLF,2026-05-01,6.9411764705882355,8.2,2026-05-08
USR-108935,NB Enterprises (West Delhi),General A,HVLF,2026-03-23,12.666666666666666,8.5,2026-05-08
USR-174481,Instant Foods (Mathura),General B,HVLF,2026-05-08,7.857142857142857,8.1,2026-05-08
USR-173489,Instant Foods (Mathura),General B,HVLF,2026-05-23,7.666666666666667,8.8,2026-05-08
USR-26011,Instant Foods(Noida),General C,HVLF,2026-05-19,9.0,8.6,2026-05-08
USR-26240,Instant Foods(Noida),Paan B,HVLF,2026-05-25,9.625,8.3,2026-05-08
USR-161310,Instant Foods (SED),Paan C,HVLF,2026-05-30,7.8,8.4,2026-05-08
USR-166007,Rapid Enterprises,General A,HVLF,2026-03-07,8.714285714285714,8.6,2026-05-08
USR-174286,Instant Foods (Mathura),General A,HVLF,2026-05-20,9.875,8.8,2026-05-08
USR-126486,Crossline Events (Meerut),General B,HVLF,2026-05-20,8.117647058823529,8.2,2026-05-08
USR-173940,Instant Foods (Mathura),General B,HVLF,2026-05-22,10.0,8.3,2026-05-08
USR-173944,Instant Foods (Mathura),Wholesaler,HVLF,2026-05-21,12.8,8.6,2026-05-08
USR-5845,Instant Foods (GZB),Paan A,HVLF,2026-05-07,8.7,8.5,2026-05-08
USR-167720,Rapid Enterprises,General B,HVLF,2026-04-23,8.0,8.3,2026-05-08
USR-5860,Instant Foods (GZB),General B,HVLF,2026-05-30,10.285714285714286,8.8,2026-05-08
USR-6281,Instant Foods (GZB),Paan B,HVLF,2026-03-11,9.8,8.3,2026-05-08
USR-126453,Crossline Events (Meerut),Chemist C,HVLF,2026-04-22,8.4,8.0,2026-05-08
USR-173988,Instant Foods (Mathura),General A,HVLF,2026-05-11,12.0,8.6,2026-05-08
USR-24690,Instant Foods(Noida),General C,HVLF,2026-05-18,8.4,8.2,2026-05-08
USR-174196,Crossline Events (Meerut),General B,HVLF,2026-05-29,9.384615384615385,8.9,2026-05-08
USR-174194,Crossline Events (Noida),Paan A,HVLF,2026-05-26,8.428571428571429,8.2,2026-05-08
USR-153779,NB Enterprises (West Delhi),General C,HVLF,2026-05-16,8.375,8.8,2026-05-08
USR-174017,Instant Foods (Mathura),General B,HVLF,2026-04-07,7.0,8.6,2026-05-08
USR-172006,Instant Foods (Mathura),General A,HVLF,2026-05-29,7.4,8.2,2026-05-08
USR-161652,Rapid Enterprises,Paan C,HVLF,2026-05-30,8.8125,8.8,2026-05-08
USR-5996,Instant Foods (GZB),Paan B,HVLF,2026-05-29,10.571428571428571,8.0,2026-05-08
USR-126255,Crossline Events (Meerut),General A,HVHF,2026-05-16,5.625,8.5,2026-05-08
USR-178622,Maa Sharda(LKO),Chemist B,HVLF,2026-05-30,8.0,8.3,2026-05-08
USR-60454,Instant Foods (SED),Paan B,HVLF,2026-04-07,8.75,8.2,2026-05-08
USR-162228,Instant Foods (SED),Paan B,HVLF,2026-05-25,9.0,8.6,2026-05-08
USR-160699,Instant Foods(Noida),Paan A,HVHF,2026-05-12,8.2,8.7,2026-05-08
USR-174088,Instant Foods (Mathura),General A,HVLF,2026-05-08,7.2,8.1,2026-05-08
USR-167821,Rapid Enterprises,General B,HVLF,2026-05-11,13.777777777777779,8.8,2026-05-08
USR-6157,Instant Foods (GZB),Paan B,HVLF,2026-05-25,8.9375,8.2,2026-05-08
USR-92228,Instant Foods (SED),General A,HVLF,2026-05-26,8.625,8.2,2026-05-08
USR-161639,Instant Foods (SED),Paan C,HVHF,2026-05-30,7.842105263157895,8.3,2026-05-08
USR-174114,Instant Foods (Mathura),General B,HVLF,2026-05-29,10.0,8.7,2026-05-08
USR-174121,Instant Foods (Mathura),Paan A,HVLF,2026-05-26,11.0,8.7,2026-05-08
USR-58392,Instant Foods (SED),Paan B,HVLF,2026-04-29,8.666666666666666,8.5,2026-05-08
USR-161708,Rapid Enterprises,Paan B,HVLF,2026-04-28,8.285714285714286,8.1,2026-05-08
USR-92193,Instant Foods (SED),General A,HVHF,2026-05-29,9.125,8.9,2026-05-08
USR-17580,Instant Foods (GZB),General A,HVHF,2026-05-30,7.526315789473684,8.3,2026-05-08
USR-162247,Rapid Enterprises,Chemist B,HVHF,2026-05-29,8.4375,8.1,2026-05-08
USR-92405,Instant Foods (SED),General A,HVHF,2026-05-30,8.5,8.6,2026-05-08
USR-173763,Instant Foods (Mathura),General B,HVLF,2026-05-30,12.666666666666666,8.1,2026-05-08
USR-2459,Instant Foods(Noida),Paan B,HVLF,2026-04-21,10.5,8.7,2026-05-08
USR-127108,Cross Line Events (EDelhi),Paan B,HVLF,2026-04-16,7.769230769230769,8.1,2026-05-08
USR-64234,Instant Foods (SED),General C,HVHF,2026-05-25,8.470588235294118,8.2,2026-05-08
USR-6423,Instant Foods (GZB),Paan B,HVLF,2026-05-21,8.266666666666667,8.2,2026-05-08
USR-125315,Crossline Events (Meerut),General C,HVLF,2026-05-21,8.0,8.0,2026-05-08
USR-166022,Rapid Enterprises,General A,HVLF,2026-05-30,21.833333333333332,8.2,2026-05-08
USR-1798,Crossline Events (Noida),General B,HVLF,2026-04-23,8.777777777777779,8.2,2026-05-08
USR-168266,Rapid Enterprises,General B,HVLF,2026-05-29,8.666666666666666,8.1,2026-05-08
USR-160733,Crossline Events (Meerut),Paan A,HVLF,2026-05-09,8.875,8.9,2026-05-08
USR-173805,Instant Foods (Mathura),General C,HVLF,2026-03-26,9.5,8.2,2026-05-08
USR-173817,Instant Foods (Mathura),General B,HVLF,2026-04-09,11.0,8.0,2026-05-08
USR-109079,NB Enterprises (West Delhi),General C,HVLF,2026-04-30,9.3,8.6,2026-05-08
USR-173821,Instant Foods (Mathura),General A,HVLF,2026-05-29,10.0,8.5,2026-05-08
USR-126712,Crossline Events (Meerut),General C,HVLF,2026-02-27,10.2,8.5,2026-05-08
USR-168166,Crossline Events (Meerut),General C,HVLF,2026-02-08,9.0,8.6,2026-05-08
USR-168075,Instant Foods(Noida),General C,HVLF,2026-05-25,12.5,8.1,2026-05-08
USR-25279,Instant Foods(Noida),General C,HVHF,2026-05-31,7.2,8.7,2026-05-08
USR-173835,Instant Foods (Mathura),General B,HVLF,2026-04-07,21.0,8.8,2026-05-08
USR-160573,Instant Foods (GZB),General A,HVLF,2026-05-29,9.125,8.7,2026-05-08
USR-575,Instant Foods(Noida),Paan B,HVLF,2026-05-19,9.625,8.7,2026-05-08
USR-9805,Cross Line Events (Ghaziabad),General A,HVLF,2026-04-04,8.090909090909092,8.2,2026-05-08
USR-160730,Cross Line Events (Ghaziabad),Paan B,HVLF,2026-04-21,8.181818181818182,8.0,2026-05-08
USR-163718,Rapid Enterprises,Chemist C,HVLF,2026-05-26,10.23076923076923,8.6,2026-05-08
USR-173864,Instant Foods (Mathura),General A,HVHF,2026-05-30,7.571428571428571,8.6,2026-05-08
USR-173882,Crossline Events (Meerut),General C,HVHF,2026-05-21,7.0625,8.3,2026-05-08
USR-92270,Instant Foods (SED),General A,HVLF,2026-05-25,8.857142857142858,8.4,2026-05-08
USR-174255,Instant Foods (Mathura),General A,HVLF,2026-05-12,7.818181818181818,8.8,2026-05-08
USR-25324,Crossline Events (Noida),Paan B,HVHF,2026-05-28,7.25,8.6,2026-05-08
USR-44762,Cross Line Events (EDelhi),General A,HVLF,2026-05-18,8.666666666666666,8.3,2026-05-08
USR-172054,Instant Foods (Mathura),General C,HVLF,2026-05-29,8.5,8.9,2026-05-08
USR-24202,Instant Foods(Noida),General A,HVLF,2026-01-31,7.0,8.0,2026-05-08
USR-153324,Crossline Events (Meerut),Paan B,HVLF,2026-05-20,8.6875,8.6,2026-05-08
USR-7401,Cross Line Events (Ghaziabad),General B,HVLF,2026-05-29,10.583333333333334,8.4,2026-05-08
USR-27818,Crossline Events (Noida),General C,HVLF,2026-05-19,8.5625,8.5,2026-05-08
USR-93264,Instant Foods (SED),General A,HVLF,2026-04-30,11.666666666666666,8.8,2026-05-08
USR-163238,Rapid Enterprises,Paan B,HVLF,2026-05-12,7.75,8.7,2026-05-08
USR-76715,Instant Foods (SED),General C,HVLF,2026-03-21,7.9,8.4,2026-05-08
USR-172115,Instant Foods (Mathura),General A,HVLF,2026-03-26,8.0,8.0,2026-05-08
USR-39662,Cross Line Events (EDelhi),Paan A,HVLF,2026-05-18,9.142857142857142,8.2,2026-05-08
USR-161271,Instant Foods(Noida),Paan B,HVLF,2026-04-29,16.333333333333332,8.8,2026-05-08
USR-163078,Rapid Enterprises,General B,HVLF,2026-05-28,10.0,8.3,2026-05-08
USR-736,Instant Foods(Noida),Paan B,HVHF,2026-05-30,2.4833333333333334,8.8,2026-05-08
USR-44725,Instant Foods(Noida),Paan B,HVLF,2026-05-09,6.733333333333333,8.0,2026-05-08
USR-162309,Rapid Enterprises,General C,HVLF,2026-05-25,8.928571428571429,8.0,2026-05-08
USR-165928,Rapid Enterprises,General A,HVLF,2026-05-29,9.066666666666666,8.9,2026-05-08
USR-177555,Maa Sharda(LKO),General A,HVLF,2026-05-21,8.0,8.3,2026-05-08
USR-169240,Rapid Enterprises,General A,HVLF,2026-02-27,14.25,8.7,2026-05-08
USR-19028,Instant Foods(Noida),General B,HVLF,2026-02-28,11.5,8.8,2026-05-08
USR-172114,Instant Foods (Mathura),General A,HVLF,2026-05-30,10.0,8.4,2026-05-08
USR-160892,NB Enterprises (West Delhi),Paan A,HVLF,2026-04-18,7.5,8.3,2026-05-08
USR-27277,Crossline Events (Noida),General C,HVLF,2026-05-29,8.352941176470589,8.2,2026-05-08
USR-19006,Instant Foods(Noida),General C,HVHF,2026-05-30,7.7894736842105265,8.3,2026-05-08
USR-130390,Crossline Events (Meerut),General B,HVLF,2026-05-14,9.0,8.9,2026-05-08
USR-172105,Rapid Enterprises,General B,HVLF,2026-01-27,9.5,8.9,2026-05-08
USR-159784,NB Enterprises (West Delhi),General A,HVLF,2026-04-27,9.11111111111111,8.3,2026-05-08
USR-43102,Cross Line Events (EDelhi),General A,HVHF,2026-05-28,8.117647058823529,8.5,2026-05-08
USR-153345,NB Enterprises (West Delhi),Paan B,HVHF,2026-05-14,7.333333333333333,8.1,2026-05-08
USR-735,Crossline Events (Noida),Paan B,HVHF,2026-05-30,7.2,8.0,2026-05-08
USR-174872,Rapid Enterprises,General B,HVLF,2026-03-15,9.5,8.0,2026-05-08
USR-165174,Rapid Enterprises,General A,HVLF,2026-05-11,8.0,8.1,2026-05-08
USR-169349,Rapid Enterprises,General A,HVLF,2026-04-06,8.454545454545455,8.3,2026-05-08
USR-169510,Rapid Enterprises,General B,HVLF,2026-05-20,14.6,8.9,2026-05-08
USR-23735,Instant Foods(Noida),Paan B,HVLF,2026-05-12,8.615384615384615,8.8,2026-05-08
USR-39738,Cross Line Events (EDelhi),Paan B,HVLF,2026-05-29,8.307692307692308,8.4,2026-05-08
USR-131836,Crossline Events (Meerut),General C,HVLF,2026-05-20,8.866666666666667,8.6,2026-05-08
USR-7630,Cross Line Events (Ghaziabad),General B,HVHF,2026-05-30,6.666666666666667,8.4,2026-05-08
USR-40024,Instant Foods (GZB),Paan A,HVLF,2026-03-17,11.666666666666666,8.5,2026-05-08
USR-75653,Instant Foods (SED),Paan B,HVLF,2026-03-21,7.9,8.2,2026-05-08
USR-116900,Crossline Events (Meerut),General C,HVLF,2026-04-18,6.125,8.1,2026-05-08
USR-27810,Instant Foods(Noida),Paan B,HVLF,2026-05-19,17.25,8.7,2026-05-08
USR-27723,Crossline Events (Noida),General C,HVLF,2026-05-11,9.0,8.6,2026-05-08
USR-165901,Rapid Enterprises,Paan B,HVHF,2026-05-30,7.631578947368421,8.1,2026-05-08
USR-177241,Maa Sharda(LKO),Paan C,HVLF,2026-05-29,9.0,8.1,2026-05-08
USR-174956,Instant Foods (Mathura),General B,HVLF,2026-05-30,8.375,8.2,2026-05-08
USR-27659,Crossline Events (Noida),Paan B,HVLF,2026-03-17,8.833333333333334,8.0,2026-05-08
USR-167131,Rapid Enterprises,General B,HVLF,2026-05-28,8.875,8.6,2026-05-08
USR-131577,Crossline Events (Meerut),General B,HVLF,2026-05-26,10.5,8.7,2026-05-08
USR-91903,Instant Foods (SED),General A,HVLF,2026-05-06,58.0,8.5,2026-05-08
USR-95682,Instant Foods (SED),General A,HVLF,2026-05-21,55.0,8.0,2026-05-08
USR-164017,Rapid Enterprises,General C,HVLF,2026-04-22,35.0,8.2,2026-05-08
USR-19310,Instant Foods(Noida),General B,HVLF,2026-05-23,15.555555555555555,8.6,2026-05-08
USR-163197,Rapid Enterprises,General C,HVLF,2026-05-30,8.352941176470589,8.5,2026-05-08
USR-161289,Crossline Events (Meerut),General C,HVHF,2026-05-30,5.5,8.5,2026-05-08
USR-131414,Crossline Events (Meerut),Paan A,HVHF,2026-05-29,7.8125,8.3,2026-05-08
USR-19229,Instant Foods(Noida),General B,LVLF,2026-01-29,8.0,8.8,2026-05-08
USR-112887,NB Enterprises (West Delhi),General A,HVLF,2026-04-29,12.8,8.6,2026-05-08
USR-165166,Rapid Enterprises,General A,HVLF,2026-03-07,21.5,8.7,2026-05-08
USR-131197,Crossline Events (Meerut),General B,HVLF,2026-05-28,9.8,8.7,2026-05-08
USR-75901,Instant Foods (SED),Paan B,HVLF,2026-04-06,9.428571428571429,8.6,2026-05-08
USR-175966,Instant Foods (Mathura),General B,HVLF,2026-05-21,11.2,8.2,2026-05-08
USR-169107,Rapid Enterprises,General A,HVLF,2026-05-06,15.375,8.5,2026-05-08
USR-11939,Instant Foods (GZB),Paan B,HVLF,2026-05-26,9.153846153846153,8.2,2026-05-08
USR-43295,Cross Line Events (EDelhi),General A,HVLF,2026-05-15,8.25,8.8,2026-05-08
USR-11675,Cross Line Events (Ghaziabad),Paan B,HVHF,2026-05-29,8.294117647058824,8.2,2026-05-08
USR-161543,Crossline Events (Meerut),Wholesaler,HVLF,2026-04-17,11.333333333333334,8.5,2026-05-08
USR-160130,Instant Foods(Noida),General C,HVLF,2026-05-29,19.0,8.5,2026-05-08
USR-116674,Crossline Events (Meerut),Paan B,HVLF,2026-03-27,11.0,8.3,2026-05-08
USR-163390,Instant Foods(Noida),Paan B,HVLF,2026-03-01,9.666666666666666,8.2,2026-05-08
USR-119486,Crossline Events (Meerut),General C,HVHF,2026-05-29,7.611111111111111,8.3,2026-05-08
USR-100733,Instant Foods (SED),General A,HVLF,2026-05-27,9.466666666666667,8.9,2026-05-08
USR-26647,Instant Foods(Noida),Paan B,HVLF,2026-03-31,10.0,8.3,2026-05-08
USR-163915,Rapid Enterprises,General C,LVLF,2026-02-13,9.5,8.1,2026-05-08
USR-164581,Rapid Enterprises,General B,LVLF,2026-01-28,7.0,8.1,2026-05-08
USR-44492,Cross Line Events (EDelhi),Paan B,HVHF,2026-05-30,7.578947368421052,8.8,2026-05-08
USR-129560,Cross Line Events (EDelhi),Paan B,HVLF,2026-04-08,13.714285714285714,8.7,2026-05-08
USR-165269,Rapid Enterprises,General C,HVHF,2026-05-30,8.277777777777779,8.6,2026-05-08
USR-93514,Instant Foods (SED),General A,HVHF,2026-05-29,7.823529411764706,8.1,2026-05-08
USR-44531,Cross Line Events (EDelhi),Paan B,HVLF,2026-01-12,9.0,8.9,2026-05-08
USR-24170,Instant Foods(Noida),General C,HVHF,2026-05-31,7.05,8.0,2026-05-08
USR-159686,Instant Foods(Noida),Paan B,HVLF,2026-05-21,9.714285714285714,8.4,2026-05-08
USR-163888,Rapid Enterprises,General C,HVLF,2026-02-23,8.666666666666666,8.0,2026-05-08
USR-12952,Cross Line Events (Ghaziabad),Paan B,HVLF,2026-03-11,9.857142857142858,8.3,2026-05-08
USR-160183,Crossline Events (Meerut),General A,HVLF,2026-05-06,7.933333333333334,8.7,2026-05-08
USR-177112,Instant Foods (Mathura),General B,HVLF,2026-05-31,6.857142857142857,8.9,2026-05-08
USR-173311,Instant Foods (Mathura),General B,HVLF,2026-05-19,8.75,8.6,2026-05-08
USR-175058,Instant Foods (Mathura),General B,HVLF,2026-05-31,15.2,8.3,2026-05-08
USR-153101,Instant Foods(Noida),Paan B,LVLF,2026-04-02,8.88888888888889,8.7,2026-05-08
USR-171727,Instant Foods (Mathura),General A,HVLF,2026-05-29,9.857142857142858,8.1,2026-05-08
USR-43979,Cross Line Events (EDelhi),General A,HVHF,2026-05-25,9.0,8.2,2026-05-08
USR-111806,NB Enterprises (West Delhi),General B,HVLF,2026-04-23,8.615384615384615,8.8,2026-05-08
USR-163359,Instant Foods (SED),General C,HVLF,2026-05-27,13.181818181818182,8.3,2026-05-08
USR-72803,NB Enterprises (West Delhi),Paan B,HVLF,2026-04-16,14.0,8.7,2026-05-08
USR-130054,Crossline Events (Meerut),General C,HVHF,2026-05-30,7.0476190476190474,8.1,2026-05-08
USR-130028,Crossline Events (Meerut),General B,HVLF,2026-05-28,9.333333333333334,8.6,2026-05-08
USR-177794,Maa Sharda(LKO),General A,HVLF,2026-05-29,8.0,8.6,2026-05-08
USR-161914,Rapid Enterprises,General B,HVLF,2026-05-12,8.4,8.2,2026-05-08
USR-18856,Instant Foods(Noida),Paan B,HVLF,2026-03-10,34.0,8.1,2026-05-08
USR-169699,Instant Foods (SED),Paan B,HVLF,2026-05-09,7.4375,8.0,2026-05-08
USR-91002,Instant Foods (SED),General A,HVLF,2026-04-11,8.545454545454545,8.8,2026-05-08
USR-164480,Rapid Enterprises,General B,HVLF,2026-01-23,7.0,8.0,2026-05-08
USR-165938,Rapid Enterprises,Chemist B,HVHF,2026-05-30,7.777777777777778,8.4,2026-05-08
USR-169024,Rapid Enterprises,General A,HVHF,2026-05-30,7.7368421052631575,8.1,2026-05-08
USR-129870,Crossline Events (Meerut),General C,HVLF,2026-05-14,8.3125,8.4,2026-05-08
USR-160063,Instant Foods(Noida),General C,HVLF,2026-05-26,15.571428571428571,8.3,2026-05-08
USR-129771,Crossline Events (Meerut),General A,HVLF,2026-05-28,9.428571428571429,8.9,2026-05-08
USR-160126,Cross Line Events (Ghaziabad),Paan A,HVHF,2026-05-31,8.0,8.7,2026-05-08
USR-173217,Instant Foods (Mathura),General A,HVLF,2026-05-29,7.909090909090909,8.0,2026-05-08
USR-97547,Instant Foods (SED),General A,HVLF,2026-05-13,8.25,8.8,2026-05-08
USR-108743,NB Enterprises (West Delhi),Paan B,HVLF,2026-05-17,7.9375,8.3,2026-05-08
USR-173189,Instant Foods (Mathura),General A,HVLF,2026-05-31,9.625,8.2,2026-05-08
USR-159693,Instant Foods (GZB),General C,HVLF,2026-05-28,11.307692307692308,8.8,2026-05-08
USR-169528,Rapid Enterprises,General B,HVLF,2026-05-30,12.166666666666666,8.9,2026-05-08
USR-164886,Rapid Enterprises,General A,HVLF,2026-05-23,8.117647058823529,8.5,2026-05-08
USR-173200,Instant Foods (Mathura),General B,HVLF,2026-05-29,13.25,8.4,2026-05-08
USR-153117,NB Enterprises (West Delhi),General C,HVLF,2026-05-21,32.25,9.8,2026-05-09
USR-171555,NB Enterprises (West Delhi),General A,HVLF,2026-05-22,8.466666666666667,9.5,2026-05-09
USR-171290,Instant Foods (Mathura),General B,HVLF,2026-05-24,8.75,9.9,2026-05-09
USR-171519,Instant Foods (Mathura),General B,HVLF,2026-05-29,11.4,9.8,2026-05-09
USR-166560,Rapid Enterprises,General A,HVLF,2026-05-29,10.214285714285714,9.9,2026-05-09
USR-171486,Instant Foods (Mathura),General B,HVLF,2026-05-22,9.666666666666666,9.0,2026-05-09
USR-25088,Instant Foods(Noida),General C,HVLF,2026-05-22,49.0,9.4,2026-05-09
USR-111866,NB Enterprises (West Delhi),General A,HVLF,2026-03-31,38.0,9.5,2026-05-09
USR-171535,Instant Foods (GZB),General B,HVLF,2026-05-20,46.0,9.9,2026-05-09
USR-91451,Instant Foods (SED),General A,HVLF,2026-05-20,9.538461538461538,9.0,2026-05-09
USR-171293,Instant Foods (Mathura),General A,HVLF,2026-05-20,16.666666666666668,9.3,2026-05-09
USR-171432,Instant Foods (Mathura),General A,HVLF,2026-05-25,19.714285714285715,9.6,2026-05-09
USR-112509,NB Enterprises (West Delhi),General B,HVLF,2026-04-18,7.357142857142857,9.1,2026-05-09
USR-153526,Instant Foods (SED),Paan A,HVHF,2026-05-30,8.222222222222221,9.4,2026-05-09
USR-26492,Instant Foods(Noida),Paan B,HVLF,2026-05-27,10.846153846153847,9.9,2026-05-09
USR-26487,Instant Foods(Noida),Paan B,HVLF,2026-05-30,8.416666666666666,9.5,2026-05-09
USR-162290,Rapid Enterprises,General C,HVLF,2026-01-31,9.0,9.5,2026-05-09
USR-151579,Crossline Events (Meerut),General A,HVLF,2026-05-12,9.666666666666666,9.9,2026-05-09
USR-153578,Crossline Events (Meerut),Paan B,HVLF,2026-04-20,11.333333333333334,9.3,2026-05-09
USR-89011,NB Enterprises (West Delhi),Paan B,HVLF,2026-05-26,9.0,9.1,2026-05-09
USR-26300,Crossline Events (Noida),General B,HVLF,2026-05-23,14.0,9.3,2026-05-09
USR-153609,Crossline Events (Meerut),General A,HVLF,2026-04-02,10.0,9.4,2026-05-09
USR-29058,Instant Foods(Noida),Paan B,HVHF,2026-05-23,7.4375,9.3,2026-05-09
USR-2670,Instant Foods (GZB),Paan A,HVLF,2026-04-04,16.0,9.5,2026-05-09
USR-8910,Instant Foods(Noida),General B,HVLF,2026-05-23,9.857142857142858,9.9,2026-05-09
USR-165569,Rapid Enterprises,General C,LVLF,2026-04-21,10.777777777777779,9.9,2026-05-09
USR-153627,NB Enterprises (West Delhi),Paan B,HVLF,2026-02-08,12.666666666666666,9.8,2026-05-09
USR-25960,Instant Foods(Noida),General C,HVLF,2026-03-06,11.8,9.3,2026-05-09
USR-17141,Crossline Events (Noida),Paan B,HVHF,2026-05-30,8.294117647058824,9.3,2026-05-09
USR-162427,Rapid Enterprises,General C,HVLF,2026-05-22,41.0,9.0,2026-05-09
USR-28331,Crossline Events (Noida),Paan B,HVLF,2026-05-04,10.25,9.7,2026-05-09
USR-166553,Rapid Enterprises,General C,HVLF,2026-05-25,10.0,9.3,2026-05-09
USR-153734,Instant Foods (SED),Paan A,HVLF,2026-05-23,9.133333333333333,9.7,2026-05-09
USR-162320,Rapid Enterprises,Paan C,HVLF,2026-05-30,45.333333333333336,9.7,2026-05-09
USR-27485,Crossline Events (Noida),General C,HVLF,2026-05-19,10.23076923076923,9.9,2026-05-09
USR-2536,Instant Foods (GZB),General B,HVLF,2026-05-22,9.428571428571429,9.1,2026-05-09
USR-150894,Crossline Events (Meerut),General B,HVLF,2026-03-16,16.5,9.9,2026-05-09
USR-91234,Instant Foods (SED),General A,HVLF,2026-05-28,16.22222222222222,9.5,2026-05-09
USR-25628,Instant Foods (GZB),General B,HVLF,2026-03-16,9.571428571428571,9.8,2026-05-09
USR-29191,Instant Foods (GZB),Paan B,HVLF,2026-02-28,9.0,9.3,2026-05-09
USR-162435,Rapid Enterprises,General A,HVLF,2026-04-13,9.875,9.4,2026-05-09
USR-102711,Instant Foods (SED),General A,HVLF,2026-05-23,9.071428571428571,9.6,2026-05-09
USR-153330,NB Enterprises (West Delhi),Paan B,HVLF,2026-05-23,8.117647058823529,9.1,2026-05-09
USR-29159,Instant Foods (GZB),Paan B,HVLF,2026-05-25,9.545454545454545,9.9,2026-05-09
USR-88300,NB Enterprises (West Delhi),Paan B,HVLF,2026-05-09,10.0,9.9,2026-05-09
USR-167867,Rapid Enterprises,General B,HVLF,2026-05-15,8.692307692307692,9.9,2026-05-09
USR-37405,Cross Line Events (EDelhi),General A,HVLF,2026-05-14,8.533333333333333,9.4,2026-05-09
USR-871,Crossline Events (Noida),General B,HVLF,2026-05-28,10.5,9.9,2026-05-09
USR-129844,Crossline Events (Meerut),General C,HVLF,2026-05-07,8.857142857142858,9.4,2026-05-09
USR-163345,Rapid Enterprises,General C,HVLF,2026-05-29,14.7,9.7,2026-05-09
USR-169,Instant Foods(Noida),Paan B,HVLF,2026-05-13,10.5,9.9,2026-05-09
USR-72599,NB Enterprises (West Delhi),Paan B,HVLF,2026-04-13,9.181818181818182,9.8,2026-05-09
USR-72360,NB Enterprises (West Delhi),Paan B,HVLF,2026-04-09,24.25,9.3,2026-05-09
USR-129639,Crossline Events (Meerut),General B,HVLF,2026-05-19,9.692307692307692,9.3,2026-05-09
USR-71647,Instant Foods (SED),General C,HVLF,2026-05-28,40.333333333333336,9.0,2026-05-09
USR-168954,Rapid Enterprises,General A,HVLF,2026-05-14,9.1,9.3,2026-05-09
USR-167321,Rapid Enterprises,General B,HVHF,2026-05-31,6.857142857142857,9.3,2026-05-09
USR-4466,Instant Foods(Noida),General B,HVLF,2026-05-25,10.76923076923077,9.8,2026-05-09
USR-44778,Cross Line Events (EDelhi),General A,HVLF,2026-04-20,15.0,9.9,2026-05-09
USR-168895,Rapid Enterprises,General B,HVLF,2026-03-28,10.5,9.1,2026-05-09
USR-4480,Cross Line Events (Ghaziabad),General B,HVLF,2026-05-09,13.6,9.7,2026-05-09
USR-44828,Cross Line Events (EDelhi),Paan B,HVLF,2026-05-29,10.538461538461538,9.2,2026-05-09
USR-167337,NB Enterprises (West Delhi),Wholesaler,HVLF,2026-05-30,9.066666666666666,9.8,2026-05-09
USR-108863,NB Enterprises (West Delhi),General B,HVLF,2026-03-18,11.0,9.3,2026-05-09
USR-129303,Crossline Events (Meerut),General C,HVLF,2026-05-19,9.916666666666666,9.5,2026-05-09
USR-932,Instant Foods(Noida),General A,HVLF,2026-05-19,8.933333333333334,9.1,2026-05-09
USR-169059,Rapid Enterprises,General B,HVLF,2026-03-03,19.0,9.0,2026-05-09
USR-163924,Rapid Enterprises,General A,HVLF,2026-04-22,9.2,9.3,2026-05-09
USR-171976,Instant Foods (Mathura),General A,HVLF,2026-05-29,11.142857142857142,9.5,2026-05-09
USR-131811,Crossline Events (Meerut),General B,HVLF,2026-05-20,10.615384615384615,9.8,2026-05-09
USR-131786,Crossline Events (Meerut),General C,HVHF,2026-05-30,8.294117647058824,9.7,2026-05-09
USR-40408,Cross Line Events (EDelhi),General A,HVLF,2026-05-18,10.23076923076923,9.9,2026-05-09
USR-93427,Instant Foods (SED),General A,HVLF,2026-05-30,9.3125,9.4,2026-05-09
USR-7548,Instant Foods(Noida),General B,HVLF,2026-05-26,13.857142857142858,9.5,2026-05-09
USR-163183,Rapid Enterprises,General B,HVLF,2026-05-29,10.214285714285714,9.9,2026-05-09
USR-4096,Cross Line Events (Ghaziabad),General C,HVLF,2026-05-28,11.153846153846153,9.7,2026-05-09
USR-74105,Instant Foods (SED),General C,HVLF,2026-05-30,9.3125,9.6,2026-05-09
USR-119880,Crossline Events (Noida),Paan B,HVLF,2026-05-20,9.142857142857142,9.3,2026-05-09
USR-163198,Rapid Enterprises,General B,HVLF,2026-03-26,9.428571428571429,9.4,2026-05-09
USR-169303,Rapid Enterprises,General A,HVLF,2026-04-25,14.0,9.8,2026-05-09
USR-41748,Cross Line Events (EDelhi),General A,HVLF,2026-05-30,9.25,9.3,2026-05-09
USR-130860,Crossline Events (Meerut),General C,HVLF,2026-05-11,9.272727272727273,9.8,2026-05-09
USR-167196,Rapid Enterprises,General B,HVLF,2026-03-27,10.625,9.6,2026-05-09
USR-42818,Cross Line Events (EDelhi),General A,HVLF,2026-05-14,8.25,9.2,2026-05-09
USR-169181,Cross Line Events (Ghaziabad),General C,HVLF,2026-05-27,9.76923076923077,9.0,2026-05-09
USR-42979,Instant Foods (GZB),Paan A,HVLF,2026-02-28,10.0,9.9,2026-05-09
USR-169150,Rapid Enterprises,General B,HVLF,2026-05-14,8.1875,9.0,2026-05-09
USR-107309,Crossline Events (Noida),General C,HVLF,2026-04-26,8.142857142857142,9.8,2026-05-09
USR-108869,NB Enterprises (West Delhi),General B,HVLF,2026-04-02,11.75,9.2,2026-05-09
USR-163460,Rapid Enterprises,General B,HVLF,2026-04-20,18.5,9.9,2026-05-09
USR-168792,Rapid Enterprises,General B,HVLF,2026-04-21,9.0,9.4,2026-05-09
USR-167515,Rapid Enterprises,General B,HVLF,2026-05-30,11.5,9.1,2026-05-09
USR-123114,Crossline Events (Meerut),Paan B,HVHF,2026-05-30,5.653846153846154,9.5,2026-05-09
USR-520,Instant Foods(Noida),Paan B,HVLF,2026-05-15,9.666666666666666,9.5,2026-05-09
USR-6598,Cross Line Events (Ghaziabad),General C,HVLF,2026-03-28,7.454545454545454,9.0,2026-05-09
USR-6495,Instant Foods (GZB),Paan B,HVLF,2026-03-07,11.4,9.9,2026-05-09
USR-166014,Rapid Enterprises,General B,HVLF,2026-05-21,55.0,9.8,2026-05-09
USR-53933,Instant Foods (SED),Paan B,HVHF,2026-05-30,8.764705882352942,9.1,2026-05-09
USR-10951,Instant Foods (GZB),Paan A,HVLF,2026-05-29,20.571428571428573,9.8,2026-05-09
USR-5094,Instant Foods (GZB),Paan B,HVLF,2026-03-14,10.142857142857142,9.2,2026-05-09
USR-5689,Cross Line Events (Ghaziabad),General B,HVLF,2026-05-25,10.25,9.7,2026-05-09
USR-1092,Crossline Events (Noida),General B,HVLF,2026-05-21,9.692307692307692,9.1,2026-05-09
USR-166036,Rapid Enterprises,Paan C,HVLF,2026-05-09,13.0,9.4,2026-05-09
USR-63257,NB Enterprises (West Delhi),Paan B,HVLF,2026-04-24,15.0,9.4,2026-05-09
USR-6273,Instant Foods (GZB),Paan B,HVLF,2026-01-29,11.5,9.9,2026-05-09
USR-167943,Instant Foods (SED),Paan A,HVLF,2026-05-27,19.5,9.1,2026-05-09
USR-126128,Crossline Events (Meerut),Paan B,HVHF,2026-05-09,6.7368421052631575,9.1,2026-05-09
USR-126222,Crossline Events (Meerut),General B,HVLF,2026-05-22,9.642857142857142,9.4,2026-05-09
USR-6070,Instant Foods (GZB),General C,HVHF,2026-05-30,9.3125,9.7,2026-05-09
USR-5702,Instant Foods (GZB),Paan B,LVLF,2026-01-23,10.0,9.4,2026-05-09
USR-40004,Cross Line Events (EDelhi),General A,HVLF,2026-05-11,9.923076923076923,9.7,2026-05-09
USR-168411,Rapid Enterprises,General A,HVLF,2026-05-30,9.4,9.2,2026-05-09
USR-168442,Rapid Enterprises,General A,HVLF,2026-01-29,9.0,9.5,2026-05-09
USR-695,Instant Foods(Noida),General B,HVLF,2026-05-23,9.214285714285714,9.5,2026-05-09
USR-45399,Cross Line Events (Ghaziabad),General C,HVLF,2026-05-25,10.142857142857142,9.7,2026-05-09
USR-165964,Rapid Enterprises,Paan B,HVLF,2026-05-27,9.615384615384615,9.0,2026-05-09
USR-45508,Cross Line Events (EDelhi),General A,HVLF,2026-05-28,9.714285714285714,9.1,2026-05-09
USR-45531,Cross Line Events (EDelhi),General A,HVLF,2026-05-30,9.666666666666666,9.6,2026-05-09
USR-45605,Cross Line Events (EDelhi),General A,HVLF,2026-05-19,10.625,9.7,2026-05-09
USR-45614,Cross Line Events (EDelhi),General A,HVLF,2026-04-08,11.0,9.7,2026-05-09
USR-128703,Crossline Events (Meerut),Paan B,HVLF,2026-05-05,9.333333333333334,9.7,2026-05-09
USR-92154,Instant Foods (SED),General A,HVLF,2026-03-14,11.666666666666666,9.1,2026-05-09
USR-46093,Instant Foods (SED),Paan B,HVLF,2026-05-23,26.25,9.4,2026-05-09
USR-9272,Cross Line Events (Ghaziabad),General B,HVLF,2026-05-20,10.615384615384615,9.7,2026-05-09
USR-4720,Instant Foods (GZB),Paan B,HVLF,2026-05-28,9.733333333333333,9.2,2026-05-09
USR-128115,Crossline Events (Meerut),General C,LVLF,2026-04-15,45.5,9.3,2026-05-09
USR-1090,Instant Foods(Noida),General B,HVLF,2026-05-29,9.733333333333333,9.4,2026-05-09
USR-128010,Crossline Events (Meerut),General C,HVLF,2026-04-01,17.5,9.5,2026-05-09
USR-168468,Cross Line Events (Ghaziabad),Wholesaler,HVLF,2026-05-16,11.545454545454545,9.9,2026-05-09
USR-49824,Instant Foods (SED),Paan B,HVLF,2026-05-08,7.470588235294118,9.4,2026-05-09
USR-5008,Instant Foods (GZB),Paan B,HVHF,2026-05-02,5.95,9.7,2026-05-09
USR-6923,Cross Line Events (Ghaziabad),General C,HVLF,2026-05-09,7.5625,9.3,2026-05-09
USR-169499,Rapid Enterprises,General B,HVLF,2026-04-08,11.75,9.1,2026-05-09
USR-39735,Cross Line Events (EDelhi),General B,HVLF,2026-03-10,17.0,9.9,2026-05-09
USR-116835,Crossline Events (Meerut),General C,HVHF,2026-05-16,5.0,9.1,2026-05-09
USR-3156,Cross Line Events (Ghaziabad),General A,HVLF,2026-05-20,19.4,9.3,2026-05-09
USR-8411,Instant Foods(Noida),General C,HVLF,2026-04-07,11.0,9.7,2026-05-09
USR-105324,Instant Foods (SED),General A,HVLF,2026-05-30,9.666666666666666,9.9,2026-05-09
USR-31807,Cross Line Events (EDelhi),Paan B,HVLF,2026-05-01,7.363636363636363,9.5,2026-05-09
USR-135563,Crossline Events (Meerut),General C,HVLF,2026-05-18,10.23076923076923,9.8,2026-05-09
USR-170810,Instant Foods (Mathura),General A,HVLF,2026-05-19,10.4,9.6,2026-05-09
USR-170784,Rapid Enterprises,Wholesaler,HVLF,2026-05-30,18.0,9.2,2026-05-09
USR-135376,Crossline Events (Meerut),General A,HVLF,2026-05-29,10.0,9.7,2026-05-09
USR-84146,Instant Foods (SED),General C,HVLF,2026-04-23,9.555555555555555,9.5,2026-05-09
USR-166832,Rapid Enterprises,General B,HVLF,2026-05-25,9.75,9.6,2026-05-09
USR-3262,Cross Line Events (EDelhi),Paan B,HVLF,2026-05-16,8.384615384615385,9.7,2026-05-09
USR-3269,Instant Foods (GZB),General C,HVLF,2026-05-30,9.6,9.7,2026-05-09
USR-114124,NB Enterprises (West Delhi),General A,HVLF,2026-05-08,10.25,9.8,2026-05-09
USR-166873,Instant Foods(Noida),General C,HVLF,2026-05-26,9.9,9.8,2026-05-09
USR-170704,Instant Foods (Mathura),Paan A,HVLF,2026-04-04,8.9,9.7,2026-05-09
USR-135132,Crossline Events (Meerut),General A,HVLF,2026-05-12,8.9,9.3,2026-05-09
USR-91550,Instant Foods (SED),General A,HVLF,2026-05-25,10.285714285714286,9.9,2026-05-09
USR-170644,Instant Foods (Mathura),General B,HVLF,2026-03-06,10.0,9.1,2026-05-09
USR-135290,Crossline Events (Meerut),General C,HVLF,2026-04-06,13.5,9.3,2026-05-09
USR-170617,Instant Foods (Mathura),General B,HVLF,2026-05-28,30.333333333333332,9.4,2026-05-09
USR-170869,Instant Foods (Mathura),Paan A,HVLF,2026-03-03,14.75,9.3,2026-05-09
USR-170897,Instant Foods (Mathura),General B,HVLF,2026-04-03,14.5,9.9,2026-05-09
USR-150060,NB Enterprises (West Delhi),General C,HVLF,2026-05-26,35.0,9.7,2026-05-09
USR-171198,Instant Foods (Mathura),General B,HVLF,2026-05-12,12.25,9.3,2026-05-09
USR-171196,Instant Foods (Mathura),General B,HVHF,2026-05-30,8.529411764705882,9.0,2026-05-09
USR-29490,Instant Foods(Noida),General C,HVLF,2026-02-24,10.0,9.3,2026-05-09
USR-29646,Cross Line Events (Ghaziabad),General C,HVLF,2026-05-29,9.142857142857142,9.0,2026-05-09
USR-8611,Cross Line Events (Ghaziabad),General C,HVLF,2026-04-29,19.666666666666668,9.7,2026-05-09
USR-29757,Cross Line Events (Ghaziabad),Paan B,HVLF,2026-04-18,9.5,9.1,2026-05-09
USR-94961,Instant Foods (SED),General A,HVLF,2026-05-21,9.333333333333334,9.6,2026-05-09
USR-166786,Crossline Events (Meerut),Wholesaler,HVLF,2026-04-04,10.833333333333334,9.1,2026-05-09
USR-113764,NB Enterprises (West Delhi),General A,HVLF,2026-04-25,57.0,9.7,2026-05-09
USR-8491,Instant Foods(Noida),Paan B,HVLF,2026-05-19,9.5,9.4,2026-05-09
USR-170947,Instant Foods (Mathura),Paan A,HVLF,2026-05-25,11.222222222222221,9.8,2026-05-09
USR-8481,Instant Foods(Noida),Paan B,HVLF,2026-03-20,17.5,9.3,2026-05-09
USR-30017,Cross Line Events (EDelhi),General A,HVLF,2026-05-30,8.705882352941176,9.4,2026-05-09
USR-8445,Instant Foods(Noida),General B,HVLF,2026-05-22,9.916666666666666,9.8,2026-05-09
USR-165734,Rapid Enterprises,General B,HVLF,2026-05-23,8.75,9.7,2026-05-09
USR-166252,Rapid Enterprises,General B,HVLF,2026-05-20,9.571428571428571,9.0,2026-05-09
USR-170903,Instant Foods (Mathura),General B,HVHF,2026-05-30,8.076923076923077,9.7,2026-05-09
USR-170972,Instant Foods (Mathura),General C,HVLF,2026-05-20,13.166666666666666,9.0,2026-05-09
USR-162504,Instant Foods (SED),Paan B,HVLF,2026-05-20,10.11111111111111,9.8,2026-05-09
USR-170566,Instant Foods (Mathura),General A,HVLF,2026-05-31,6.7272727272727275,9.1,2026-05-09
USR-114394,NB Enterprises (West Delhi),General B,HVLF,2026-05-30,8.5,9.7,2026-05-09
USR-165830,Rapid Enterprises,General C,HVLF,2026-04-30,10.222222222222221,9.6,2026-05-09
USR-169949,Instant Foods (Mathura),Paan A,HVLF,2026-05-16,17.333333333333332,9.2,2026-05-09
USR-165863,Rapid Enterprises,General C,HVHF,2026-05-31,9.125,9.9,2026-05-09
USR-38346,Cross Line Events (EDelhi),General A,HVLF,2026-05-30,9.3,9.9,2026-05-09
USR-79420,Instant Foods (SED),Paan B,HVHF,2026-05-31,8.470588235294118,9.7,2026-05-09
USR-164749,Rapid Enterprises,General B,HVLF,2026-01-31,10.5,9.3,2026-05-09
USR-38452,Cross Line Events (EDelhi),General A,HVLF,2026-03-21,9.625,9.0,2026-05-09
USR-78114,NB Enterprises (West Delhi),General C,HVLF,2026-03-14,11.833333333333334,9.9,2026-05-09
USR-165813,Rapid Enterprises,General A,HVLF,2026-05-27,10.285714285714286,9.2,2026-05-09
USR-38679,Cross Line Events (EDelhi),General A,HVHF,2026-05-23,8.235294117647058,9.6,2026-05-09
USR-132205,Crossline Events (Meerut),General C,HVLF,2026-05-29,10.0,9.0,2026-05-09
USR-39244,Cross Line Events (EDelhi),General A,HVLF,2026-05-12,20.333333333333332,9.1,2026-05-09
USR-166199,Rapid Enterprises,General B,HVLF,2026-05-16,42.0,9.2,2026-05-09
USR-106236,Instant Foods (SED),General A,HVLF,2026-05-25,9.923076923076923,9.2,2026-05-09
USR-91864,Instant Foods (SED),General A,HVLF,2026-05-16,8.933333333333334,9.4,2026-05-09
USR-165895,Rapid Enterprises,Paan A,HVLF,2026-05-20,9.75,9.8,2026-05-09
USR-116803,Crossline Events (Meerut),General C,HVLF,2026-05-07,8.714285714285714,9.6,2026-05-09
USR-169608,Rapid Enterprises,General B,HVLF,2026-05-30,9.1875,9.2,2026-05-09
USR-167052,Instant Foods (SED),Paan C,HVLF,2026-04-29,11.3,9.3,2026-05-09
USR-3453,Instant Foods (GZB),General B,LVLF,2026-05-07,9.833333333333334,9.6,2026-05-09
USR-169989,Rapid Enterprises,General B,HVLF,2026-05-26,10.0,9.6,2026-05-09
USR-162858,Rapid Enterprises,Paan C,HVLF,2026-05-06,8.428571428571429,9.3,2026-05-09
USR-359,Crossline Events (Noida),Paan A,HVHF,2026-05-30,3.7,9.2,2026-05-09
USR-3595,Cross Line Events (Ghaziabad),Paan B,HVLF,2026-04-11,16.0,9.7,2026-05-09
USR-8210,Instant Foods(Noida),General B,HVLF,2026-05-26,10.285714285714286,9.8,2026-05-09
USR-105787,Instant Foods (SED),General A,HVLF,2026-02-20,21.5,9.8,2026-05-09
USR-133891,Cross Line Events (Ghaziabad),General C,HVLF,2026-05-26,9.4,9.2,2026-05-09
USR-170247,Crossline Events (Meerut),General C,HVLF,2026-05-05,8.266666666666667,9.3,2026-05-09
USR-8160,Instant Foods(Noida),General B,HVLF,2026-05-21,9.266666666666667,9.1,2026-05-09
USR-105835,Instant Foods (SED),General A,HVLF,2026-05-11,30.0,9.6,2026-05-09
USR-170027,Rapid Enterprises,General A,HVLF,2026-05-26,10.833333333333334,9.0,2026-05-09
USR-36934,Instant Foods (GZB),General A,HVLF,2026-05-18,10.555555555555555,9.9,2026-05-09
USR-17016,Instant Foods(Noida),Paan B,HVLF,2026-03-01,12.0,9.8,2026-05-09
USR-93952,Instant Foods (SED),General A,HVLF,2026-05-30,9.1875,9.1,2026-05-09
USR-170109,Rapid Enterprises,Paan A,HVLF,2026-05-22,9.785714285714286,9.5,2026-05-09
USR-165809,Rapid Enterprises,General C,HVLF,2026-04-06,13.5,9.1,2026-05-09
USR-170099,Instant Foods (Mathura),General B,HVLF,2026-04-20,9.8,9.0,2026-05-09
USR-80669,NB Enterprises (West Delhi),Paan B,HVLF,2026-03-28,8.5,9.1,2026-05-09
USR-170043,Instant Foods (Mathura),General A,HVLF,2026-02-23,9.0,9.1,2026-05-09
USR-170033,Instant Foods (SED),General A,HVLF,2026-03-27,12.166666666666666,9.1,2026-05-09
USR-37106,Instant Foods(Noida),Paan B,HVLF,2026-04-14,11.666666666666666,9.5,2026-05-09
USR-2002,Instant Foods(Noida),Paan B,HVLF,2026-04-10,19.6,9.8,2026-05-09
USR-14369,Instant Foods(Noida),General B,HVLF,2026-05-02,7.933333333333334,9.2,2026-05-09
USR-161604,Instant Foods (GZB),Paan B,HVLF,2026-04-23,11.555555555555555,9.8,2026-05-09
USR-173486,Instant Foods (Mathura),General A,HVLF,2026-05-30,8.636363636363637,9.4,2026-05-09
USR-160328,Instant Foods(Noida),Wholesaler,HVLF,2026-04-16,46.5,9.2,2026-05-09
USR-17545,Instant Foods (GZB),General B,HVLF,2026-03-31,12.5,9.0,2026-05-09
USR-165156,Rapid Enterprises,General A,LVLF,2026-05-21,64.5,9.2,2026-05-09
USR-161871,Instant Foods (GZB),Paan C,HVLF,2026-05-12,9.88888888888889,9.5,2026-05-09
USR-97892,Instant Foods (GZB),General A,HVLF,2026-05-26,9.4,9.3,2026-05-09
USR-172237,Instant Foods (Mathura),General B,HVLF,2026-04-08,8.9,9.6,2026-05-09
USR-175440,Rapid Enterprises,General B,HVLF,2026-04-24,11.0,9.7,2026-05-09
USR-23348,Instant Foods(Noida),General A,HVLF,2026-05-23,8.75,9.0,2026-05-09
USR-175426,Instant Foods (Mathura),General B,HVLF,2026-04-15,10.8,9.6,2026-05-09
USR-22301,Instant Foods(Noida),Paan B,HVLF,2026-05-07,9.333333333333334,9.5,2026-05-09
USR-175423,Instant Foods (Mathura),General B,HVLF,2026-05-30,11.142857142857142,9.1,2026-05-09
USR-175345,Rapid Enterprises,General B,HVLF,2026-04-02,10.2,9.5,2026-05-09
USR-162213,Instant Foods (SED),Paan B,HVLF,2026-05-18,9.642857142857142,9.5,2026-05-09
USR-99036,Instant Foods (SED),General A,HVLF,2026-05-30,8.166666666666666,9.2,2026-05-09
USR-159236,Instant Foods(Noida),Paan B,HVLF,2026-05-27,9.333333333333334,9.1,2026-05-09
USR-173058,Instant Foods (Mathura),General B,HVLF,2026-04-25,23.5,9.5,2026-05-09
USR-176414,Maa Sharda(LKO),General B,HVLF,2026-05-18,9.0,9.3,2026-05-09
USR-161443,Instant Foods (GZB),General C,HVLF,2026-04-11,8.083333333333334,9.3,2026-05-09
USR-159275,Instant Foods (GZB),General B,HVLF,2026-05-23,9.333333333333334,9.4,2026-05-09
USR-20199,Instant Foods(Noida),General A,HVLF,2026-05-15,21.0,9.5,2026-05-09
USR-101664,Instant Foods (SED),General A,HVLF,2026-05-25,10.875,9.7,2026-05-09
USR-21243,Instant Foods(Noida),Paan B,HVLF,2026-05-29,9.8,9.3,2026-05-09
USR-159409,Instant Foods(Noida),General C,HVLF,2026-05-29,21.0,9.1,2026-05-09
USR-159593,Instant Foods (GZB),Paan A,HVLF,2026-05-16,7.882352941176471,9.3,2026-05-09
USR-160280,Crossline Events (Meerut),Paan C,HVLF,2026-05-27,11.666666666666666,9.2,2026-05-09
USR-165228,Rapid Enterprises,General B,HVLF,2026-05-22,10.307692307692308,9.8,2026-05-09
USR-172544,Instant Foods (Mathura),Paan A,HVLF,2026-04-18,10.0,9.3,2026-05-09
USR-161556,Instant Foods(Noida),Paan C,HVLF,2026-04-08,9.5,9.4,2026-05-09
USR-101785,Instant Foods (SED),General A,HVLF,2026-05-23,8.833333333333334,9.7,2026-05-09
USR-172268,Instant Foods (Mathura),Wholesaler,HVLF,2026-05-20,12.333333333333334,9.5,2026-05-09
USR-161220,Instant Foods(Noida),Paan C,HVHF,2026-05-30,4.138888888888889,9.5,2026-05-09
USR-175480,Instant Foods (Mathura),General A,HVLF,2026-05-12,9.666666666666666,9.1,2026-05-09
USR-2242,Crossline Events (Noida),General C,HVLF,2026-05-27,9.6,9.5,2026-05-09
USR-17702,Instant Foods (GZB),General B,HVLF,2026-05-29,9.5,9.2,2026-05-09
USR-100301,Instant Foods (SED),General A,HVLF,2026-05-22,9.066666666666666,9.1,2026-05-09
USR-160389,Cross Line Events (Ghaziabad),General C,HVLF,2026-05-20,10.615384615384615,9.8,2026-05-09
USR-173639,Instant Foods (Mathura),Paan A,HVLF,2026-05-31,7.384615384615385,9.0,2026-05-09
USR-161574,Cross Line Events (EDelhi),Paan C,HVLF,2026-05-23,8.352941176470589,9.9,2026-05-09
USR-172177,Instant Foods (Mathura),General B,HVLF,2026-05-20,9.846153846153847,9.0,2026-05-09
USR-162077,Rapid Enterprises,Paan B,HVLF,2026-02-21,11.5,9.0,2026-05-09
USR-174311,Instant Foods (Mathura),General A,HVLF,2026-05-30,14.8,9.2,2026-05-09
USR-161729,Rapid Enterprises,Paan A,HVLF,2026-05-11,11.0,9.6,2026-05-09
USR-159469,Instant Foods(Noida),General C,HVLF,2026-05-19,13.25,9.2,2026-05-09
USR-160485,Instant Foods(Noida),General A,HVLF,2026-03-01,10.0,9.0,2026-05-09
USR-172744,Instant Foods (Mathura),General C,HVLF,2026-04-09,10.0,9.9,2026-05-09
USR-179132,Maa Sharda(LKO),Paan B,LVLF,2026-05-30,9.0,9.1,2026-05-09
USR-20953,Instant Foods(Noida),General C,HVLF,2026-05-29,8.636363636363637,9.3,2026-05-09
USR-162060,Rapid Enterprises,Paan A,HVLF,2026-05-22,10.0,9.8,2026-05-09
USR-162153,Rapid Enterprises,General B,HVLF,2026-05-20,10.0,9.7,2026-05-09
USR-161459,NB Enterprises (West Delhi),Paan B,HVLF,2026-05-29,9.866666666666667,9.7,2026-05-09
USR-175185,Instant Foods (Mathura),General B,HVLF,2026-05-25,10.88888888888889,9.2,2026-05-09
USR-160557,Crossline Events (Meerut),General A,HVLF,2026-04-30,19.75,9.4,2026-05-09
USR-98224,Instant Foods (SED),General A,HVLF,2026-04-29,10.666666666666666,9.5,2026-05-09
USR-17953,Instant Foods (GZB),Paan B,LVLF,2026-04-06,47.0,9.2,2026-05-09
USR-23606,Instant Foods(Noida),General A,HVHF,2026-05-30,8.9375,9.9,2026-05-09
USR-22969,Instant Foods(Noida),General C,HVLF,2026-01-31,10.0,9.9,2026-05-09
USR-164942,Rapid Enterprises,Paan B,HVLF,2026-05-14,9.2,9.2,2026-05-09
USR-2217,Crossline Events (Noida),Paan B,HVLF,2026-03-02,12.25,9.5,2026-05-09
USR-100353,Instant Foods (SED),General A,LVLF,2026-03-27,14.5,9.7,2026-05-09
USR-2068,Crossline Events (Noida),Paan B,LVLF,2026-04-08,9.333333333333334,9.8,2026-05-09
USR-172494,Instant Foods (Mathura),Paan A,HVLF,2026-05-19,20.0,9.1,2026-05-09
USR-173707,Instant Foods (Mathura),Paan A,HVLF,2026-05-18,10.857142857142858,9.7,2026-05-09
USR-173926,Rapid Enterprises,General B,HVLF,2026-02-16,11.5,9.9,2026-05-09
USR-158745,Crossline Events (Meerut),General A,HVLF,2026-05-30,9.533333333333333,9.7,2026-05-09
USR-161586,Instant Foods (GZB),Paan C,HVLF,2026-05-29,9.6,9.1,2026-05-09
USR-160740,Crossline Events (Meerut),General A,HVLF,2026-01-24,10.5,9.8,2026-05-09
USR-176286,Maa Sharda(LKO),General B,HVLF,2026-05-20,9.0,9.3,2026-05-09
USR-175351,Instant Foods (Mathura),General B,HVLF,2026-05-30,8.75,9.5,2026-05-09
USR-159250,Instant Foods(Noida),General B,HVHF,2026-05-30,7.15,9.9,2026-05-09
USR-20727,Instant Foods(Noida),General C,HVHF,2026-05-30,8.166666666666666,9.1,2026-05-09
USR-100546,Cross Line Events (EDelhi),Paan B,HVLF,2026-02-18,9.0,9.1,2026-05-09
USR-176288,Rapid Enterprises,General B,HVLF,2026-04-22,10.0,9.8,2026-05-09
USR-175159,Rapid Enterprises,General B,HVLF,2026-05-21,8.75,9.8,2026-05-09
USR-100808,Instant Foods (SED),General A,HVLF,2026-05-25,9.363636363636363,9.2,2026-05-09
USR-162200,Rapid Enterprises,General B,HVHF,2026-05-23,8.375,9.4,2026-05-09
USR-17885,Instant Foods(Noida),General B,HVLF,2026-05-08,8.785714285714286,9.3,2026-05-09
USR-22997,Instant Foods(Noida),General A,LVLF,2026-02-21,10.0,9.5,2026-05-09
USR-172857,Instant Foods (Mathura),General B,HVLF,2026-04-04,10.0,9.6,2026-05-09
USR-174687,Instant Foods (Mathura),General B,HVLF,2026-03-06,10.0,9.1,2026-05-09
USR-175265,Instant Foods (Mathura),Paan B,HVLF,2026-05-26,10.333333333333334,9.9,2026-05-09
USR-173133,Instant Foods (Mathura),General C,LVLF,2026-04-04,14.0,9.4,2026-05-09
USR-172422,Instant Foods (Mathura),Paan A,HVLF,2026-04-14,10.0,9.2,2026-05-09
USR-159901,Instant Foods (SED),Paan B,HVLF,2026-05-14,9.357142857142858,9.8,2026-05-09
USR-161949,Crossline Events (Noida),Paan B,HVLF,2026-01-29,8.5,9.1,2026-05-09
USR-174137,Instant Foods (Mathura),General C,HVLF,2026-05-03,9.428571428571429,9.5,2026-05-09
USR-172660,Instant Foods (Mathura),General B,HVLF,2026-05-21,16.666666666666668,9.3,2026-05-09
USR-22545,Instant Foods(Noida),General C,HVLF,2026-03-30,11.0,9.9,2026-05-09
USR-175672,Instant Foods (Mathura),General B,HVLF,2026-05-31,11.333333333333334,9.7,2026-05-09
USR-173179,Instant Foods (Mathura),General B,HVLF,2026-05-02,8.714285714285714,9.0,2026-05-09
USR-162170,Instant Foods (GZB),Paan A,HVLF,2026-05-09,11.454545454545455,9.4,2026-05-09
USR-161468,Instant Foods (GZB),Paan C,HVLF,2026-03-30,12.0,9.6,2026-05-09
USR-174652,Instant Foods (Mathura),General B,HVLF,2026-05-14,9.428571428571429,9.1,2026-05-09
USR-174132,Instant Foods (Mathura),General B,HVLF,2026-05-22,8.571428571428571,9.2,2026-05-09
USR-161253,Cross Line Events (Ghaziabad),General B,HVLF,2026-05-07,18.0,9.2,2026-05-09
USR-22540,Instant Foods(Noida),General C,LVLF,2026-05-14,21.0,9.5,2026-05-09
USR-160843,NB Enterprises (West Delhi),General B,HVLF,2026-05-23,8.090909090909092,9.0,2026-05-09
USR-173089,Instant Foods (Mathura),General A,HVLF,2026-03-26,12.0,9.5,2026-05-09
USR-174751,Instant Foods (Mathura),General A,HVLF,2026-05-21,15.0,9.3,2026-05-09
USR-24728,Instant Foods (GZB),General A,HVLF,2026-05-30,9.466666666666667,9.6,2026-05-09
USR-175809,Cross Line Events (Ghaziabad),Paan B,HVLF,2026-05-30,9.4,9.3,2026-05-09
USR-176485,Instant Foods (Mathura),General B,HVLF,2026-05-18,21.0,9.3,2026-05-09
USR-159125,Cross Line Events (EDelhi),Paan C,HVHF,2026-05-30,7.7368421052631575,9.1,2026-05-09
USR-22692,Instant Foods(Noida),General C,HVLF,2026-04-30,10.0,9.1,2026-05-09
USR-22701,Instant Foods(Noida),General C,HVLF,2026-03-23,13.0,9.9,2026-05-09
USR-159726,Instant Foods (SED),General A,HVLF,2026-05-07,10.083333333333334,9.9,2026-05-09
USR-24590,Instant Foods(Noida),General C,HVLF,2026-04-22,9.083333333333334,9.2,2026-05-09
USR-174218,Instant Foods (Mathura),General A,HVLF,2026-05-19,10.625,9.7,2026-05-09
USR-161473,Instant Foods(Noida),Paan C,HVLF,2026-05-16,9.285714285714286,9.4,2026-05-09
USR-175695,Instant Foods (SED),Paan B,HVLF,2026-05-25,9.4,9.0,2026-05-09
USR-165162,Rapid Enterprises,General C,HVLF,2026-04-25,8.76923076923077,9.0,2026-05-09
USR-172009,NB Enterprises (West Delhi),Paan B,HVLF,2026-03-31,9.222222222222221,9.0,2026-05-09
USR-21873,Crossline Events (Noida),Paan B,HVLF,2026-05-30,9.533333333333333,9.9,2026-05-09
USR-161937,Rapid Enterprises,General B,HVLF,2026-05-18,8.058823529411764,9.0,2026-05-09
USR-174158,Instant Foods (Mathura),General C,HVLF,2026-05-29,9.545454545454545,9.3,2026-05-09
USR-173070,Instant Foods (Mathura),General A,HVLF,2026-05-30,8.75,9.2,2026-05-09
USR-100230,Instant Foods (SED),General A,HVLF,2026-05-28,10.357142857142858,9.8,2026-05-09
USR-172545,Instant Foods (Mathura),General A,HVHF,2026-05-31,6.866666666666666,9.1,2026-05-09
USR-22833,Instant Foods(Noida),General A,HVLF,2026-05-30,12.444444444444445,9.7,2026-05-09
USR-178027,Maa Sharda(LKO),Chemist A,HVLF,2026-05-29,10.0,9.8,2026-05-09
USR-22443,Crossline Events (Noida),General C,HVLF,2026-03-16,11.666666666666666,9.8,2026-05-09
USR-22901,Instant Foods(Noida),General A,HVLF,2026-05-30,9.1875,9.4,2026-05-09
USR-18561,Instant Foods(Noida),General B,HVLF,2026-05-26,10.285714285714286,9.5,2026-05-09
USR-21307,Instant Foods(Noida),Paan B,HVHF,2026-05-23,8.6,9.7,2026-05-09
USR-174606,Instant Foods (Mathura),General B,HVLF,2026-05-14,9.875,9.3,2026-05-09
USR-98359,Instant Foods (SED),General A,HVLF,2026-05-30,9.846153846153847,9.9,2026-05-09
USR-161082,Instant Foods (SED),Paan C,HVLF,2026-05-25,16.0,9.6,2026-05-09
USR-161900,Rapid Enterprises,Paan B,HVLF,2026-03-06,16.666666666666668,9.0,2026-05-09
USR-173274,Instant Foods (Mathura),General B,HVLF,2026-05-20,13.666666666666666,9.4,2026-05-09
USR-21327,Instant Foods(Noida),General C,HVLF,2026-04-17,9.5,9.9,2026-05-09
USR-161268,Instant Foods(Noida),Paan B,HVHF,2026-05-31,5.5,9.2,2026-05-09
USR-177939,Maa Sharda(LKO),Chemist B,HVLF,2026-05-23,9.0,9.3,2026-05-09
USR-18491,Instant Foods(Noida),General A,HVLF,2026-03-25,11.571428571428571,9.4,2026-05-09
USR-172052,Instant Foods (Mathura),General B,HVLF,2026-05-29,11.0,9.5,2026-05-09
USR-97295,Instant Foods (SED),General A,HVLF,2026-03-26,10.0,9.2,2026-05-09
USR-175328,Instant Foods (Mathura),General B,HVLF,2026-05-28,11.857142857142858,9.6,2026-05-09
USR-19628,Instant Foods(Noida),Paan B,HVLF,2026-05-13,10.11111111111111,9.6,2026-05-09
USR-165370,Rapid Enterprises,General A,HVLF,2026-05-30,9.6,9.0,2026-05-09
USR-177134,Crossline Events (Meerut),General C,HVLF,2026-05-21,18.5,9.3,2026-05-09
USR-172179,Instant Foods (Mathura),General A,HVLF,2026-05-08,9.5,9.8,2026-05-09
USR-21941,Instant Foods(Noida),General C,HVLF,2026-05-21,12.363636363636363,9.8,2026-05-09
USR-160128,Instant Foods(Noida),Paan C,HVLF,2026-03-28,7.9,9.9,2026-05-09
USR-175983,Instant Foods (Mathura),Wholesaler,HVLF,2026-05-04,13.0,9.4,2026-05-09
USR-161502,Instant Foods (GZB),Paan C,HVLF,2026-03-20,11.5,9.7,2026-05-09
USR-160136,Instant Foods (GZB),Paan C,HVLF,2026-05-01,10.0,9.3,2026-05-09
USR-160144,Crossline Events (Meerut),Paan C,HVLF,2026-05-07,8.692307692307692,9.2,2026-05-09
USR-18678,Instant Foods(Noida),General B,HVLF,2026-01-27,10.5,9.3,2026-05-09
USR-19757,Instant Foods(Noida),General B,HVLF,2026-05-25,10.615384615384615,9.5,2026-05-09
USR-97633,Instant Foods (SED),General A,HVLF,2026-05-27,10.0,9.6,2026-05-09
USR-161977,Rapid Enterprises,General B,HVHF,2026-05-30,8.294117647058824,9.7,2026-05-09
USR-200,Crossline Events (Noida),Paan B,LVLF,2026-04-08,45.5,9.6,2026-05-09
USR-159326,Instant Foods(Noida),Paan A,HVLF,2026-04-06,11.625,10.9,2026-05-10
USR-643,Crossline Events (Noida),Paan B,HVLF,2026-04-25,16.142857142857142,10.0,2026-05-10
USR-6487,Instant Foods (GZB),Paan A,HVLF,2026-05-17,8.25,10.4,2026-05-10
USR-174275,Instant Foods (Mathura),General B,HVLF,2026-05-07,14.0,10.7,2026-05-10
USR-160734,NB Enterprises (West Delhi),Paan B,HVLF,2026-05-23,10.615384615384615,10.9,2026-05-10
USR-167532,Rapid Enterprises,General B,HVLF,2026-05-01,17.25,10.8,2026-05-10
USR-64160,Instant Foods (SED),General C,HVLF,2026-05-21,10.333333333333334,10.6,2026-05-10
USR-12355,Instant Foods (GZB),Paan B,HVLF,2026-04-21,17.5,10.3,2026-05-10
USR-162623,Rapid Enterprises,General C,HVLF,2026-05-21,8.75,10.0,2026-05-10
USR-165741,Rapid Enterprises,General B,HVLF,2026-05-11,10.5,10.0,2026-05-10
USR-130864,Crossline Events (Meerut),General A,HVLF,2026-03-30,13.333333333333334,10.2,2026-05-10
USR-160751,NB Enterprises (West Delhi),Paan B,HVLF,2026-04-30,18.25,10.6,2026-05-10
USR-144824,NB Enterprises (West Delhi),Paan C,HVLF,2026-05-21,10.384615384615385,10.6,2026-05-10
USR-7086,Cross Line Events (Ghaziabad),General B,HVLF,2026-05-30,10.2,10.6,2026-05-10
USR-163885,Rapid Enterprises,General B,HVLF,2026-05-21,10.583333333333334,10.4,2026-05-10
USR-29693,Instant Foods(Noida),Paan A,HVLF,2026-04-02,7.909090909090909,10.1,2026-05-10
USR-22504,Instant Foods(Noida),General A,HVLF,2026-05-14,9.923076923076923,10.2,2026-05-10
USR-119727,Crossline Events (Meerut),Paan B,HVLF,2026-05-29,10.846153846153847,10.1,2026-05-10
USR-159175,Crossline Events (Meerut),Paan B,HVLF,2026-05-30,13.222222222222221,10.9,2026-05-10
USR-720,Instant Foods(Noida),Paan B,HVLF,2026-04-07,10.375,10.0,2026-05-10
USR-119515,Crossline Events (Meerut),General C,HVLF,2026-05-26,31.25,10.8,2026-05-10
USR-160850,Instant Foods(Noida),General C,HVLF,2026-05-01,8.625,10.3,2026-05-10
USR-147320,NB Enterprises (West Delhi),General C,HVLF,2026-05-27,15.375,10.0,2026-05-10
USR-161532,NB Enterprises (West Delhi),Paan C,HVLF,2026-04-11,8.6,10.3,2026-05-10
USR-171141,Instant Foods (Mathura),General C,HVLF,2026-05-18,14.666666666666666,10.5,2026-05-10
USR-730,Crossline Events (Noida),General B,HVLF,2026-05-15,10.307692307692308,10.7,2026-05-10
USR-174783,Instant Foods (Mathura),General B,HVLF,2026-05-14,12.166666666666666,10.1,2026-05-10
USR-29486,Instant Foods(Noida),Paan B,HVLF,2026-04-08,9.6,10.7,2026-05-10
USR-166161,Rapid Enterprises,General C,HVLF,2026-04-27,26.25,10.2,2026-05-10
USR-149923,Crossline Events (Noida),Paan B,HVLF,2026-05-12,11.0,10.0,2026-05-10
USR-174821,Rapid Enterprises,General B,HVLF,2026-04-09,11.2,10.0,2026-05-10
USR-29802,Cross Line Events (Ghaziabad),General C,HVLF,2026-03-11,24.5,10.3,2026-05-10
USR-167384,Rapid Enterprises,Paan B,HVLF,2026-05-18,10.333333333333334,10.4,2026-05-10
USR-104328,Instant Foods (GZB),Paan B,HVLF,2026-05-12,25.0,10.0,2026-05-10
USR-119966,Instant Foods (SED),General B,HVLF,2026-05-04,7.4375,10.7,2026-05-10
USR-672,Instant Foods(Noida),General B,HVLF,2026-05-16,9.692307692307692,10.1,2026-05-10
USR-163866,Rapid Enterprises,General B,HVLF,2026-05-16,10.23076923076923,10.4,2026-05-10
USR-12217,Instant Foods (GZB),General B,HVLF,2026-05-05,9.818181818181818,10.9,2026-05-10
USR-137461,NB Enterprises (West Delhi),General A,HVLF,2026-04-16,12.2,10.9,2026-05-10
USR-167455,Instant Foods (GZB),General A,HVLF,2026-01-29,12.0,10.9,2026-05-10
USR-2214,Crossline Events (Noida),Paan B,HVLF,2026-02-18,14.0,10.5,2026-05-10
USR-174336,Instant Foods (Mathura),General A,HVLF,2026-05-23,15.666666666666666,10.7,2026-05-10
USR-170910,Instant Foods (Mathura),General B,HVLF,2026-05-04,11.5,10.5,2026-05-10
USR-174459,NB Enterprises (West Delhi),Paan B,HVLF,2026-04-17,11.4,10.0,2026-05-10
USR-136609,Instant Foods(Noida),General C,HVLF,2026-05-22,13.555555555555555,10.5,2026-05-10
USR-30297,Cross Line Events (EDelhi),Paan B,HVLF,2026-03-30,14.5,10.6,2026-05-10
USR-165706,Rapid Enterprises,Paan B,HVLF,2026-04-12,9.6,10.7,2026-05-10
USR-170928,Instant Foods (Mathura),General B,HVLF,2026-05-18,13.666666666666666,10.1,2026-05-10
USR-96462,Instant Foods (SED),General A,HVLF,2026-03-23,21.0,10.1,2026-05-10
USR-22397,Instant Foods(Noida),General C,HVLF,2026-05-18,10.538461538461538,10.2,2026-05-10
USR-167395,Crossline Events (Meerut),General B,HVLF,2026-05-26,23.2,10.8,2026-05-10
USR-174530,Crossline Events (Meerut),General C,HVLF,2026-02-09,11.0,10.7,2026-05-10
USR-119969,Crossline Events (Meerut),General B,HVLF,2026-04-03,12.75,10.6,2026-05-10
USR-2244,Instant Foods(Noida),Paan B,HVLF,2026-03-17,14.0,10.1,2026-05-10
USR-142524,NB Enterprises (West Delhi),General A,HVLF,2026-05-11,11.625,10.8,2026-05-10
USR-174464,Rapid Enterprises,General B,HVLF,2026-04-10,14.0,10.4,2026-05-10
USR-138890,NB Enterprises (West Delhi),Paan A,HVLF,2026-05-02,12.75,10.9,2026-05-10
USR-56053,Instant Foods (SED),General C,HVLF,2026-04-23,13.0,10.7,2026-05-10
USR-163764,Rapid Enterprises,General C,HVLF,2026-05-26,11.666666666666666,10.9,2026-05-10
USR-39618,Cross Line Events (EDelhi),Paan B,HVLF,2026-04-21,10.9,10.7,2026-05-10
USR-39501,Cross Line Events (EDelhi),Paan B,HVLF,2026-04-24,11.2,10.9,2026-05-10
USR-93512,Instant Foods (SED),General A,HVLF,2026-05-24,10.76923076923077,10.7,2026-05-10
USR-44515,Cross Line Events (EDelhi),General A,HVLF,2026-05-14,9.692307692307692,10.5,2026-05-10
USR-19890,Instant Foods(Noida),Paan B,LVLF,2026-05-13,31.75,10.8,2026-05-10
USR-18641,Instant Foods (GZB),General B,HVLF,2026-05-26,11.0,10.0,2026-05-10
USR-129508,Crossline Events (Meerut),General B,HVLF,2026-05-19,11.083333333333334,10.6,2026-05-10
USR-18562,Instant Foods(Noida),Paan B,HVLF,2026-05-26,11.076923076923077,10.1,2026-05-10
USR-389,Instant Foods(Noida),General C,HVLF,2026-05-27,10.76923076923077,10.4,2026-05-10
USR-129421,Crossline Events (Meerut),General C,HVLF,2026-05-05,17.5,10.8,2026-05-10
USR-165264,Rapid Enterprises,General C,HVLF,2026-05-08,10.25,10.4,2026-05-10
USR-18498,Instant Foods(Noida),Paan B,HVHF,2026-05-31,7.45,10.4,2026-05-10
USR-44928,Cross Line Events (EDelhi),General A,HVLF,2026-02-11,11.5,10.6,2026-05-10
USR-38518,Cross Line Events (EDelhi),Paan B,HVLF,2026-05-13,12.0,10.1,2026-05-10
USR-132565,Crossline Events (Meerut),General C,HVLF,2026-05-22,12.8,10.7,2026-05-10
USR-159618,Instant Foods(Noida),General B,HVLF,2026-05-19,23.75,10.0,2026-05-10
USR-129274,Crossline Events (Meerut),General B,HVLF,2026-05-23,9.642857142857142,10.8,2026-05-10
USR-169935,Rapid Enterprises,General A,HVLF,2026-05-20,10.083333333333334,10.8,2026-05-10
USR-20231,Instant Foods(Noida),General C,HVLF,2026-05-18,11.090909090909092,10.8,2026-05-10
USR-20378,Instant Foods(Noida),General A,HVLF,2026-05-16,10.583333333333334,10.8,2026-05-10
USR-133166,Instant Foods (GZB),General A,HVLF,2026-05-22,9.727272727272727,10.0,2026-05-10
USR-97756,Cross Line Events (EDelhi),General C,HVLF,2026-05-08,17.142857142857142,10.5,2026-05-10
USR-160304,Instant Foods (GZB),General B,HVLF,2026-05-29,10.846153846153847,10.4,2026-05-10
USR-163353,Rapid Enterprises,Paan A,HVLF,2026-05-30,10.357142857142858,10.4,2026-05-10
USR-18223,Instant Foods (GZB),General C,HVLF,2026-05-29,28.0,10.9,2026-05-10
USR-163347,Rapid Enterprises,General B,LVLF,2026-03-20,23.0,10.7,2026-05-10
USR-19610,Instant Foods(Noida),General C,HVLF,2026-05-23,24.8,10.8,2026-05-10
USR-169318,Rapid Enterprises,General B,HVLF,2026-04-15,23.0,10.7,2026-05-10
USR-13105,Cross Line Events (Ghaziabad),General C,HVLF,2026-05-22,9.928571428571429,10.5,2026-05-10
USR-163217,Crossline Events (Meerut),General B,HVLF,2026-05-28,10.7,10.2,2026-05-10
USR-131193,Crossline Events (Meerut),General B,HVLF,2026-05-28,10.818181818181818,10.1,2026-05-10
USR-19066,Instant Foods(Noida),General C,HVLF,2026-05-30,10.285714285714286,10.5,2026-05-10
USR-169263,NB Enterprises (West Delhi),General B,HVLF,2026-04-13,11.222222222222221,10.6,2026-05-10
USR-130841,Crossline Events (Meerut),General C,HVLF,2026-05-07,14.0,10.9,2026-05-10
USR-169236,Rapid Enterprises,General C,HVLF,2026-03-31,9.555555555555555,10.4,2026-05-10
USR-163199,Rapid Enterprises,General B,HVLF,2026-05-26,13.0,10.9,2026-05-10
USR-159769,Crossline Events (Meerut),General B,HVLF,2026-05-28,18.25,10.2,2026-05-10
USR-427,Instant Foods(Noida),General B,HVLF,2026-05-13,9.285714285714286,10.3,2026-05-10
USR-1902,Crossline Events (Noida),Paan A,HVLF,2026-05-25,10.76923076923077,10.0,2026-05-10
USR-169225,Rapid Enterprises,General C,HVLF,2026-05-30,10.615384615384615,10.4,2026-05-10
USR-169201,Rapid Enterprises,Paan A,HVLF,2026-05-29,10.428571428571429,10.9,2026-05-10
USR-93215,Instant Foods (SED),General A,HVLF,2026-05-30,9.866666666666667,10.0,2026-05-10
USR-163130,Rapid Enterprises,General B,HVLF,2026-05-28,10.214285714285714,10.3,2026-05-10
USR-19545,Instant Foods(Noida),General B,HVHF,2026-05-30,8.235294117647058,10.1,2026-05-10
USR-172998,Instant Foods (Mathura),General B,HVLF,2026-05-22,15.333333333333334,10.5,2026-05-10
USR-43288,Cross Line Events (EDelhi),General A,HVLF,2026-05-09,10.363636363636363,10.6,2026-05-10
USR-164705,Rapid Enterprises,General A,HVLF,2026-04-04,12.0,10.1,2026-05-10
USR-43513,Cross Line Events (EDelhi),General A,HVLF,2026-05-07,10.818181818181818,10.2,2026-05-10
USR-93458,Instant Foods (SED),General A,HVLF,2026-05-18,11.333333333333334,10.8,2026-05-10
USR-12993,Cross Line Events (Ghaziabad),General C,HVLF,2026-04-11,12.5,10.3,2026-05-10
USR-39712,Cross Line Events (EDelhi),General A,LVLF,2026-04-22,15.4,10.9,2026-05-10
USR-174228,Instant Foods (Mathura),General A,HVLF,2026-05-28,13.5,10.2,2026-05-10
USR-133265,Instant Foods (GZB),General A,HVLF,2026-05-29,10.538461538461538,10.2,2026-05-10
USR-18206,Instant Foods (GZB),General A,HVLF,2026-05-30,9.8,10.1,2026-05-10
USR-170403,Instant Foods (Mathura),General A,HVLF,2026-05-06,11.0,10.4,2026-05-10
USR-174934,Instant Foods (Mathura),General B,HVLF,2026-05-29,10.444444444444445,10.4,2026-05-10
USR-165427,Rapid Enterprises,Paan C,HVLF,2026-05-26,15.222222222222221,10.9,2026-05-10
USR-92305,Instant Foods (SED),General A,HVLF,2026-05-30,11.166666666666666,10.9,2026-05-10
USR-173842,Instant Foods (Mathura),Paan A,HVLF,2026-05-29,11.857142857142858,10.3,2026-05-10
USR-109184,NB Enterprises (West Delhi),General A,HVLF,2026-04-03,11.25,10.7,2026-05-10
USR-134434,Cross Line Events (EDelhi),Paan B,HVLF,2026-05-28,11.1,10.9,2026-05-10
USR-5832,Cross Line Events (Ghaziabad),General C,HVLF,2026-05-08,9.76923076923077,10.1,2026-05-10
USR-173920,Instant Foods (Mathura),Paan A,HVLF,2026-05-20,48.0,10.5,2026-05-10
USR-58418,NB Enterprises (West Delhi),Paan B,HVLF,2026-01-29,11.5,10.4,2026-05-10
USR-161696,Rapid Enterprises,General C,HVLF,2026-05-26,18.125,10.8,2026-05-10
USR-100767,Instant Foods (SED),General A,HVLF,2026-05-21,12.75,10.9,2026-05-10
USR-588,Crossline Events (Noida),Paan B,HVLF,2026-04-28,11.6,10.4,2026-05-10
USR-1648,Crossline Events (Noida),General C,HVLF,2026-04-30,11.9,10.3,2026-05-10
USR-159415,Instant Foods(Noida),General A,HVLF,2026-05-29,11.2,10.6,2026-05-10
USR-170534,Instant Foods (Mathura),General C,LVLF,2026-04-01,11.0,10.9,2026-05-10
USR-161689,Rapid Enterprises,Paan C,HVLF,2026-05-16,9.090909090909092,10.0,2026-05-10
USR-3399,Instant Foods (GZB),General C,HVLF,2026-05-27,22.166666666666668,10.0,2026-05-10
USR-161686,Rapid Enterprises,General A,HVLF,2026-05-29,13.333333333333334,10.0,2026-05-10
USR-6008,Instant Foods (GZB),Paan B,HVLF,2026-03-26,17.0,10.8,2026-05-10
USR-167895,Crossline Events (Meerut),General C,HVLF,2026-04-11,10.5,10.4,2026-05-10
USR-161630,Instant Foods (GZB),Paan C,HVLF,2026-04-24,16.0,10.2,2026-05-10
USR-167723,Rapid Enterprises,General B,HVLF,2026-05-27,27.0,10.5,2026-05-10
USR-170378,Instant Foods (Mathura),Paan A,HVLF,2026-05-29,11.0,10.8,2026-05-10
USR-170042,Instant Foods (Mathura),General A,HVLF,2026-05-30,8.916666666666666,10.5,2026-05-10
USR-168234,Rapid Enterprises,Paan C,HVLF,2026-04-11,26.0,10.9,2026-05-10
USR-105806,Instant Foods (SED),General A,HVLF,2026-05-15,10.272727272727273,10.5,2026-05-10
USR-45641,Instant Foods (SED),General A,HVLF,2026-05-22,10.272727272727273,10.5,2026-05-10
USR-168686,Rapid Enterprises,General A,HVLF,2026-04-24,11.1,10.3,2026-05-10
USR-161872,Instant Foods(Noida),Paan B,HVLF,2026-05-12,9.692307692307692,10.2,2026-05-10
USR-133465,Instant Foods (GZB),General A,HVLF,2026-05-21,16.833333333333332,10.2,2026-05-10
USR-172792,Instant Foods (Mathura),General A,HVLF,2026-04-24,28.0,10.1,2026-05-10
USR-161864,Instant Foods(Noida),Paan C,HVLF,2026-03-12,13.0,10.7,2026-05-10
USR-106019,Instant Foods (SED),General A,HVLF,2026-05-28,11.153846153846153,10.3,2026-05-10
USR-159514,Instant Foods(Noida),General C,HVLF,2026-05-27,10.76923076923077,10.3,2026-05-10
USR-168529,Rapid Enterprises,General B,HVLF,2026-03-13,26.0,10.5,2026-05-10
USR-4852,Instant Foods (GZB),General C,HVLF,2026-05-26,11.9,10.0,2026-05-10
USR-133644,Cross Line Events (EDelhi),General C,HVLF,2026-04-06,10.25,10.2,2026-05-10
USR-160419,Instant Foods (GZB),Paan C,HVLF,2026-03-19,14.0,10.5,2026-05-10
USR-20708,Instant Foods(Noida),General A,HVLF,2026-05-29,10.166666666666666,10.2,2026-05-10
USR-168378,Rapid Enterprises,General A,HVLF,2026-05-26,10.846153846153847,10.0,2026-05-10
USR-170197,Instant Foods (Mathura),General B,HVLF,2026-05-19,11.571428571428571,10.3,2026-05-10
USR-172772,Instant Foods (Mathura),General B,HVLF,2026-05-16,10.142857142857142,10.0,2026-05-10
USR-163655,Rapid Enterprises,General C,HVLF,2026-05-26,11.083333333333334,10.6,2026-05-10
USR-133728,Instant Foods (GZB),General C,HVLF,2026-05-11,14.833333333333334,10.9,2026-05-10
USR-127392,Crossline Events (Meerut),Paan B,HVLF,2026-05-19,10.818181818181818,10.5,2026-05-10
USR-52639,Instant Foods (SED),Paan B,HVLF,2026-05-31,9.375,10.1,2026-05-10
USR-18006,Instant Foods(Noida),General C,HVLF,2026-05-02,9.153846153846153,10.0,2026-05-10
USR-164605,Rapid Enterprises,General A,HVLF,2026-05-05,12.0,10.0,2026-05-10
USR-127082,Crossline Events (Meerut),General B,HVLF,2026-05-13,11.636363636363637,10.9,2026-05-10
USR-168308,Instant Foods(Noida),Paan A,HVLF,2026-04-10,11.857142857142858,10.2,2026-05-10
USR-22658,Instant Foods(Noida),General C,HVLF,2026-05-28,14.6,10.5,2026-05-10
USR-174277,Instant Foods (Mathura),General B,HVLF,2026-05-19,11.142857142857142,10.0,2026-05-10
USR-112493,NB Enterprises (West Delhi),General B,HVLF,2026-05-12,9.923076923076923,10.5,2026-05-10
USR-172011,Instant Foods (Mathura),General A,HVLF,2026-05-22,12.666666666666666,10.6,2026-05-10
USR-164871,Rapid Enterprises,Paan B,HVLF,2026-05-20,10.0,10.2,2026-05-10
USR-161497,Cross Line Events (EDelhi),General B,HVLF,2026-05-12,11.857142857142858,10.6,2026-05-10
USR-8889,Instant Foods(Noida),General B,HVLF,2026-05-21,16.333333333333332,10.5,2026-05-10
USR-171435,Instant Foods (Mathura),General B,HVLF,2026-04-18,10.0,10.0,2026-05-10
USR-162257,Rapid Enterprises,Paan A,HVLF,2026-03-25,14.5,10.9,2026-05-10
USR-11638,Instant Foods (GZB),Paan B,HVLF,2026-05-21,10.307692307692308,10.9,2026-05-10
USR-102286,Instant Foods (SED),General A,HVLF,2026-05-29,10.7,10.0,2026-05-10
USR-172125,Instant Foods (Mathura),General A,HVLF,2026-05-30,13.0,10.9,2026-05-10
USR-167056,Rapid Enterprises,General B,HVLF,2026-03-07,18.333333333333332,10.1,2026-05-10
USR-29166,Instant Foods (GZB),General C,HVLF,2026-05-21,10.090909090909092,10.5,2026-05-10
USR-153053,Crossline Events (Noida),Paan A,HVLF,2026-05-27,41.333333333333336,10.8,2026-05-10
USR-177117,Instant Foods (Mathura),General B,HVLF,2026-05-11,14.0,10.0,2026-05-10
USR-29179,Instant Foods (GZB),Paan B,LVLF,2026-05-13,14.666666666666666,10.4,2026-05-10
USR-166890,Crossline Events (Meerut),General C,HVLF,2026-05-29,10.88888888888889,10.1,2026-05-10
USR-172286,Instant Foods (Mathura),General B,HVLF,2026-05-25,15.25,10.1,2026-05-10
USR-166740,Rapid Enterprises,General A,HVLF,2026-05-28,24.166666666666668,10.8,2026-05-10
USR-159031,Crossline Events (Meerut),General A,HVLF,2026-04-18,14.142857142857142,10.3,2026-05-10
USR-175602,Instant Foods (Mathura),General B,HVLF,2026-05-30,10.2,10.7,2026-05-10
USR-90190,Instant Foods (SED),Paan B,HVLF,2026-05-20,10.0,10.3,2026-05-10
USR-171349,Instant Foods (Mathura),General A,HVLF,2026-05-19,10.555555555555555,10.0,2026-05-10
USR-171880,NB Enterprises (West Delhi),Paan A,HVLF,2026-02-19,13.666666666666666,10.4,2026-05-10
USR-159008,Crossline Events (Meerut),General A,HVLF,2026-05-30,19.142857142857142,10.7,2026-05-10
USR-23090,Instant Foods(Noida),General A,HVLF,2026-05-23,9.923076923076923,10.1,2026-05-10
USR-110227,NB Enterprises (West Delhi),General A,HVLF,2026-05-16,11.166666666666666,10.8,2026-05-10
USR-151700,Crossline Events (Meerut),General A,HVLF,2026-03-23,14.666666666666666,10.0,2026-05-10
USR-27997,Instant Foods(Noida),General C,HVLF,2026-05-19,22.166666666666668,10.4,2026-05-10
USR-164136,Rapid Enterprises,General C,HVLF,2026-05-27,12.818181818181818,10.4,2026-05-10
USR-162345,Rapid Enterprises,Paan C,HVLF,2026-05-11,10.25,10.3,2026-05-10
USR-23279,Instant Foods(Noida),General C,HVLF,2026-05-20,25.5,10.1,2026-05-10
USR-159024,Crossline Events (Meerut),General A,HVLF,2026-05-15,10.0,10.1,2026-05-10
USR-166824,Rapid Enterprises,General B,HVLF,2026-05-26,11.166666666666666,10.2,2026-05-10
USR-171564,Instant Foods (Mathura),General A,HVLF,2026-05-07,13.0,10.5,2026-05-10
USR-153110,Crossline Events (Meerut),General A,HVLF,2026-05-25,11.583333333333334,10.9,2026-05-10
USR-112,Instant Foods(Noida),Paan B,HVLF,2026-05-13,10.833333333333334,10.7,2026-05-10
USR-162332,Rapid Enterprises,Paan C,HVLF,2026-05-27,11.416666666666666,10.6,2026-05-10
USR-161154,Instant Foods (GZB),Paan B,HVLF,2026-03-06,29.0,10.0,2026-05-10
USR-1519,Crossline Events (Noida),Paan B,HVLF,2026-03-13,17.5,10.8,2026-05-10
USR-165518,Rapid Enterprises,General B,HVLF,2026-05-25,10.76923076923077,10.2,2026-05-10
USR-160989,Instant Foods (GZB),Paan B,HVLF,2026-03-20,11.0,10.4,2026-05-10
USR-172231,Instant Foods (Mathura),General A,HVLF,2026-03-30,13.5,10.4,2026-05-10
USR-114070,NB Enterprises (West Delhi),Paan B,HVLF,2026-02-18,21.0,10.6,2026-05-10
USR-162358,Rapid Enterprises,General C,HVLF,2026-05-12,35.666666666666664,10.9,2026-05-10
USR-10369,Instant Foods (GZB),General A,HVLF,2026-05-30,9.8,10.0,2026-05-10
USR-159042,Crossline Events (Meerut),General A,HVLF,2026-03-05,12.4,10.8,2026-05-10
USR-165641,Rapid Enterprises,General C,HVLF,2026-03-13,19.0,10.8,2026-05-10
USR-29100,Instant Foods (GZB),Paan B,HVLF,2026-05-23,9.846153846153847,10.1,2026-05-10
USR-95690,Instant Foods (SED),General A,HVLF,2026-05-08,9.692307692307692,10.0,2026-05-10
USR-96171,Instant Foods (SED),General A,HVLF,2026-05-29,11.23076923076923,10.5,2026-05-10
USR-172077,Instant Foods (Mathura),General B,HVLF,2026-05-29,15.0,10.9,2026-05-10
USR-150731,Crossline Events (Meerut),General C,HVLF,2026-05-23,9.5,10.6,2026-05-10
USR-9604,Instant Foods (GZB),General A,HVLF,2026-05-28,10.88888888888889,10.3,2026-05-10
USR-164841,Rapid Enterprises,General B,HVLF,2026-04-25,12.8,10.2,2026-05-10
USR-166184,Crossline Events (Noida),General A,HVLF,2026-05-31,9.866666666666667,10.1,2026-05-10
USR-153725,Instant Foods (SED),Paan A,HVLF,2026-05-29,10.846153846153847,10.4,2026-05-10
USR-24353,Instant Foods(Noida),General C,HVLF,2026-05-23,15.0,10.1,2026-05-10
USR-23405,Instant Foods(Noida),General A,HVLF,2026-05-16,11.222222222222221,10.0,2026-05-10
USR-166919,Rapid Enterprises,General B,HVLF,2026-05-19,11.25,10.6,2026-05-10
USR-22731,Instant Foods(Noida),Paan B,HVLF,2026-05-18,9.923076923076923,10.1,2026-05-10
USR-150955,Crossline Events (Meerut),General B,HVLF,2026-05-29,10.692307692307692,10.1,2026-05-10
USR-85985,Instant Foods (SED),General C,HVLF,2026-04-09,9.7,10.6,2026-05-10
USR-153823,Cross Line Events (EDelhi),Paan B,HVLF,2026-05-30,10.5,10.6,2026-05-10
USR-8662,Cross Line Events (Ghaziabad),General A,HVLF,2026-04-03,11.5,10.5,2026-05-10
USR-171287,Instant Foods (Mathura),General A,HVLF,2026-05-14,10.666666666666666,10.3,2026-05-10
USR-91076,Instant Foods (SED),General A,HVLF,2026-05-06,10.909090909090908,10.8,2026-05-10
USR-91014,Instant Foods (SED),General A,HVLF,2026-04-14,20.6,10.6,2026-05-10
USR-171686,Instant Foods (Mathura),General A,HVLF,2026-05-18,13.75,10.6,2026-05-10
USR-8561,Instant Foods (GZB),Paan B,HVLF,2026-05-22,9.461538461538462,10.3,2026-05-10
USR-176160,Instant Foods(Noida),Paan A,HVLF,2026-05-12,10.5,10.3,2026-05-10
USR-882,Crossline Events (Noida),General B,HVLF,2026-05-21,10.76923076923077,10.2,2026-05-10
USR-159113,NB Enterprises (West Delhi),General A,HVLF,2026-03-12,18.5,10.6,2026-05-10
USR-150854,Crossline Events (Meerut),General A,HVLF,2026-04-28,19.666666666666668,10.7,2026-05-10
USR-90256,Instant Foods (SED),Paan B,HVLF,2026-05-23,10.071428571428571,10.8,2026-05-10
USR-175043,Instant Foods (Mathura),General B,HVLF,2026-05-02,13.0,10.8,2026-05-10
USR-162298,Rapid Enterprises,General A,HVLF,2026-02-28,11.6,10.0,2026-05-10
USR-25953,Instant Foods(Noida),General C,HVLF,2026-05-19,14.777777777777779,10.2,2026-05-10
USR-25520,Instant Foods(Noida),General C,HVLF,2026-03-09,12.6,10.9,2026-05-10
USR-153803,NB Enterprises (West Delhi),General C,HVLF,2026-04-11,8.727272727272727,10.0,2026-05-10
USR-175248,Rapid Enterprises,General B,HVLF,2026-04-10,11.4,10.6,2026-05-10
USR-87445,NB Enterprises (West Delhi),Paan B,HVLF,2026-05-11,28.75,10.0,2026-05-10
USR-81714,Instant Foods (GZB),Paan B,HVLF,2026-05-02,7.375,10.9,2026-05-10
USR-17592,Instant Foods(Noida),General B,HVLF,2026-04-23,42.0,10.6,2026-05-10
USR-126515,Crossline Events (Meerut),Paan B,HVLF,2026-05-30,11.545454545454545,11.8,2026-05-11
USR-99368,Instant Foods (SED),General A,HVLF,2026-03-25,13.666666666666666,11.7,2026-05-11
USR-174125,Instant Foods (Mathura),General A,HVLF,2026-05-25,15.666666666666666,11.6,2026-05-11
USR-174133,Instant Foods (Mathura),General C,HVLF,2026-05-10,15.5,11.3,2026-05-11
USR-3288,Instant Foods (GZB),General B,HVLF,2026-05-28,11.833333333333334,11.3,2026-05-11
USR-161967,Cross Line Events (Ghaziabad),Paan B,HVLF,2026-05-20,11.083333333333334,11.4,2026-05-11
USR-126591,Crossline Events (Meerut),General C,HVLF,2026-05-23,13.6,11.4,2026-05-11
USR-169800,Rapid Enterprises,General A,HVLF,2026-04-30,16.428571428571427,11.5,2026-05-11
USR-10640,Instant Foods (GZB),General B,HVLF,2026-04-25,11.666666666666666,11.8,2026-05-11
USR-161713,Rapid Enterprises,Paan B,HVLF,2026-05-29,13.363636363636363,11.7,2026-05-11
USR-23459,Instant Foods(Noida),General C,HVLF,2026-05-26,11.666666666666666,11.3,2026-05-11
USR-10183,Instant Foods (GZB),Paan B,HVLF,2026-05-20,15.333333333333334,11.1,2026-05-11
USR-24257,Instant Foods(Noida),General A,HVLF,2026-05-23,12.833333333333334,11.2,2026-05-11
USR-172950,Instant Foods (Mathura),General B,HVLF,2026-05-21,15.0,11.8,2026-05-11
USR-114325,NB Enterprises (West Delhi),General A,HVLF,2026-05-22,11.333333333333334,11.7,2026-05-11
USR-132146,Crossline Events (Meerut),General B,HVLF,2026-05-28,13.222222222222221,11.8,2026-05-11
USR-153624,NB Enterprises (West Delhi),General A,HVLF,2026-05-30,10.384615384615385,11.5,2026-05-11
USR-33828,Cross Line Events (EDelhi),Paan B,HVLF,2026-05-25,12.727272727272727,11.9,2026-05-11
USR-164237,Rapid Enterprises,General B,HVLF,2026-05-29,19.0,11.6,2026-05-11
USR-126360,Crossline Events (Meerut),General B,HVLF,2026-05-27,15.777777777777779,11.9,2026-05-11
USR-28276,Crossline Events (Noida),General C,HVLF,2026-05-18,11.0,11.2,2026-05-11
USR-162702,Instant Foods (GZB),Paan C,HVLF,2026-04-04,11.0,11.2,2026-05-11
USR-161393,Instant Foods(Noida),General A,HVLF,2026-05-09,31.5,11.7,2026-05-11
USR-174000,Instant Foods (Mathura),General A,HVLF,2026-05-30,18.0,11.0,2026-05-11
USR-167922,Rapid Enterprises,General C,HVLF,2026-05-27,11.545454545454545,11.4,2026-05-11
USR-5995,Instant Foods (GZB),Paan B,HVLF,2026-05-02,18.0,11.8,2026-05-11
USR-98145,Instant Foods (SED),General A,HVLF,2026-05-26,29.0,11.8,2026-05-11
USR-170646,Instant Foods (Mathura),General B,HVLF,2026-05-13,12.142857142857142,11.2,2026-05-11
USR-2816,Cross Line Events (Ghaziabad),Paan B,HVLF,2026-05-30,17.0,11.0,2026-05-11
USR-166889,Rapid Enterprises,General B,HVLF,2026-05-23,13.166666666666666,11.4,2026-05-11
USR-106224,Instant Foods (SED),General A,HVLF,2026-05-22,18.0,11.5,2026-05-11
USR-93571,Instant Foods (SED),General A,HVLF,2026-05-15,11.625,11.8,2026-05-11
USR-8331,Instant Foods(Noida),Paan B,HVLF,2026-05-08,11.090909090909092,11.7,2026-05-11
USR-97595,Instant Foods (SED),General A,HVLF,2026-05-04,9.272727272727273,11.2,2026-05-11
USR-26332,Instant Foods(Noida),Paan B,HVLF,2026-05-30,12.25,11.3,2026-05-11
USR-159682,Instant Foods(Noida),Paan B,HVLF,2026-02-23,22.5,11.3,2026-05-11
USR-129633,Crossline Events (Meerut),General C,HVLF,2026-05-26,11.666666666666666,11.1,2026-05-11
USR-26343,Instant Foods(Noida),Paan C,HVLF,2026-03-13,13.2,11.2,2026-05-11
USR-21151,Instant Foods(Noida),General A,HVLF,2026-03-25,14.8,11.3,2026-05-11
USR-153093,Crossline Events (Meerut),Paan C,HVLF,2026-05-28,13.363636363636363,11.4,2026-05-11
USR-168980,Rapid Enterprises,Paan C,HVLF,2026-05-11,11.0,11.3,2026-05-11
USR-153072,NB Enterprises (West Delhi),Paan B,HVLF,2026-05-19,25.0,11.1,2026-05-11
USR-166865,NB Enterprises (West Delhi),Paan B,HVLF,2026-05-29,11.23076923076923,11.2,2026-05-11
USR-17540,Instant Foods (GZB),Chemist B,HVLF,2026-05-15,12.090909090909092,11.3,2026-05-11
USR-111997,NB Enterprises (West Delhi),General B,HVLF,2026-05-19,11.363636363636363,11.5,2026-05-11
USR-172778,Instant Foods (Mathura),General A,HVLF,2026-05-28,13.714285714285714,11.9,2026-05-11
USR-166719,Rapid Enterprises,General B,HVLF,2026-05-29,11.5,11.8,2026-05-11
USR-37116,Cross Line Events (EDelhi),General A,LVLF,2026-01-12,11.0,11.7,2026-05-11
USR-23942,Instant Foods(Noida),General A,HVLF,2026-02-18,11.0,11.4,2026-05-11
USR-20627,Instant Foods(Noida),General C,HVLF,2026-05-28,15.857142857142858,11.2,2026-05-11
USR-173623,Instant Foods (Mathura),General B,HVLF,2026-05-30,11.777777777777779,11.3,2026-05-11
USR-133628,Instant Foods (GZB),General A,HVLF,2026-04-29,11.4,11.1,2026-05-11
USR-20301,Instant Foods(Noida),General B,HVLF,2026-03-11,21.333333333333332,11.5,2026-05-11
USR-17358,Instant Foods(Noida),General B,HVLF,2026-05-08,11.090909090909092,11.1,2026-05-11
USR-158707,Instant Foods(Noida),General C,HVLF,2026-05-28,12.090909090909092,11.4,2026-05-11
USR-161852,Rapid Enterprises,Paan A,HVLF,2026-05-07,11.4,11.7,2026-05-11
USR-26608,Instant Foods(Noida),General C,HVLF,2026-05-25,11.666666666666666,11.2,2026-05-11
USR-112365,Instant Foods (GZB),General A,HVLF,2026-04-29,21.4,11.9,2026-05-11
USR-128363,Crossline Events (Meerut),General C,HVLF,2026-05-27,12.272727272727273,11.3,2026-05-11
USR-92807,Instant Foods (SED),General A,HVLF,2026-04-22,14.4,11.8,2026-05-11
USR-153356,NB Enterprises (West Delhi),General C,HVLF,2026-03-12,12.2,11.0,2026-05-11
USR-162859,Rapid Enterprises,General B,HVLF,2026-05-25,12.454545454545455,11.8,2026-05-11
USR-4563,Instant Foods (GZB),General C,HVLF,2026-05-01,17.5,11.1,2026-05-11
USR-101791,Instant Foods (SED),General A,HVLF,2026-05-27,11.833333333333334,11.4,2026-05-11
USR-4570,Cross Line Events (Ghaziabad),General B,HVLF,2026-03-18,19.0,11.4,2026-05-11
USR-168673,Rapid Enterprises,General A,HVLF,2026-05-30,10.846153846153847,11.1,2026-05-11
USR-159582,Instant Foods(Noida),General B,HVLF,2026-03-09,13.0,11.9,2026-05-11
USR-26726,Instant Foods(Noida),Paan B,HVLF,2026-05-16,10.23076923076923,11.1,2026-05-11
USR-171676,Instant Foods (Mathura),General B,HVLF,2026-04-03,16.0,11.1,2026-05-11
USR-37446,Cross Line Events (EDelhi),General A,HVLF,2026-03-28,14.75,11.7,2026-05-11
USR-2051,Instant Foods(Noida),Paan B,HVLF,2026-04-10,49.0,11.9,2026-05-11
USR-162030,Rapid Enterprises,Paan B,HVLF,2026-05-21,13.1,11.3,2026-05-11
USR-173434,Instant Foods (Mathura),General B,HVLF,2026-03-30,16.5,11.8,2026-05-11
USR-27030,Crossline Events (Noida),Paan B,HVLF,2026-04-15,13.0,11.5,2026-05-11
USR-1761,Instant Foods(Noida),General B,HVLF,2026-05-20,11.454545454545455,11.0,2026-05-11
USR-170116,Instant Foods (Mathura),General A,HVLF,2026-04-18,14.5,11.3,2026-05-11
USR-170077,Rapid Enterprises,General B,HVLF,2026-03-11,13.5,11.6,2026-05-11
USR-128921,Crossline Events (Meerut),General B,HVLF,2026-05-28,12.25,11.4,2026-05-11
USR-164668,Rapid Enterprises,General B,HVLF,2026-04-25,16.75,11.1,2026-05-11
USR-161778,Rapid Enterprises,Paan C,HVLF,2026-05-11,11.375,11.8,2026-05-11
USR-173342,Instant Foods (Mathura),General B,HVLF,2026-05-30,18.25,11.8,2026-05-11
USR-112060,NB Enterprises (West Delhi),General B,HVLF,2026-01-30,11.0,11.6,2026-05-11
USR-153530,NB Enterprises (West Delhi),General A,HVLF,2026-04-20,11.625,11.6,2026-05-11
USR-171646,Instant Foods (GZB),General A,HVLF,2026-03-20,14.0,11.1,2026-05-11
USR-172166,Instant Foods (Mathura),General A,HVLF,2026-05-05,17.666666666666668,11.4,2026-05-11
USR-5378,Cross Line Events (Ghaziabad),General A,HVLF,2026-04-24,18.833333333333332,11.9,2026-05-11
USR-162781,Rapid Enterprises,General C,HVLF,2026-05-15,12.181818181818182,11.4,2026-05-11
USR-162965,Rapid Enterprises,General C,HVLF,2026-04-21,14.5,11.7,2026-05-11
USR-169881,Rapid Enterprises,General B,HVLF,2026-05-22,11.583333333333334,11.4,2026-05-11
USR-172909,Instant Foods (Mathura),General B,HVLF,2026-05-25,12.625,11.6,2026-05-11
USR-126960,Crossline Events (Meerut),General A,HVLF,2026-05-26,12.444444444444445,11.2,2026-05-11
USR-153558,Crossline Events (Meerut),General A,HVLF,2026-05-08,10.5,11.1,2026-05-11
USR-19974,Instant Foods(Noida),Chemist C,LVLF,2026-04-23,12.222222222222221,11.6,2026-05-11
USR-93640,Instant Foods (SED),General A,HVLF,2026-05-29,11.384615384615385,11.0,2026-05-11
USR-26483,Instant Foods(Noida),General C,HVLF,2026-05-27,11.9,11.5,2026-05-11
USR-5585,Instant Foods (GZB),General B,HVLF,2026-05-29,12.090909090909092,11.2,2026-05-11
USR-20072,Instant Foods(Noida),General C,HVLF,2026-05-28,11.916666666666666,11.3,2026-05-11
USR-171750,Instant Foods (Mathura),Paan A,HVLF,2026-05-25,11.333333333333334,11.5,2026-05-11
USR-101709,Instant Foods (SED),General A,HVLF,2026-05-26,17.0,11.4,2026-05-11
USR-45189,Cross Line Events (EDelhi),General A,LVLF,2026-04-28,21.6,11.3,2026-05-11
USR-45122,Cross Line Events (EDelhi),Paan B,HVLF,2026-03-13,11.0,11.3,2026-05-11
USR-176097,Rapid Enterprises,General C,HVLF,2026-03-27,11.0,11.2,2026-05-11
USR-20714,Instant Foods(Noida),Paan B,LVLF,2026-02-05,12.0,11.5,2026-05-11
USR-27467,Crossline Events (Noida),Paan B,HVLF,2026-04-04,24.5,11.3,2026-05-11
USR-27786,Crossline Events (Noida),Paan B,HVLF,2026-05-29,14.571428571428571,11.4,2026-05-11
USR-133722,Instant Foods (GZB),General A,HVLF,2026-05-29,12.11111111111111,11.4,2026-05-11
USR-3692,Cross Line Events (Ghaziabad),General C,HVLF,2026-05-12,12.375,11.8,2026-05-11
USR-38252,Cross Line Events (EDelhi),General A,HVLF,2026-05-23,11.5,11.9,2026-05-11
USR-173752,Instant Foods (Mathura),General A,HVLF,2026-05-20,13.166666666666666,11.4,2026-05-11
USR-383,Instant Foods(Noida),Paan B,HVLF,2026-05-26,11.583333333333334,11.9,2026-05-11
USR-132693,Crossline Events (Meerut),General A,HVLF,2026-05-20,12.272727272727273,11.4,2026-05-11
USR-17553,Instant Foods(Noida),General B,HVLF,2026-04-07,15.4,11.1,2026-05-11
USR-172836,Instant Foods (Mathura),General B,HVLF,2026-05-16,13.0,11.4,2026-05-11
USR-12618,Instant Foods (GZB),Paan B,HVLF,2026-05-27,12.636363636363637,11.4,2026-05-11
USR-11035,Instant Foods(Noida),General A,HVLF,2026-05-18,10.5,11.0,2026-05-11
USR-31093,Cross Line Events (EDelhi),Paan B,HVLF,2026-05-16,10.555555555555555,11.4,2026-05-11
USR-165435,Rapid Enterprises,General B,HVLF,2026-04-24,24.333333333333332,11.7,2026-05-11
USR-162143,Instant Foods (SED),Paan B,HVLF,2026-05-08,9.181818181818182,11.6,2026-05-11
USR-150950,Crossline Events (Meerut),General A,HVLF,2026-05-21,10.090909090909092,11.1,2026-05-11
USR-164080,Rapid Enterprises,Paan C,LVLF,2026-05-23,11.5,11.3,2026-05-11
USR-22789,Instant Foods(Noida),General C,HVLF,2026-05-30,39.666666666666664,11.6,2026-05-11
USR-167453,Rapid Enterprises,General B,HVLF,2026-04-27,11.88888888888889,11.4,2026-05-11
USR-171307,Instant Foods (Mathura),General B,HVLF,2026-05-21,13.8,11.2,2026-05-11
USR-24570,Instant Foods (GZB),Paan B,HVLF,2026-05-16,53.5,11.4,2026-05-11
USR-146319,Cross Line Events (Ghaziabad),General C,HVLF,2026-03-28,13.666666666666666,11.3,2026-05-11
USR-109738,NB Enterprises (West Delhi),General A,HVLF,2026-03-28,10.75,11.9,2026-05-11
USR-162090,Instant Foods(Noida),General C,HVLF,2026-05-13,15.75,11.7,2026-05-11
USR-169498,Instant Foods (SED),Paan B,HVLF,2026-05-27,11.583333333333334,11.0,2026-05-11
USR-109975,NB Enterprises (West Delhi),General A,HVLF,2026-05-27,12.166666666666666,11.7,2026-05-11
USR-19547,Instant Foods(Noida),General C,HVLF,2026-04-18,16.333333333333332,11.5,2026-05-11
USR-76636,Instant Foods (SED),Paan B,HVLF,2026-05-20,12.857142857142858,11.1,2026-05-11
USR-2565,Instant Foods (GZB),General B,HVLF,2026-05-13,16.857142857142858,11.0,2026-05-11
USR-679,Crossline Events (Noida),Paan B,HVLF,2026-03-12,29.0,11.2,2026-05-11
USR-92042,Instant Foods (SED),General A,HVLF,2026-05-15,19.166666666666668,11.4,2026-05-11
USR-163114,Rapid Enterprises,General A,HVLF,2026-03-20,18.333333333333332,11.5,2026-05-11
USR-131570,Crossline Events (Meerut),General B,HVLF,2026-05-26,19.0,11.7,2026-05-11
USR-172527,Instant Foods (Mathura),Paan A,HVLF,2026-04-04,13.5,11.6,2026-05-11
USR-151851,Crossline Events (Meerut),General A,HVLF,2026-05-14,11.083333333333334,11.1,2026-05-11
USR-166454,Rapid Enterprises,General C,LVLF,2026-02-24,21.0,11.2,2026-05-11
USR-23321,Instant Foods(Noida),General C,LVLF,2026-05-30,16.625,11.1,2026-05-11
USR-40573,Cross Line Events (EDelhi),General A,HVLF,2026-04-11,12.2,11.1,2026-05-11
USR-1470,Instant Foods(Noida),Paan B,HVLF,2026-03-19,15.75,11.7,2026-05-11
USR-167002,Rapid Enterprises,General B,HVLF,2026-04-24,13.5,11.8,2026-05-11
USR-159088,Crossline Events (Meerut),Paan A,HVLF,2026-05-22,11.083333333333334,11.2,2026-05-11
USR-159932,Crossline Events (Meerut),Wholesaler,HVLF,2026-03-21,15.0,11.4,2026-05-11
USR-172233,Instant Foods (Mathura),General B,HVLF,2026-05-19,11.090909090909092,11.5,2026-05-11
USR-1044,Crossline Events (Noida),General C,HVLF,2026-05-26,11.666666666666666,11.1,2026-05-11
USR-169178,Rapid Enterprises,Paan A,HVLF,2026-05-22,28.0,11.6,2026-05-11
USR-24584,Instant Foods(Noida),General C,HVLF,2026-05-29,19.0,11.9,2026-05-11
USR-175056,Rapid Enterprises,General B,HVLF,2026-05-19,10.88888888888889,11.4,2026-05-11
USR-91837,NB Enterprises (West Delhi),General A,HVLF,2026-05-11,9.923076923076923,11.3,2026-05-11
USR-172461,Instant Foods (Mathura),General B,HVLF,2026-05-29,14.5,11.7,2026-05-11
USR-103963,Instant Foods (SED),General A,HVLF,2026-05-08,11.285714285714286,11.2,2026-05-11
USR-175059,Instant Foods (Mathura),General B,HVLF,2026-05-25,14.4,11.2,2026-05-11
USR-92089,Instant Foods (GZB),Paan B,HVLF,2026-05-01,13.0,11.0,2026-05-11
USR-144413,NB Enterprises (West Delhi),General A,HVLF,2026-05-29,11.416666666666666,11.2,2026-05-11
USR-19412,Instant Foods(Noida),General C,HVLF,2026-05-13,16.375,11.3,2026-05-11
USR-167407,Rapid Enterprises,Paan B,HVLF,2026-04-07,11.5,11.2,2026-05-11
USR-161919,Rapid Enterprises,Paan A,HVLF,2026-05-14,11.625,11.9,2026-05-11
USR-173138,Instant Foods (Mathura),General B,HVLF,2026-05-19,12.833333333333334,11.1,2026-05-11
USR-173013,Instant Foods (Mathura),General B,HVLF,2026-05-29,14.0,11.4,2026-05-11
USR-169437,Instant Foods (SED),Paan B,HVLF,2026-05-28,12.4,11.9,2026-05-11
USR-160791,Crossline Events (Meerut),Wholesaler,HVLF,2026-03-13,13.8,11.9,2026-05-11
USR-42936,Cross Line Events (EDelhi),General A,HVLF,2026-04-01,12.714285714285714,11.8,2026-05-11
USR-2921,Cross Line Events (Ghaziabad),General A,HVLF,2026-05-13,11.545454545454545,11.1,2026-05-11
USR-19376,Instant Foods(Noida),Paan B,HVLF,2026-04-30,13.0,11.1,2026-05-11
USR-172482,Instant Foods (Mathura),Paan A,HVHF,2026-05-29,7.333333333333333,11.9,2026-05-11
USR-40753,Cross Line Events (Ghaziabad),General A,HVLF,2026-04-14,19.0,11.0,2026-05-11
USR-9873,Instant Foods (GZB),General C,HVLF,2026-05-06,10.818181818181818,11.2,2026-05-11
USR-22293,Instant Foods(Noida),General C,HVLF,2026-03-09,11.0,11.2,2026-05-11
USR-93210,Instant Foods (SED),General A,HVLF,2026-04-30,11.9,11.3,2026-05-11
USR-159083,Instant Foods (SED),Paan A,HVLF,2026-05-16,10.384615384615385,11.4,2026-05-11
USR-165320,Rapid Enterprises,General A,HVLF,2026-05-23,11.333333333333334,11.8,2026-05-11
USR-160049,Crossline Events (Meerut),General A,HVLF,2026-05-18,11.875,11.2,2026-05-11
USR-175052,Rapid Enterprises,General B,HVLF,2026-05-30,12.142857142857142,11.8,2026-05-11
USR-163108,Rapid Enterprises,General A,HVLF,2026-05-14,29.5,11.7,2026-05-11
USR-163104,Rapid Enterprises,General B,HVLF,2026-05-31,10.714285714285714,11.3,2026-05-11
USR-6670,Cross Line Events (Ghaziabad),Paan B,HVLF,2026-05-08,11.0,11.8,2026-05-11
USR-99569,Instant Foods (SED),General A,HVLF,2026-05-21,11.583333333333334,11.7,2026-05-11
USR-92183,Instant Foods (SED),General A,HVLF,2026-05-21,10.76923076923077,11.0,2026-05-11
USR-21920,Instant Foods(Noida),Chemist C,HVLF,2026-05-28,11.2,11.2,2026-05-11
USR-12533,Instant Foods (GZB),Paan B,HVLF,2026-05-13,20.0,11.7,2026-05-11
USR-160893,Instant Foods(Noida),Paan B,HVLF,2026-05-22,10.76923076923077,11.4,2026-05-11
USR-9736,Instant Foods (GZB),General B,HVLF,2026-02-27,11.0,11.7,2026-05-11
USR-9601,Instant Foods (GZB),General A,HVLF,2026-04-30,16.857142857142858,11.0,2026-05-11
USR-24711,Instant Foods(Noida),Paan B,HVLF,2026-05-27,14.571428571428571,11.8,2026-05-11
USR-162394,Rapid Enterprises,General B,HVLF,2026-03-20,12.833333333333334,11.2,2026-05-11
USR-25037,Instant Foods(Noida),General C,HVLF,2026-05-05,23.8,11.7,2026-05-11
USR-3175,Instant Foods (GZB),General B,HVLF,2026-04-27,18.333333333333332,11.1,2026-05-11
USR-167676,Rapid Enterprises,General A,HVLF,2026-04-17,20.2,11.0,2026-05-11
USR-3245,Instant Foods (GZB),Paan B,HVLF,2026-05-28,55.0,11.8,2026-05-11
USR-129764,Crossline Events (Meerut),General C,HVLF,2026-03-10,15.75,11.7,2026-05-11
USR-170752,Instant Foods (Mathura),General B,HVLF,2026-05-29,11.666666666666666,11.8,2026-05-11
USR-131167,Crossline Events (Meerut),General B,HVLF,2026-05-14,11.454545454545455,11.0,2026-05-11
USR-17844,Instant Foods(Noida),General B,HVLF,2026-05-23,16.571428571428573,11.7,2026-05-11
USR-39508,Cross Line Events (Ghaziabad),Paan B,HVLF,2026-05-08,11.777777777777779,11.1,2026-05-11
USR-9061,Cross Line Events (Ghaziabad),General A,LVLF,2026-04-07,14.75,11.7,2026-05-11
USR-169319,Rapid Enterprises,General A,HVLF,2026-04-25,14.5,11.1,2026-05-11
USR-166051,Rapid Enterprises,General B,HVLF,2026-05-07,10.818181818181818,11.4,2026-05-11
USR-166543,NB Enterprises (West Delhi),Paan B,HVLF,2026-04-08,12.0,11.8,2026-05-11
USR-21499,Crossline Events (Noida),General C,HVLF,2026-05-23,13.5,11.8,2026-05-11
USR-9039,Cross Line Events (Ghaziabad),General A,HVLF,2026-05-18,11.909090909090908,11.9,2026-05-11
USR-163228,Rapid Enterprises,General C,HVLF,2026-01-31,11.0,11.3,2026-05-11
USR-165175,Rapid Enterprises,General A,HVLF,2026-03-31,15.0,11.5,2026-05-11
USR-95022,Instant Foods (SED),General A,HVLF,2026-04-08,11.875,11.7,2026-05-11
USR-24391,Instant Foods(Noida),General C,HVLF,2026-05-23,11.333333333333334,11.6,2026-05-11
USR-162154,Rapid Enterprises,Paan A,LVLF,2026-01-16,11.0,11.1,2026-05-11
USR-72686,Instant Foods (SED),Paan B,HVLF,2026-03-22,13.333333333333334,11.6,2026-05-11
USR-18863,Instant Foods(Noida),General A,HVLF,2026-03-31,14.0,11.0,2026-05-11
USR-163309,Rapid Enterprises,Paan A,HVLF,2026-03-21,14.8,11.9,2026-05-11
USR-103589,Instant Foods (SED),General A,HVLF,2026-05-27,12.166666666666666,11.3,2026-05-11
USR-164479,Rapid Enterprises,General B,HVLF,2026-05-09,11.181818181818182,11.3,2026-05-11
USR-173183,Instant Foods (Mathura),General A,HVLF,2026-05-25,29.0,11.6,2026-05-11
USR-131860,Crossline Events (Meerut),General C,HVLF,2026-05-13,10.9,11.6,2026-05-11
USR-21973,Instant Foods(Noida),General A,HVLF,2026-04-11,45.5,11.3,2026-05-11
USR-171133,Instant Foods (Mathura),Wholesaler,HVLF,2026-05-02,13.0,11.3,2026-05-11
USR-24596,Instant Foods(Noida),General C,HVLF,2026-05-28,12.090909090909092,11.4,2026-05-11
USR-165447,Rapid Enterprises,General B,HVLF,2026-05-30,16.11111111111111,11.5,2026-05-11
USR-173184,Instant Foods (Mathura),General A,HVLF,2026-04-14,30.5,11.1,2026-05-11
USR-152210,Instant Foods (GZB),Paan B,HVLF,2026-05-19,23.0,11.1,2026-05-11
USR-161033,Instant Foods(Noida),Paan C,HVLF,2026-04-16,11.555555555555555,11.2,2026-05-11
USR-169016,Cross Line Events (Ghaziabad),Paan B,HVLF,2026-05-30,15.857142857142858,11.4,2026-05-11
USR-170834,Instant Foods (Mathura),General B,HVLF,2026-05-23,16.5,11.9,2026-05-11
USR-130405,Crossline Events (Meerut),General A,HVLF,2026-04-09,12.25,12.1,2026-05-12
USR-13056,Instant Foods (GZB),Chemist B,HVLF,2026-03-11,12.0,12.8,2026-05-12
USR-37927,Cross Line Events (EDelhi),General A,HVLF,2026-05-28,12.727272727272727,12.5,2026-05-12
USR-128884,Crossline Events (Meerut),General B,HVLF,2026-03-24,15.75,12.1,2026-05-12
USR-19238,Instant Foods(Noida),General C,HVLF,2026-05-23,11.666666666666666,12.4,2026-05-12
USR-25268,Instant Foods (GZB),General C,HVLF,2026-05-28,13.11111111111111,12.2,2026-05-12
USR-45221,Cross Line Events (EDelhi),Paan B,HVLF,2026-05-19,12.6,12.2,2026-05-12
USR-1827,Instant Foods(Noida),Paan B,HVLF,2026-05-16,21.75,12.6,2026-05-12
USR-159600,Instant Foods(Noida),General B,HVLF,2026-05-11,11.818181818181818,12.4,2026-05-12
USR-163190,Rapid Enterprises,General B,HVLF,2026-05-20,16.875,12.4,2026-05-12
USR-128864,Crossline Events (Meerut),General A,HVLF,2026-05-11,14.0,12.6,2026-05-12
USR-37763,Instant Foods(Noida),General B,HVLF,2026-04-22,17.5,12.4,2026-05-12
USR-168775,Rapid Enterprises,General B,HVLF,2026-05-29,28.8,12.6,2026-05-12
USR-161328,Instant Foods (SED),General C,HVLF,2026-04-25,14.285714285714286,12.0,2026-05-12
USR-175932,Instant Foods (SED),Paan B,HVLF,2026-05-22,14.0,12.3,2026-05-12
USR-169199,Rapid Enterprises,Paan C,HVLF,2026-04-27,16.0,12.0,2026-05-12
USR-153446,Crossline Events (Meerut),Paan B,HVLF,2026-05-26,13.8,12.8,2026-05-12
USR-169352,Rapid Enterprises,General C,HVLF,2026-05-15,12.555555555555555,12.9,2026-05-12
USR-42613,Cross Line Events (EDelhi),Paan B,HVLF,2026-05-15,13.5,12.4,2026-05-12
USR-131594,Instant Foods (GZB),General B,HVLF,2026-05-28,13.272727272727273,12.1,2026-05-12
USR-164424,Rapid Enterprises,Wholesaler,HVLF,2026-05-23,46.0,12.8,2026-05-12
USR-165878,Rapid Enterprises,General B,HVLF,2026-05-12,11.545454545454545,12.2,2026-05-12
USR-106744,Instant Foods(Noida),General B,HVHF,2026-05-02,6.0,12.3,2026-05-12
USR-4462,Instant Foods(Noida),General B,HVLF,2026-05-04,56.0,12.0,2026-05-12
USR-169756,Crossline Events (Noida),Paan B,HVLF,2026-05-06,10.090909090909092,12.2,2026-05-12
USR-169755,Rapid Enterprises,General C,HVLF,2026-05-15,40.0,12.3,2026-05-12
USR-166489,Rapid Enterprises,General B,HVLF,2026-04-23,26.0,12.9,2026-05-12
USR-173201,Instant Foods (Mathura),General B,HVLF,2026-05-12,14.0,12.3,2026-05-12
USR-111505,NB Enterprises (West Delhi),General A,HVLF,2026-05-25,12.727272727272727,12.3,2026-05-12
USR-899,Crossline Events (Noida),Paan B,HVLF,2026-05-06,11.181818181818182,12.1,2026-05-12
USR-19618,Instant Foods(Noida),General C,HVLF,2026-05-28,11.909090909090908,12.8,2026-05-12
USR-163050,Rapid Enterprises,General B,HVLF,2026-03-24,18.25,12.3,2026-05-12
USR-161281,Crossline Events (Noida),Paan C,HVLF,2026-05-23,11.636363636363637,12.1,2026-05-12
USR-97323,Instant Foods (SED),General A,HVLF,2026-04-27,15.714285714285714,12.8,2026-05-12
USR-163109,Cross Line Events (Ghaziabad),Paan B,HVLF,2026-05-08,25.0,12.7,2026-05-12
USR-153621,NB Enterprises (West Delhi),General A,HVLF,2026-05-07,10.333333333333334,12.0,2026-05-12
USR-159695,Instant Foods (GZB),Paan B,HVLF,2026-05-28,20.166666666666668,12.2,2026-05-12
USR-131906,Crossline Events (Meerut),General C,HVLF,2026-05-25,15.555555555555555,12.1,2026-05-12
USR-162220,Instant Foods(Noida),Paan B,HVLF,2026-05-03,12.0,12.9,2026-05-12
USR-4448,Instant Foods(Noida),General B,HVLF,2026-05-25,13.125,12.3,2026-05-12
USR-132066,Crossline Events (Meerut),Paan B,HVLF,2026-05-26,17.625,12.7,2026-05-12
USR-24378,Instant Foods(Noida),General B,HVLF,2026-05-16,11.666666666666666,12.3,2026-05-12
USR-39593,Cross Line Events (EDelhi),General A,HVLF,2026-05-21,33.0,12.0,2026-05-12
USR-165292,Rapid Enterprises,Paan A,HVLF,2026-03-27,17.333333333333332,12.5,2026-05-12
USR-173245,Instant Foods (Mathura),General B,HVLF,2026-05-12,12.666666666666666,12.1,2026-05-12
USR-169003,Rapid Enterprises,General A,HVLF,2026-05-24,10.76923076923077,12.6,2026-05-12
USR-168982,Rapid Enterprises,General B,HVLF,2026-05-26,12.818181818181818,12.2,2026-05-12
USR-43694,Cross Line Events (EDelhi),General B,HVLF,2026-04-30,18.833333333333332,12.1,2026-05-12
USR-171890,Rapid Enterprises,General B,HVLF,2026-04-13,16.166666666666668,12.9,2026-05-12
USR-132452,Crossline Events (Meerut),General A,HVLF,2026-05-27,15.166666666666666,12.0,2026-05-12
USR-108846,NB Enterprises (West Delhi),General A,HVLF,2026-02-19,20.0,12.0,2026-05-12
USR-100922,Instant Foods (SED),General A,HVLF,2026-03-07,12.0,12.4,2026-05-12
USR-24178,Instant Foods(Noida),General C,HVLF,2026-05-30,12.777777777777779,12.5,2026-05-12
USR-159609,Instant Foods(Noida),General C,HVLF,2026-05-25,13.3,12.7,2026-05-12
USR-131694,Crossline Events (Meerut),Paan B,HVLF,2026-05-28,15.333333333333334,12.4,2026-05-12
USR-169429,Rapid Enterprises,Wholesaler,HVLF,2026-05-29,12.181818181818182,12.7,2026-05-12
USR-173157,Instant Foods (Mathura),General A,HVLF,2026-05-23,13.666666666666666,12.6,2026-05-12
USR-2422,Crossline Events (Noida),Paan B,LVLF,2026-03-31,25.666666666666668,12.9,2026-05-12
USR-20134,Instant Foods(Noida),Paan B,HVLF,2026-02-17,23.0,12.7,2026-05-12
USR-129394,Crossline Events (Meerut),Paan B,HVLF,2026-05-12,14.0,12.4,2026-05-12
USR-173162,Instant Foods (Mathura),General B,HVLF,2026-05-13,15.0,12.7,2026-05-12
USR-153723,Crossline Events (Meerut),Paan C,HVLF,2026-04-04,11.25,12.1,2026-05-12
USR-169489,Crossline Events (Meerut),General A,HVLF,2026-05-19,20.833333333333332,12.7,2026-05-12
USR-176048,Instant Foods(Noida),Paan C,HVLF,2026-05-31,16.2,12.4,2026-05-12
USR-38535,Cross Line Events (EDelhi),Paan A,HVLF,2026-05-05,11.3,12.2,2026-05-12
USR-173010,Instant Foods (Mathura),General B,HVLF,2026-05-15,14.0,12.9,2026-05-12
USR-2003,Crossline Events (Noida),Paan B,HVLF,2026-04-20,12.75,12.0,2026-05-12
USR-159651,Crossline Events (Meerut),General C,HVLF,2026-05-29,14.0,12.6,2026-05-12
USR-173332,Instant Foods (Mathura),General A,HVLF,2026-05-13,12.714285714285714,12.6,2026-05-12
USR-172025,Instant Foods (Mathura),General B,HVLF,2026-05-08,13.4,12.2,2026-05-12
USR-4000,Cross Line Events (Ghaziabad),Paan B,HVLF,2026-05-20,12.090909090909092,12.5,2026-05-12
USR-160019,Crossline Events (Meerut),General A,HVLF,2026-05-29,11.727272727272727,12.1,2026-05-12
USR-44789,Cross Line Events (EDelhi),General A,HVLF,2026-05-02,8.214285714285714,12.2,2026-05-12
USR-1956,Instant Foods(Noida),General B,HVLF,2026-05-21,12.727272727272727,12.9,2026-05-12
USR-1015,Crossline Events (Noida),Paan B,HVLF,2026-05-15,14.75,12.1,2026-05-12
USR-3883,Instant Foods (GZB),General A,HVLF,2026-05-16,10.75,12.2,2026-05-12
USR-169962,Rapid Enterprises,General B,HVLF,2026-05-30,13.5,12.9,2026-05-12
USR-133797,Instant Foods (GZB),General C,HVLF,2026-05-29,41.666666666666664,12.5,2026-05-12
USR-41844,Cross Line Events (Ghaziabad),Paan A,HVLF,2026-04-09,29.5,12.0,2026-05-12
USR-105094,Instant Foods (SED),General A,HVLF,2026-05-29,16.875,12.8,2026-05-12
USR-170626,Instant Foods (Mathura),Paan A,HVLF,2026-04-25,24.0,12.0,2026-05-12
USR-161688,Rapid Enterprises,Paan B,HVLF,2026-05-24,11.166666666666666,12.6,2026-05-12
USR-114236,NB Enterprises (West Delhi),General B,HVLF,2026-04-23,16.0,12.8,2026-05-12
USR-153,Crossline Events (Noida),Paan B,HVLF,2026-05-29,12.818181818181818,12.2,2026-05-12
USR-165480,Rapid Enterprises,Paan A,HVLF,2026-05-14,12.090909090909092,12.1,2026-05-12
USR-126429,Crossline Events (Meerut),General B,HVLF,2026-04-25,18.833333333333332,12.6,2026-05-12
USR-8287,Instant Foods(Noida),General C,HVLF,2026-05-29,12.727272727272727,12.4,2026-05-12
USR-706,Crossline Events (Noida),Paan B,HVLF,2026-05-26,11.666666666666666,12.0,2026-05-12
USR-173979,Instant Foods (Mathura),General B,HVLF,2026-04-09,13.75,12.0,2026-05-12
USR-134618,Instant Foods (GZB),General C,HVLF,2026-05-28,12.454545454545455,12.8,2026-05-12
USR-348,Crossline Events (Noida),General C,HVLF,2026-04-07,13.0,12.9,2026-05-12
USR-174466,Instant Foods (Mathura),General B,HVLF,2026-05-20,15.8,12.7,2026-05-12
USR-134571,Cross Line Events (Ghaziabad),General C,HVLF,2026-05-15,14.11111111111111,12.9,2026-05-12
USR-69146,Instant Foods (SED),General C,HVLF,2026-05-28,27.2,12.5,2026-05-12
USR-659,Crossline Events (Noida),General A,HVLF,2026-05-08,12.6,12.8,2026-05-12
USR-171341,Instant Foods (Mathura),General A,HVLF,2026-05-23,13.8,12.8,2026-05-12
USR-160581,NB Enterprises (West Delhi),General A,HVLF,2026-05-30,15.555555555555555,12.5,2026-05-12
USR-174982,Instant Foods (Mathura),General B,HVLF,2026-05-08,13.4,12.5,2026-05-12
USR-92180,Instant Foods (SED),General A,HVLF,2026-05-30,13.3,12.0,2026-05-12
USR-134176,Cross Line Events (Ghaziabad),General C,HVLF,2026-03-02,12.0,12.3,2026-05-12
USR-172328,Instant Foods (GZB),General B,HVLF,2026-03-19,15.0,12.4,2026-05-12
USR-96761,Instant Foods (SED),General A,HVLF,2026-03-03,15.25,12.1,2026-05-12
USR-168155,Rapid Enterprises,General B,HVLF,2026-05-23,11.909090909090908,12.3,2026-05-12
USR-124161,Crossline Events (Meerut),General C,HVLF,2026-05-29,13.272727272727273,12.0,2026-05-12
USR-8402,Instant Foods(Noida),General C,HVLF,2026-04-22,12.875,12.7,2026-05-12
USR-134397,Instant Foods (GZB),General C,HVLF,2026-03-09,15.75,12.4,2026-05-12
USR-3029,Instant Foods (GZB),General A,HVLF,2026-05-28,13.272727272727273,12.1,2026-05-12
USR-23238,Instant Foods(Noida),General A,HVLF,2026-05-27,13.090909090909092,12.1,2026-05-12
USR-109773,NB Enterprises (West Delhi),General A,HVLF,2026-05-18,15.5,12.8,2026-05-12
USR-175354,Instant Foods (Mathura),General B,HVLF,2026-05-11,12.428571428571429,12.3,2026-05-12
USR-167298,Instant Foods(Noida),Wholesaler,HVLF,2026-05-28,27.2,12.6,2026-05-12
USR-175362,Crossline Events (Meerut),General C,HVLF,2026-04-24,24.333333333333332,12.8,2026-05-12
USR-167065,Rapid Enterprises,General B,HVLF,2026-05-16,11.0,12.6,2026-05-12
USR-8253,Instant Foods(Noida),General C,HVLF,2026-05-15,16.125,12.1,2026-05-12
USR-3361,Instant Foods (GZB),Paan B,HVLF,2026-04-24,12.75,12.9,2026-05-12
USR-3233,Instant Foods (GZB),General C,HVLF,2026-05-27,27.8,12.4,2026-05-12
USR-159341,Instant Foods(Noida),General B,HVLF,2026-05-06,12.3,12.3,2026-05-12
USR-22414,Instant Foods(Noida),General A,HVLF,2026-05-25,13.7,12.8,2026-05-12
USR-103530,Instant Foods (SED),General A,HVLF,2026-05-18,12.0,12.0,2026-05-12
USR-165506,Rapid Enterprises,General C,HVLF,2026-04-06,12.833333333333334,12.5,2026-05-12
USR-8180,Instant Foods(Noida),General B,HVLF,2026-05-29,12.727272727272727,12.2,2026-05-12
USR-158960,Crossline Events (Meerut),General A,HVLF,2026-05-29,13.3,12.8,2026-05-12
USR-12537,Instant Foods (GZB),General B,HVLF,2026-03-20,18.25,12.4,2026-05-12
USR-170967,Instant Foods (Mathura),General C,HVLF,2026-05-01,13.0,12.5,2026-05-12
USR-98327,Instant Foods (SED),General A,HVLF,2026-05-30,12.363636363636363,12.3,2026-05-12
USR-135817,Instant Foods (GZB),General C,HVLF,2026-05-20,12.545454545454545,12.6,2026-05-12
USR-31709,Cross Line Events (EDelhi),Paan B,HVLF,2026-05-18,14.555555555555555,12.2,2026-05-12
USR-171436,Instant Foods (Mathura),General B,HVLF,2026-05-26,27.8,12.6,2026-05-12
USR-12475,Cross Line Events (Ghaziabad),General B,HVLF,2026-05-27,14.6,12.8,2026-05-12
USR-159282,Instant Foods(Noida),General A,HVLF,2026-05-29,12.25,12.2,2026-05-12
USR-841,Crossline Events (Noida),General B,HVLF,2026-05-20,12.090909090909092,12.1,2026-05-12
USR-160708,NB Enterprises (West Delhi),Paan C,HVLF,2026-05-29,13.9,12.5,2026-05-12
USR-126148,Crossline Events (Meerut),General C,HVLF,2026-04-17,28.0,12.1,2026-05-12
USR-33484,Cross Line Events (EDelhi),Paan B,HVLF,2026-04-24,13.0,12.4,2026-05-12
USR-126239,Crossline Events (Meerut),General A,HVLF,2026-05-31,12.0,12.6,2026-05-12
USR-162576,Rapid Enterprises,General A,HVLF,2026-05-22,23.6,12.2,2026-05-12
USR-159380,Instant Foods(Noida),General C,HVLF,2026-05-28,14.3,12.3,2026-05-12
USR-126201,Crossline Events (Meerut),Paan B,HVLF,2026-04-20,12.5,12.0,2026-05-12
USR-172672,Instant Foods (Mathura),General A,HVLF,2026-05-23,15.5,12.7,2026-05-12
USR-163761,Rapid Enterprises,General B,HVLF,2026-05-22,11.4,12.0,2026-05-12
USR-162083,Crossline Events (Meerut),General C,HVLF,2026-05-09,9.76923076923077,12.7,2026-05-12
USR-126180,Crossline Events (Meerut),General C,HVLF,2026-05-30,12.363636363636363,12.1,2026-05-12
USR-22355,Crossline Events (Noida),General B,HVLF,2026-05-11,14.833333333333334,12.3,2026-05-12
USR-31385,Cross Line Events (EDelhi),Paan B,LVLF,2026-05-21,12.9,12.7,2026-05-12
USR-1055,Instant Foods(Noida),Paan B,HVLF,2026-05-21,23.333333333333332,12.9,2026-05-12
USR-165615,Crossline Events (Meerut),General C,HVLF,2026-05-30,64.5,12.1,2026-05-12
USR-6238,Cross Line Events (Ghaziabad),Paan B,HVLF,2026-05-28,18.714285714285715,12.2,2026-05-12
USR-37560,Cross Line Events (EDelhi),General C,HVLF,2026-05-20,18.666666666666668,12.2,2026-05-12
USR-3144,Instant Foods (GZB),General C,HVLF,2026-05-02,16.5,12.4,2026-05-12
USR-91621,Instant Foods (SED),General A,HVLF,2026-05-26,15.555555555555555,12.8,2026-05-12
USR-126910,Crossline Events (Meerut),General B,HVLF,2026-04-20,19.333333333333332,12.3,2026-05-12
USR-91990,Instant Foods (SED),General A,HVLF,2026-05-22,20.333333333333332,12.4,2026-05-12
USR-176248,Instant Foods (Mathura),General B,HVLF,2026-05-24,27.5,12.9,2026-05-12
USR-165989,Rapid Enterprises,General A,LVLF,2026-04-29,14.571428571428571,12.6,2026-05-12
USR-171684,Instant Foods (Mathura),General B,HVLF,2026-05-13,17.0,12.9,2026-05-12
USR-173594,Instant Foods (Mathura),General C,HVLF,2026-05-22,13.5,12.6,2026-05-12
USR-99904,Instant Foods (SED),General A,HVLF,2026-05-13,26.2,12.0,2026-05-12
USR-24049,Instant Foods(Noida),General A,HVLF,2026-04-21,18.166666666666668,12.5,2026-05-12
USR-23274,Crossline Events (Noida),General B,LVLF,2026-02-07,14.0,12.0,2026-05-12
USR-174445,Instant Foods (Mathura),General A,HVLF,2026-04-17,16.333333333333332,12.7,2026-05-12
USR-105873,Crossline Events (Noida),General A,HVLF,2026-05-28,18.0,12.1,2026-05-12
USR-171174,Instant Foods (Mathura),General A,HVLF,2026-04-14,12.5,12.0,2026-05-12
USR-113915,NB Enterprises (West Delhi),General A,HVLF,2026-05-26,12.7,12.9,2026-05-12
USR-162507,Rapid Enterprises,General C,HVLF,2026-05-11,12.1,12.5,2026-05-12
USR-510,Instant Foods(Noida),Paan B,HVLF,2026-05-30,12.25,12.3,2026-05-12
USR-37074,Cross Line Events (EDelhi),General A,HVLF,2026-04-14,12.75,12.9,2026-05-12
USR-128256,Crossline Events (Meerut),General B,HVLF,2026-05-05,13.222222222222221,12.4,2026-05-12
USR-4730,Instant Foods (GZB),General C,HVLF,2026-05-28,13.4,12.6,2026-05-12
USR-85748,Instant Foods (SED),Paan B,HVLF,2026-04-09,15.2,12.3,2026-05-12
USR-164332,Rapid Enterprises,General B,HVLF,2026-05-25,31.5,12.7,2026-05-12
USR-113026,Instant Foods (SED),Paan B,HVLF,2026-05-16,10.307692307692308,12.2,2026-05-12
USR-7447,Instant Foods (GZB),Paan A,LVLF,2026-01-15,12.0,12.3,2026-05-12
USR-30572,Cross Line Events (EDelhi),Paan B,HVLF,2026-05-26,19.5,12.8,2026-05-12
USR-161186,Cross Line Events (Ghaziabad),General B,HVLF,2026-04-22,13.375,12.9,2026-05-12
USR-6812,Instant Foods (GZB),Paan B,HVLF,2026-03-13,16.5,12.1,2026-05-12
USR-22637,Instant Foods(Noida),Paan B,HVLF,2026-04-13,12.25,12.6,2026-05-12
USR-163567,Rapid Enterprises,General B,HVLF,2026-05-29,16.22222222222222,12.0,2026-05-12
USR-165400,Rapid Enterprises,General B,HVLF,2026-05-11,13.0,12.6,2026-05-12
USR-174333,Instant Foods (Mathura),Paan B,HVLF,2026-05-15,14.75,12.8,2026-05-12
USR-166169,Rapid Enterprises,General A,HVLF,2026-04-19,11.333333333333334,12.4,2026-05-12
USR-110582,NB Enterprises (West Delhi),General A,HVLF,2026-05-08,12.5,12.7,2026-05-12
USR-37328,Instant Foods (GZB),Paan A,HVLF,2026-05-30,20.166666666666668,12.4,2026-05-12
USR-11798,Cross Line Events (Ghaziabad),Paan B,HVLF,2026-05-08,11.0,12.9,2026-05-12
USR-164084,Rapid Enterprises,General B,HVLF,2026-05-20,13.3,12.2,2026-05-12
USR-127578,Crossline Events (Meerut),General B,HVLF,2026-05-04,16.333333333333332,12.9,2026-05-12
USR-164014,Rapid Enterprises,General B,HVLF,2026-05-11,14.5,12.7,2026-05-12
USR-174797,Instant Foods (Mathura),General A,HVLF,2026-04-03,12.0,12.7,2026-05-12
USR-163657,Rapid Enterprises,Paan C,HVLF,2026-05-06,10.545454545454545,12.3,2026-05-12
USR-22595,Instant Foods(Noida),Paan B,HVLF,2026-05-18,48.0,12.5,2026-05-12
USR-36806,Instant Foods(Noida),Paan B,HVLF,2026-03-30,13.4,12.2,2026-05-12
USR-72933,Instant Foods (SED),Paan B,HVLF,2026-04-20,12.11111111111111,12.1,2026-05-12
USR-175398,Instant Foods(Noida),Paan A,HVLF,2026-05-28,14.714285714285714,12.7,2026-05-12
USR-102892,Instant Foods (SED),General A,HVLF,2026-05-29,13.272727272727273,12.9,2026-05-12
USR-20852,Instant Foods(Noida),General C,LVLF,2026-03-10,17.0,12.7,2026-05-12
USR-162620,Rapid Enterprises,General C,HVLF,2026-05-14,11.636363636363637,12.2,2026-05-12
USR-166777,Crossline Events (Meerut),General B,HVLF,2026-03-29,15.333333333333334,12.6,2026-05-12
USR-66753,Instant Foods (SED),General C,HVLF,2026-04-21,12.875,12.2,2026-05-12
USR-153184,Crossline Events (Meerut),Paan C,HVLF,2026-05-18,14.75,12.0,2026-05-12
USR-170298,Instant Foods (SED),Paan B,HVLF,2026-05-08,10.8,12.8,2026-05-12
USR-175382,Cross Line Events (Ghaziabad),General B,HVLF,2026-05-28,17.833333333333332,12.8,2026-05-12
USR-133932,Cross Line Events (EDelhi),General C,HVLF,2026-05-01,53.0,12.8,2026-05-12
USR-92331,Instant Foods (SED),General A,HVLF,2026-05-18,12.0,12.6,2026-05-12
USR-5402,Instant Foods (GZB),Paan B,HVLF,2026-05-12,26.2,12.3,2026-05-12
USR-84842,Instant Foods (SED),Paan B,HVLF,2026-04-18,13.2,12.4,2026-05-12
USR-170229,Instant Foods (Mathura),General A,HVLF,2026-05-28,16.666666666666668,12.4,2026-05-12
USR-1628,Instant Foods(Noida),General B,HVLF,2026-05-27,17.0,12.4,2026-05-12
USR-92159,Instant Foods (SED),General A,HVLF,2026-05-14,23.6,12.8,2026-05-12
USR-27697,Crossline Events (Noida),General C,HVLF,2026-05-26,12.6,12.3,2026-05-12
USR-133766,Cross Line Events (EDelhi),General C,HVLF,2026-05-13,13.0,12.8,2026-05-12
USR-175084,Instant Foods (Mathura),General B,HVLF,2026-05-08,23.0,12.3,2026-05-12
USR-1215,Instant Foods(Noida),Paan B,HVLF,2026-05-30,19.428571428571427,12.9,2026-05-12
USR-8461,Instant Foods(Noida),Paan B,HVLF,2026-05-28,21.333333333333332,12.0,2026-05-12
USR-171142,Instant Foods (Mathura),General B,LVLF,2026-04-05,16.8,12.5,2026-05-12
USR-29480,Instant Foods(Noida),Paan B,HVLF,2026-04-15,12.75,12.3,2026-05-12
USR-22607,Crossline Events (Meerut),General C,HVLF,2026-05-26,13.0,12.1,2026-05-12
USR-20745,Instant Foods(Noida),Paan B,HVLF,2026-04-01,16.333333333333332,12.3,2026-05-12
USR-168338,Instant Foods(Noida),General A,HVLF,2026-05-22,12.9,12.8,2026-05-12
USR-167112,NB Enterprises (West Delhi),Paan B,HVLF,2026-04-17,11.777777777777779,12.2,2026-05-12
USR-20773,Instant Foods(Noida),General C,HVLF,2026-05-07,13.125,12.6,2026-05-12
USR-161505,Instant Foods(Noida),Paan A,HVLF,2026-05-08,11.9,12.9,2026-05-12
USR-96422,Instant Foods (SED),General A,HVLF,2026-04-25,12.222222222222221,12.7,2026-05-12
USR-781,Instant Foods(Noida),General B,HVLF,2026-05-29,27.25,13.2,2026-05-13
USR-43185,Cross Line Events (EDelhi),General A,HVLF,2026-04-29,14.0,13.1,2026-05-13
USR-128829,Crossline Events (Meerut),General C,HVLF,2026-05-26,19.833333333333332,13.0,2026-05-13
USR-18978,Instant Foods(Noida),Paan B,HVLF,2026-05-25,14.0,13.9,2026-05-13
USR-74676,NB Enterprises (West Delhi),Paan B,HVLF,2026-05-22,13.7,13.1,2026-05-13
USR-1000,Instant Foods(Noida),General B,HVLF,2026-05-16,63.0,13.4,2026-05-13
USR-161932,Crossline Events (Meerut),General B,HVLF,2026-05-26,16.25,13.3,2026-05-13
USR-174937,Instant Foods (Mathura),General B,HVLF,2026-04-22,20.0,13.3,2026-05-13
USR-177317,Maa Sharda(LKO),General A,HVLF,2026-05-27,13.0,13.9,2026-05-13
USR-42264,Cross Line Events (EDelhi),General A,HVLF,2026-05-18,13.555555555555555,13.4,2026-05-13
USR-10812,Instant Foods (GZB),General A,HVLF,2026-05-16,13.125,13.0,2026-05-13
USR-73523,Instant Foods (SED),Paan B,HVLF,2026-05-15,11.727272727272727,13.0,2026-05-13
USR-169242,Rapid Enterprises,General A,HVLF,2026-05-29,19.857142857142858,13.1,2026-05-13
USR-111292,NB Enterprises (West Delhi),General A,HVLF,2026-05-05,17.166666666666668,13.2,2026-05-13
USR-164013,Rapid Enterprises,General B,HVLF,2026-05-18,13.444444444444445,13.9,2026-05-13
USR-165079,Rapid Enterprises,Paan C,HVLF,2026-04-06,16.5,13.2,2026-05-13
USR-92022,Instant Foods (SED),General A,HVLF,2026-05-25,13.8,13.1,2026-05-13
USR-163263,Rapid Enterprises,General C,HVLF,2026-05-12,22.6,13.7,2026-05-13
USR-161503,Instant Foods(Noida),Paan A,HVLF,2026-04-30,22.4,13.9,2026-05-13
USR-130344,Crossline Events (Meerut),General B,HVLF,2026-05-28,14.7,13.6,2026-05-13
USR-119731,Crossline Events (Meerut),General C,HVLF,2026-04-03,17.0,13.7,2026-05-13
USR-11975,Instant Foods(Noida),Paan B,HVLF,2026-05-20,25.0,13.5,2026-05-13
USR-175051,Instant Foods (Mathura),General B,HVLF,2026-05-05,16.0,13.6,2026-05-13
USR-167369,Rapid Enterprises,General B,HVLF,2026-05-29,24.0,13.5,2026-05-13
USR-167385,Crossline Events (Meerut),General C,HVLF,2026-05-29,16.5,13.9,2026-05-13
USR-130167,Crossline Events (Meerut),General C,HVLF,2026-05-08,13.125,13.8,2026-05-13
USR-98531,Instant Foods (SED),General A,HVLF,2026-03-30,20.0,13.6,2026-05-13
USR-98154,Crossline Events (Noida),Paan B,LVLF,2026-05-14,42.0,13.4,2026-05-13
USR-163869,Rapid Enterprises,General B,HVLF,2026-05-01,12.88888888888889,13.8,2026-05-13
USR-126843,Crossline Events (Meerut),Paan B,HVLF,2026-02-25,18.5,13.7,2026-05-13
USR-129407,Crossline Events (Meerut),General A,HVLF,2026-05-12,14.0,13.5,2026-05-13
USR-8413,Instant Foods(Noida),General B,HVLF,2026-05-29,14.0,13.6,2026-05-13
USR-163671,Rapid Enterprises,General B,LVLF,2026-04-28,21.25,13.2,2026-05-13
USR-168866,Rapid Enterprises,General A,HVLF,2026-02-16,17.5,13.5,2026-05-13
USR-166573,Crossline Events (Meerut),General C,HVLF,2026-05-27,16.5,13.1,2026-05-13
USR-127121,Crossline Events (Meerut),General A,HVLF,2026-05-29,16.875,13.6,2026-05-13
USR-175407,Instant Foods (GZB),General B,HVLF,2026-05-27,18.666666666666668,13.1,2026-05-13
USR-160214,Crossline Events (Meerut),General A,HVLF,2026-04-16,13.125,13.9,2026-05-13
USR-129212,Crossline Events (Meerut),General C,HVLF,2026-05-28,14.0,13.3,2026-05-13
USR-7467,Cross Line Events (Ghaziabad),Paan B,HVLF,2026-05-29,20.142857142857142,13.6,2026-05-13
USR-113965,NB Enterprises (West Delhi),General B,HVLF,2026-05-26,14.88888888888889,13.7,2026-05-13
USR-129197,Crossline Events (Meerut),General B,HVLF,2026-05-28,16.625,13.6,2026-05-13
USR-129188,Crossline Events (Meerut),General C,HVLF,2026-04-30,17.5,13.6,2026-05-13
USR-99220,Instant Foods (SED),General A,HVLF,2026-05-27,13.625,13.5,2026-05-13
USR-129180,Crossline Events (Meerut),General C,HVLF,2026-05-14,13.3,13.0,2026-05-13
USR-129179,Crossline Events (Meerut),General B,HVLF,2026-04-30,24.5,13.5,2026-05-13
USR-165204,Rapid Enterprises,Chemist A,HVLF,2026-04-28,25.666666666666668,13.3,2026-05-13
USR-168382,Cross Line Events (EDelhi),General A,HVLF,2026-04-02,11.375,13.9,2026-05-13
USR-128933,Crossline Events (Meerut),General C,HVLF,2026-05-21,14.0,13.2,2026-05-13
USR-166612,Rapid Enterprises,Paan B,HVLF,2026-05-18,12.454545454545455,13.6,2026-05-13
USR-168739,Rapid Enterprises,General A,HVLF,2026-05-30,13.181818181818182,13.0,2026-05-13
USR-128379,Crossline Events (Meerut),General C,HVLF,2026-04-28,22.4,13.3,2026-05-13
USR-168717,Rapid Enterprises,General B,HVLF,2026-05-28,15.88888888888889,13.0,2026-05-13
USR-163569,Rapid Enterprises,General B,HVLF,2026-05-28,18.0,13.5,2026-05-13
USR-92766,Instant Foods (SED),General A,HVLF,2026-04-15,24.0,13.8,2026-05-13
USR-128883,Crossline Events (Meerut),General C,HVLF,2026-05-12,21.0,13.4,2026-05-13
USR-128737,Crossline Events (Meerut),General B,HVLF,2026-05-18,13.714285714285714,13.3,2026-05-13
USR-165987,Rapid Enterprises,General C,HVLF,2026-05-26,14.1,13.5,2026-05-13
USR-8921,Instant Foods(Noida),General B,HVLF,2026-05-20,15.222222222222221,13.5,2026-05-13
USR-160758,Instant Foods (SED),Paan C,HVLF,2026-05-19,20.0,13.5,2026-05-13
USR-168176,Rapid Enterprises,General C,HVLF,2026-02-12,17.5,13.7,2026-05-13
USR-129438,Crossline Events (Meerut),General C,HVLF,2026-05-19,13.3,13.3,2026-05-13
USR-167484,Rapid Enterprises,General B,HVLF,2026-05-25,13.5,13.0,2026-05-13
USR-161013,Instant Foods(Noida),General A,HVLF,2026-04-08,32.0,13.3,2026-05-13
USR-130021,Crossline Events (Meerut),General B,HVLF,2026-05-21,12.6,13.1,2026-05-13
USR-167530,Rapid Enterprises,General A,HVLF,2026-05-22,18.571428571428573,13.4,2026-05-13
USR-65523,Instant Foods (SED),General C,HVLF,2026-04-21,17.333333333333332,13.1,2026-05-13
USR-43546,Cross Line Events (EDelhi),General A,HVLF,2026-04-14,17.0,13.9,2026-05-13
USR-175232,Rapid Enterprises,General B,HVLF,2026-05-21,40.5,13.4,2026-05-13
USR-907,Instant Foods(Noida),General B,HVLF,2026-05-27,14.0,13.0,2026-05-13
USR-160737,Crossline Events (Meerut),Paan A,HVLF,2026-05-28,13.7,13.4,2026-05-13
USR-166943,Rapid Enterprises,General B,HVLF,2026-04-22,15.833333333333334,13.3,2026-05-13
USR-11446,Cross Line Events (Ghaziabad),Paan B,LVLF,2026-05-26,19.6,13.4,2026-05-13
USR-114456,NB Enterprises (West Delhi),General B,HVLF,2026-05-29,16.333333333333332,13.3,2026-05-13
USR-161601,Instant Foods (GZB),Paan C,HVLF,2026-03-30,13.0,13.9,2026-05-13
USR-63111,Instant Foods (SED),General C,HVLF,2026-05-16,12.181818181818182,13.1,2026-05-13
USR-44193,Cross Line Events (EDelhi),General A,HVLF,2026-05-14,13.555555555555555,13.5,2026-05-13
USR-178474,Maa Sharda(LKO),Chemist A,LVLF,2026-05-30,13.0,13.8,2026-05-13
USR-174062,Instant Foods (Mathura),General C,HVLF,2026-05-16,12.0,13.3,2026-05-13
USR-165118,Rapid Enterprises,Paan A,HVLF,2026-02-20,18.0,13.4,2026-05-13
USR-168960,Rapid Enterprises,General B,HVLF,2026-05-09,12.2,13.5,2026-05-13
USR-126376,Crossline Events (Meerut),General C,HVLF,2026-04-30,20.2,13.9,2026-05-13
USR-163726,Rapid Enterprises,General B,HVLF,2026-03-31,14.166666666666666,13.0,2026-05-13
USR-99201,Instant Foods (SED),General A,HVLF,2026-04-01,15.6,13.1,2026-05-13
USR-166849,Rapid Enterprises,General B,HVLF,2026-05-23,13.6,13.3,2026-05-13
USR-129518,Crossline Events (Meerut),General B,HVLF,2026-05-21,14.0,13.2,2026-05-13
USR-114076,NB Enterprises (West Delhi),General A,HVLF,2026-05-06,14.857142857142858,13.8,2026-05-13
USR-98072,Instant Foods (SED),General A,HVLF,2026-04-27,16.428571428571427,13.4,2026-05-13
USR-175594,Instant Foods (Mathura),General B,HVLF,2026-05-09,13.5,13.3,2026-05-13
USR-129445,Crossline Events (Meerut),General B,HVLF,2026-04-21,15.0,13.8,2026-05-13
USR-176028,Instant Foods (Mathura),General B,HVLF,2026-05-02,13.5,13.3,2026-05-13
USR-175372,Crossline Events (Meerut),General C,HVLF,2026-05-30,17.833333333333332,13.5,2026-05-13
USR-167151,Rapid Enterprises,General B,HVLF,2026-04-28,22.8,13.7,2026-05-13
USR-164521,Rapid Enterprises,General B,HVLF,2026-05-25,14.777777777777779,13.3,2026-05-13
USR-171724,Instant Foods (Mathura),General C,HVLF,2026-05-30,13.142857142857142,13.6,2026-05-13
USR-164843,Rapid Enterprises,General B,HVLF,2026-04-30,35.333333333333336,13.5,2026-05-13
USR-170573,Instant Foods (Mathura),General A,HVLF,2026-05-28,18.6,13.9,2026-05-13
USR-27340,Crossline Events (Noida),Paan B,HVLF,2026-03-31,16.2,13.5,2026-05-13
USR-153435,Cross Line Events (Ghaziabad),General C,HVLF,2026-05-29,14.4,13.6,2026-05-13
USR-19368,Instant Foods(Noida),General C,LVLF,2026-04-11,12.428571428571429,13.1,2026-05-13
USR-2447,Crossline Events (Noida),Paan B,HVLF,2026-05-26,14.777777777777779,13.8,2026-05-13
USR-40883,Cross Line Events (EDelhi),General A,HVLF,2026-05-20,18.5,13.3,2026-05-13
USR-39458,Cross Line Events (EDelhi),General B,HVLF,2026-02-02,13.0,13.4,2026-05-13
USR-24148,Instant Foods(Noida),General A,HVLF,2026-05-23,12.9,13.9,2026-05-13
USR-164859,Rapid Enterprises,General B,HVLF,2026-05-06,11.7,13.4,2026-05-13
USR-170512,Instant Foods (Mathura),General A,HVLF,2026-05-27,36.0,13.1,2026-05-13
USR-37440,Cross Line Events (EDelhi),Paan B,HVLF,2026-05-31,13.0,13.7,2026-05-13
USR-21176,Instant Foods(Noida),General C,HVLF,2026-05-11,55.0,13.7,2026-05-13
USR-171882,Rapid Enterprises,General B,HVLF,2026-04-13,16.166666666666668,13.5,2026-05-13
USR-29097,Instant Foods (GZB),General B,HVLF,2026-04-28,19.166666666666668,13.5,2026-05-13
USR-102413,Instant Foods (SED),General A,HVLF,2026-05-28,20.166666666666668,13.2,2026-05-13
USR-2327,Instant Foods(Noida),Paan B,HVLF,2026-05-12,30.75,13.0,2026-05-13
USR-171766,Rapid Enterprises,General A,HVLF,2026-05-19,16.166666666666668,13.9,2026-05-13
USR-135872,Instant Foods (GZB),General C,HVLF,2026-05-22,12.727272727272727,13.3,2026-05-13
USR-169737,Crossline Events (Meerut),General B,HVLF,2026-05-05,12.333333333333334,13.8,2026-05-13
USR-169511,Cross Line Events (Ghaziabad),General B,HVLF,2026-05-09,13.285714285714286,13.0,2026-05-13
USR-94359,Instant Foods (SED),General A,HVLF,2026-05-20,13.9,13.9,2026-05-13
USR-171459,Instant Foods (Mathura),General A,HVLF,2026-05-30,15.333333333333334,13.8,2026-05-13
USR-131749,Crossline Events (Meerut),General A,HVLF,2026-05-29,15.0,13.1,2026-05-13
USR-152783,NB Enterprises (West Delhi),General C,HVLF,2026-05-02,10.818181818181818,13.9,2026-05-13
USR-170713,Instant Foods (Mathura),General A,HVLF,2026-04-23,22.666666666666668,13.5,2026-05-13
USR-159306,Instant Foods(Noida),Paan A,HVLF,2026-05-24,13.0,13.8,2026-05-13
USR-169486,Rapid Enterprises,General A,HVLF,2026-04-27,13.0,13.9,2026-05-13
USR-159732,NB Enterprises (West Delhi),General A,HVLF,2026-05-14,14.777777777777779,13.4,2026-05-13
USR-37127,Instant Foods(Noida),General B,HVLF,2026-05-16,16.0,13.3,2026-05-13
USR-135230,Crossline Events (Meerut),General A,HVLF,2026-05-07,12.2,13.2,2026-05-13
USR-152231,Crossline Events (Meerut),General C,HVLF,2026-04-11,17.75,13.3,2026-05-13
USR-132204,Crossline Events (Meerut),General A,HVLF,2026-05-27,16.6,13.4,2026-05-13
USR-27686,Crossline Events (Noida),General C,HVLF,2026-05-28,14.7,13.8,2026-05-13
USR-133474,Instant Foods (GZB),General C,HVLF,2026-05-15,13.714285714285714,13.5,2026-05-13
USR-162033,Rapid Enterprises,Chemist B,HVLF,2026-04-29,22.0,13.4,2026-05-13
USR-172199,Instant Foods (Mathura),General A,HVLF,2026-05-08,13.5,13.6,2026-05-13
USR-138959,NB Enterprises (West Delhi),General A,HVLF,2026-05-18,12.363636363636363,13.0,2026-05-13
USR-22405,Instant Foods(Noida),General C,HVLF,2026-05-28,16.625,13.3,2026-05-13
USR-37486,Cross Line Events (EDelhi),General A,HVLF,2026-05-30,19.166666666666668,13.6,2026-05-13
USR-132453,Crossline Events (Meerut),General B,HVLF,2026-05-30,14.8,13.0,2026-05-13
USR-159171,Crossline Events (Meerut),General A,HVLF,2026-05-02,9.23076923076923,13.0,2026-05-13
USR-171105,Instant Foods (GZB),General A,HVLF,2026-05-29,13.5,13.5,2026-05-13
USR-171124,Instant Foods (Mathura),General B,HVLF,2026-05-21,15.0,13.8,2026-05-13
USR-22753,Instant Foods(Noida),General C,HVLF,2026-01-24,12.0,13.2,2026-05-13
USR-158804,Crossline Events (Meerut),General B,HVLF,2026-05-21,21.0,13.4,2026-05-13
USR-153934,Crossline Events (Meerut),General C,HVLF,2026-04-22,15.833333333333334,13.6,2026-05-13
USR-169393,Rapid Enterprises,General C,HVLF,2026-05-26,19.0,13.6,2026-05-13
USR-171284,Instant Foods (Mathura),General A,HVLF,2026-05-08,20.5,13.9,2026-05-13
USR-149883,Cross Line Events (EDelhi),Paan B,HVLF,2026-05-28,13.6,13.6,2026-05-13
USR-2273,Crossline Events (Noida),General C,HVLF,2026-04-29,21.0,13.4,2026-05-13
USR-29479,Crossline Events (Noida),Paan B,HVLF,2026-04-11,12.375,13.8,2026-05-13
USR-2793,Cross Line Events (Ghaziabad),Paan A,HVLF,2026-05-06,13.222222222222221,13.6,2026-05-13
USR-22653,Instant Foods(Noida),General C,HVLF,2026-05-25,34.25,13.8,2026-05-13
USR-171723,Instant Foods (Mathura),General A,HVLF,2026-05-13,14.666666666666666,13.2,2026-05-13
USR-23586,Instant Foods(Noida),Paan B,HVLF,2026-05-13,12.6,13.7,2026-05-13
USR-20988,Instant Foods(Noida),General B,HVLF,2026-04-10,14.0,13.9,2026-05-13
USR-25007,Instant Foods(Noida),General A,HVLF,2026-05-27,14.777777777777779,13.3,2026-05-13
USR-39917,Cross Line Events (EDelhi),General A,HVLF,2026-05-23,20.0,13.3,2026-05-13
USR-14248,Instant Foods(Noida),General C,HVLF,2026-04-11,17.5,13.8,2026-05-13
USR-146841,NB Enterprises (West Delhi),Chemist A,HVLF,2026-05-11,16.833333333333332,13.9,2026-05-13
USR-165391,Rapid Enterprises,General B,HVLF,2026-04-07,15.4,13.8,2026-05-13
USR-28165,Crossline Events (Noida),Paan B,HVLF,2026-01-30,13.0,13.3,2026-05-13
USR-21038,Instant Foods(Noida),General C,HVLF,2026-05-08,15.4,13.1,2026-05-13
USR-171536,Instant Foods (Mathura),General B,HVLF,2026-05-08,19.25,13.6,2026-05-13
USR-151220,Crossline Events (Meerut),General A,HVLF,2026-05-20,12.272727272727273,13.3,2026-05-13
USR-172824,Rapid Enterprises,General B,HVLF,2026-05-05,12.222222222222221,13.0,2026-05-13
USR-29710,Instant Foods (GZB),General A,HVLF,2026-05-05,12.3,13.3,2026-05-13
USR-145346,Instant Foods (GZB),General C,HVLF,2026-05-31,16.444444444444443,13.7,2026-05-13
USR-95721,Instant Foods (SED),General A,HVLF,2026-05-26,14.4,13.8,2026-05-13
USR-172810,Instant Foods (Mathura),General A,HVLF,2026-05-31,8.153846153846153,13.4,2026-05-13
USR-24074,Instant Foods(Noida),General C,HVLF,2026-05-20,14.444444444444445,13.5,2026-05-13
USR-173601,Instant Foods (Mathura),General B,HVLF,2026-04-27,27.5,14.1,2026-05-14
USR-160444,Cross Line Events (EDelhi),Chemist A,HVLF,2026-05-02,15.285714285714286,14.6,2026-05-14
USR-162181,NB Enterprises (West Delhi),Paan B,HVLF,2026-05-23,23.0,14.8,2026-05-14
USR-92490,Instant Foods (SED),General A,HVLF,2026-04-16,15.0,14.0,2026-05-14
USR-127507,Crossline Events (Meerut),General B,LVLF,2026-04-21,19.6,14.4,2026-05-14
USR-17630,Instant Foods(Noida),General B,HVLF,2026-05-23,15.714285714285714,14.0,2026-05-14
USR-133723,Instant Foods (GZB),General C,HVLF,2026-05-21,22.5,14.1,2026-05-14
USR-5062,Instant Foods (GZB),General B,HVLF,2026-05-20,15.0,14.4,2026-05-14
USR-170170,Instant Foods (Mathura),Paan A,HVLF,2026-05-14,14.333333333333334,14.3,2026-05-14
USR-12745,Instant Foods (GZB),Paan B,HVLF,2026-05-04,13.125,14.5,2026-05-14
USR-170172,Instant Foods (Mathura),Paan A,HVLF,2026-05-06,13.333333333333334,14.2,2026-05-14
USR-161772,Rapid Enterprises,Paan B,HVLF,2026-05-25,15.375,14.3,2026-05-14
USR-168538,Rapid Enterprises,General B,HVLF,2026-05-30,16.0,14.6,2026-05-14
USR-27699,Crossline Events (Noida),General C,HVLF,2026-05-13,14.0,14.1,2026-05-14
USR-10178,Instant Foods (GZB),General A,HVLF,2026-05-18,13.6,14.2,2026-05-14
USR-100910,Instant Foods (SED),General A,HVLF,2026-03-31,9.88888888888889,14.8,2026-05-14
USR-163464,Rapid Enterprises,General B,HVLF,2026-04-11,14.4,14.5,2026-05-14
USR-168760,Rapid Enterprises,Paan C,HVLF,2026-04-17,21.333333333333332,14.7,2026-05-14
USR-18287,Cross Line Events (Ghaziabad),General C,HVLF,2026-05-09,25.2,14.5,2026-05-14
USR-168796,Instant Foods (GZB),General B,HVLF,2026-03-23,30.5,14.3,2026-05-14
USR-4562,Instant Foods (GZB),General C,HVLF,2026-05-08,15.375,14.4,2026-05-14
USR-108879,NB Enterprises (West Delhi),General A,HVLF,2026-05-06,25.666666666666668,14.2,2026-05-14
USR-171712,Instant Foods (Mathura),General A,HVLF,2026-05-28,20.5,14.7,2026-05-14
USR-160246,Crossline Events (Meerut),General C,HVLF,2026-05-09,12.666666666666666,14.9,2026-05-14
USR-26921,Crossline Events (Noida),Paan B,HVLF,2026-01-29,14.0,14.1,2026-05-14
USR-129176,Crossline Events (Meerut),General C,HVLF,2026-05-21,14.777777777777779,14.6,2026-05-14
USR-176158,Rapid Enterprises,General B,HVLF,2026-04-03,13.0,14.3,2026-05-14
USR-169956,Instant Foods (Mathura),General B,HVLF,2026-05-22,12.5,14.3,2026-05-14
USR-4525,Instant Foods (GZB),Paan A,HVLF,2026-04-10,15.5,14.7,2026-05-14
USR-172782,Instant Foods (Mathura),General A,HVLF,2026-03-24,19.5,14.9,2026-05-14
USR-18151,Instant Foods(Noida),General C,HVLF,2026-05-02,17.0,14.6,2026-05-14
USR-18126,Instant Foods(Noida),General C,HVLF,2026-05-06,16.2,14.2,2026-05-14
USR-166748,Rapid Enterprises,General B,HVLF,2026-05-30,36.0,14.2,2026-05-14
USR-173581,Instant Foods (Mathura),General B,HVLF,2026-05-27,17.8,14.5,2026-05-14
USR-168490,Rapid Enterprises,General A,HVLF,2026-04-28,24.25,14.7,2026-05-14
USR-8470,Instant Foods(Noida),General A,HVLF,2026-02-03,14.0,14.6,2026-05-14
USR-133585,Instant Foods (GZB),General A,HVLF,2026-05-29,31.666666666666668,14.6,2026-05-14
USR-170156,Crossline Events (Meerut),Paan A,HVLF,2026-04-27,23.0,14.1,2026-05-14
USR-133300,Instant Foods (GZB),General C,HVLF,2026-05-06,14.25,14.6,2026-05-14
USR-11394,Instant Foods (GZB),General A,HVLF,2026-04-02,22.0,14.2,2026-05-14
USR-133447,Crossline Events (Meerut),General A,HVLF,2026-05-26,19.0,14.6,2026-05-14
USR-20564,Instant Foods(Noida),Chemist C,HVLF,2026-05-13,13.125,14.3,2026-05-14
USR-37382,Cross Line Events (EDelhi),General C,HVLF,2026-05-11,15.666666666666666,14.7,2026-05-14
USR-16857,Crossline Events (Noida),General C,HVLF,2026-05-12,14.0,14.6,2026-05-14
USR-128491,Crossline Events (Meerut),General C,HVLF,2026-05-21,21.0,14.1,2026-05-14
USR-92746,Instant Foods (SED),General A,HVLF,2026-03-09,18.5,14.4,2026-05-14
USR-173545,Instant Foods (Mathura),General B,HVLF,2026-03-19,13.0,14.5,2026-05-14
USR-173787,Instant Foods (Mathura),General B,HVLF,2026-05-18,13.428571428571429,14.2,2026-05-14
USR-169289,Rapid Enterprises,General B,HVLF,2026-03-29,16.5,14.5,2026-05-14
USR-166028,Rapid Enterprises,General A,HVLF,2026-05-13,12.8,14.1,2026-05-14
USR-29134,Instant Foods (GZB),General A,HVLF,2026-05-07,15.714285714285714,14.0,2026-05-14
USR-167386,Instant Foods (SED),Wholesaler,HVLF,2026-02-02,14.0,14.6,2026-05-14
USR-1159,Crossline Events (Noida),Paan B,HVLF,2026-05-21,23.333333333333332,14.3,2026-05-14
USR-174502,Rapid Enterprises,General B,HVLF,2026-05-22,14.125,14.4,2026-05-14
USR-167400,Instant Foods (SED),Paan B,HVLF,2026-04-01,15.6,14.3,2026-05-14
USR-170934,Instant Foods (Mathura),General A,HVLF,2026-05-27,23.5,14.7,2026-05-14
USR-29142,Instant Foods (GZB),General C,HVLF,2026-05-28,14.2,14.2,2026-05-14
USR-161573,Cross Line Events (EDelhi),Paan C,HVLF,2026-05-09,16.2,14.9,2026-05-14
USR-159249,Instant Foods(Noida),Paan B,HVLF,2026-04-27,17.6,14.7,2026-05-14
USR-23230,Instant Foods(Noida),Paan B,HVLF,2026-04-01,17.6,14.3,2026-05-14
USR-3059,Instant Foods (GZB),Paan B,HVLF,2026-03-28,14.333333333333334,14.0,2026-05-14
USR-161485,NB Enterprises (West Delhi),Paan B,HVLF,2026-05-07,14.142857142857142,14.2,2026-05-14
USR-103616,Instant Foods (SED),Paan A,HVLF,2026-05-14,16.0,14.1,2026-05-14
USR-162604,Instant Foods(Noida),General C,HVLF,2026-05-12,13.666666666666666,14.5,2026-05-14
USR-7815,Instant Foods (GZB),General B,HVLF,2026-04-28,22.4,14.6,2026-05-14
USR-9470,Instant Foods (GZB),General B,HVLF,2026-05-09,12.8,14.7,2026-05-14
USR-171374,NB Enterprises (West Delhi),Paan B,HVLF,2026-04-08,14.166666666666666,14.1,2026-05-14
USR-159060,Instant Foods (SED),Paan C,HVLF,2026-05-28,17.5,14.9,2026-05-14
USR-95059,Instant Foods (SED),General A,HVLF,2026-04-25,13.625,14.0,2026-05-14
USR-7481,Cross Line Events (Ghaziabad),General C,HVLF,2026-05-25,22.75,14.5,2026-05-14
USR-171202,Instant Foods (Mathura),General B,LVLF,2026-05-01,17.666666666666668,14.0,2026-05-14
USR-149887,Instant Foods (GZB),Paan B,HVLF,2026-04-29,42.0,14.9,2026-05-14
USR-150333,NB Enterprises (West Delhi),Paan B,HVLF,2026-03-24,17.333333333333332,14.6,2026-05-14
USR-164579,Rapid Enterprises,General A,HVLF,2026-04-25,26.25,14.3,2026-05-14
USR-159180,Crossline Events (Meerut),General A,HVLF,2026-05-18,14.0,14.8,2026-05-14
USR-147749,NB Enterprises (West Delhi),General A,HVLF,2026-05-15,15.833333333333334,14.3,2026-05-14
USR-164578,Rapid Enterprises,General A,HVLF,2026-05-09,18.25,14.9,2026-05-14
USR-22525,Instant Foods(Noida),General C,HVLF,2026-05-14,18.428571428571427,14.6,2026-05-14
USR-150814,Crossline Events (Meerut),Paan B,HVLF,2026-05-20,26.2,14.2,2026-05-14
USR-22826,Instant Foods(Noida),General A,HVLF,2026-04-01,14.666666666666666,14.4,2026-05-14
USR-7104,Instant Foods (GZB),Paan B,HVLF,2026-05-25,21.0,14.1,2026-05-14
USR-162566,NB Enterprises (West Delhi),Paan B,HVLF,2026-05-06,23.6,14.8,2026-05-14
USR-150752,Crossline Events (Meerut),General C,HVLF,2026-03-25,25.0,14.3,2026-05-14
USR-91708,Instant Foods (SED),General A,HVLF,2026-05-27,28.0,14.3,2026-05-14
USR-22095,Crossline Events (Noida),General C,HVLF,2026-05-14,14.0,14.6,2026-05-14
USR-175203,Rapid Enterprises,General B,HVLF,2026-05-05,12.571428571428571,14.3,2026-05-14
USR-172666,Instant Foods (Mathura),Paan A,HVLF,2026-05-29,18.2,14.5,2026-05-14
USR-126203,Crossline Events (Meerut),General C,HVLF,2026-05-20,16.25,14.9,2026-05-14
USR-175476,Instant Foods (Mathura),General B,HVLF,2026-05-08,16.0,14.0,2026-05-14
USR-5963,Instant Foods (GZB),General C,HVLF,2026-05-09,25.2,14.8,2026-05-14
USR-171525,Instant Foods (Mathura),General B,HVLF,2026-05-20,16.25,14.8,2026-05-14
USR-173829,Instant Foods (Mathura),General B,HVLF,2026-05-23,16.2,14.8,2026-05-14
USR-166050,Rapid Enterprises,General C,HVLF,2026-03-25,24.0,14.4,2026-05-14
USR-114065,NB Enterprises (West Delhi),General B,HVLF,2026-05-07,15.0,14.8,2026-05-14
USR-160501,Instant Foods(Noida),Paan C,HVLF,2026-05-19,13.7,14.1,2026-05-14
USR-166034,Rapid Enterprises,General C,HVLF,2026-04-06,15.0,14.4,2026-05-14
USR-23584,Instant Foods(Noida),Paan B,HVLF,2026-04-18,19.0,14.6,2026-05-14
USR-172743,Rapid Enterprises,General B,HVLF,2026-01-29,14.0,14.4,2026-05-14
USR-165418,Rapid Enterprises,General C,HVLF,2026-05-14,25.0,14.7,2026-05-14
USR-92338,Instant Foods (SED),General A,HVLF,2026-05-09,14.0,14.4,2026-05-14
USR-134154,Instant Foods (GZB),General C,HVLF,2026-05-29,62.5,14.7,2026-05-14
USR-163760,Crossline Events (Meerut),General B,HVLF,2026-05-09,12.7,14.3,2026-05-14
USR-21536,Instant Foods(Noida),General C,HVLF,2026-05-29,13.5,14.1,2026-05-14
USR-171442,Instant Foods (Mathura),General B,HVLF,2026-03-30,40.0,14.2,2026-05-14
USR-162409,Rapid Enterprises,Paan A,HVLF,2026-05-19,14.11111111111111,14.3,2026-05-14
USR-175228,Instant Foods (Mathura),General A,HVLF,2026-05-21,18.25,14.0,2026-05-14
USR-152091,Instant Foods(Noida),Paan B,HVLF,2026-02-17,19.0,14.9,2026-05-14
USR-95412,Instant Foods (SED),General A,HVLF,2026-05-29,26.6,14.9,2026-05-14
USR-135827,Instant Foods (GZB),General A,HVLF,2026-05-13,24.8,14.8,2026-05-14
USR-167567,Rapid Enterprises,General B,HVLF,2026-05-31,16.11111111111111,14.7,2026-05-14
USR-31605,Cross Line Events (EDelhi),Paan B,HVLF,2026-05-16,12.571428571428571,14.2,2026-05-14
USR-172566,Instant Foods (Mathura),General A,HVLF,2026-04-17,21.5,14.9,2026-05-14
USR-31943,Cross Line Events (EDelhi),Paan B,HVLF,2026-05-30,23.5,14.5,2026-05-14
USR-161481,Crossline Events (Noida),Paan A,HVLF,2026-03-13,22.0,14.3,2026-05-14
USR-6345,Cross Line Events (Ghaziabad),General B,HVLF,2026-05-20,27.4,14.0,2026-05-14
USR-125994,Crossline Events (Meerut),General C,HVLF,2026-05-29,22.166666666666668,14.1,2026-05-14
USR-167632,Rapid Enterprises,General B,HVLF,2026-04-06,17.25,14.5,2026-05-14
USR-126000,Crossline Events (Meerut),General C,HVLF,2026-05-09,16.0,14.7,2026-05-14
USR-172630,Instant Foods (Mathura),General B,HVLF,2026-05-15,15.0,14.3,2026-05-14
USR-162768,Rapid Enterprises,General C,HVLF,2026-05-22,19.285714285714285,14.7,2026-05-14
USR-176479,Maa Sharda(LKO),General A,HVLF,2026-05-26,14.0,14.9,2026-05-14
USR-29395,Instant Foods (GZB),General B,HVLF,2026-05-13,14.0,14.1,2026-05-14
USR-106674,Cross Line Events (EDelhi),Paan B,LVLF,2026-05-20,19.857142857142858,14.2,2026-05-14
USR-24277,Instant Foods(Noida),Paan B,HVLF,2026-05-27,16.25,14.7,2026-05-14
USR-164735,Rapid Enterprises,General B,HVLF,2026-04-25,17.0,14.5,2026-05-14
USR-165089,Rapid Enterprises,General B,HVLF,2026-05-08,14.0,14.0,2026-05-14
USR-43727,Cross Line Events (EDelhi),General A,LVLF,2026-05-28,18.8,14.0,2026-05-14
USR-18737,Cross Line Events (Ghaziabad),General C,HVLF,2026-05-14,14.777777777777779,14.0,2026-05-14
USR-163405,Instant Foods (SED),Wholesaler,HVLF,2026-04-26,13.5,14.3,2026-05-14
USR-19180,Instant Foods(Noida),General C,HVLF,2026-05-19,13.0,14.8,2026-05-14
USR-161383,NB Enterprises (West Delhi),General C,HVLF,2026-04-25,14.125,14.5,2026-05-14
USR-160177,Instant Foods(Noida),General A,HVLF,2026-05-29,36.75,14.7,2026-05-14
USR-153706,Crossline Events (Meerut),Paan B,HVLF,2026-05-12,14.833333333333334,14.3,2026-05-14
USR-19211,Instant Foods(Noida),Paan B,HVLF,2026-05-29,17.0,14.4,2026-05-14
USR-130293,Crossline Events (Meerut),General B,HVLF,2026-04-09,17.5,14.1,2026-05-14
USR-129516,Crossline Events (Meerut),General B,HVLF,2026-05-07,17.0,14.5,2026-05-14
USR-42421,Cross Line Events (EDelhi),General A,HVLF,2026-05-08,13.5,14.8,2026-05-14
USR-39,Crossline Events (Noida),General B,HVLF,2026-04-29,23.0,14.8,2026-05-14
USR-131735,Crossline Events (Meerut),General B,HVLF,2026-05-19,15.4,14.3,2026-05-14
USR-19560,Instant Foods(Noida),General B,HVHF,2026-05-30,8.222222222222221,14.1,2026-05-14
USR-19306,Instant Foods(Noida),General B,HVLF,2026-05-22,14.777777777777779,14.1,2026-05-14
USR-169245,Instant Foods (GZB),General B,HVLF,2026-05-20,16.75,14.3,2026-05-14
USR-111381,NB Enterprises (West Delhi),General A,LVLF,2026-04-07,14.5,14.7,2026-05-14
USR-131838,Crossline Events (Meerut),General C,HVLF,2026-05-04,16.4,14.7,2026-05-14
USR-131323,Crossline Events (Meerut),General B,HVLF,2026-05-28,19.0,14.7,2026-05-14
USR-169383,Rapid Enterprises,General B,HVLF,2026-05-22,25.4,14.4,2026-05-14
USR-25651,Instant Foods(Noida),General C,HVLF,2026-05-28,24.5,14.5,2026-05-14
USR-168985,Rapid Enterprises,Paan B,HVLF,2026-05-31,12.272727272727273,14.1,2026-05-14
USR-13252,Instant Foods(Noida),General B,HVLF,2026-05-05,17.0,14.7,2026-05-14
USR-173045,Instant Foods (Mathura),General A,HVLF,2026-04-20,24.5,14.4,2026-05-14
USR-100930,Instant Foods (SED),General A,HVLF,2026-03-06,19.0,14.1,2026-05-14
USR-19644,Instant Foods(Noida),General B,HVLF,2026-05-09,12.222222222222221,14.7,2026-05-14
USR-43550,Cross Line Events (EDelhi),Paan A,LVLF,2026-03-16,18.666666666666668,14.1,2026-05-14
USR-171775,Instant Foods (Mathura),General A,HVLF,2026-05-12,14.666666666666666,14.8,2026-05-14
USR-38626,Cross Line Events (Ghaziabad),Paan B,HVLF,2026-05-09,13.555555555555555,14.9,2026-05-14
USR-39366,Cross Line Events (EDelhi),General A,HVLF,2026-05-13,19.0,14.6,2026-05-14
USR-18467,Instant Foods(Noida),General C,HVLF,2026-05-22,14.1,14.0,2026-05-14
USR-102567,Instant Foods (SED),General A,HVLF,2026-05-16,15.333333333333334,14.5,2026-05-14
USR-129944,Crossline Events (Meerut),General B,HVLF,2026-05-28,14.875,14.1,2026-05-14
USR-176045,Instant Foods(Noida),Paan B,HVLF,2026-05-22,24.0,14.9,2026-05-14
USR-19352,Instant Foods(Noida),General C,HVLF,2026-05-26,14.875,14.3,2026-05-14
USR-131130,Crossline Events (Meerut),General C,HVLF,2026-05-12,13.666666666666666,14.9,2026-05-14
USR-159665,Instant Foods (SED),General A,HVLF,2026-03-16,18.0,14.6,2026-05-14
USR-166373,Rapid Enterprises,General C,HVLF,2026-05-23,12.454545454545455,14.0,2026-05-14
USR-23805,Instant Foods(Noida),General A,HVLF,2026-05-30,19.428571428571427,15.8,2026-05-15
USR-135882,Instant Foods(Noida),General A,HVLF,2026-05-04,59.5,15.3,2026-05-15
USR-169136,Rapid Enterprises,General A,HVLF,2026-04-02,15.166666666666666,15.5,2026-05-15
USR-242,Instant Foods(Noida),Paan B,HVLF,2026-04-21,17.5,15.0,2026-05-15
USR-162328,Rapid Enterprises,General A,HVLF,2026-05-31,16.666666666666668,15.1,2026-05-15
USR-153142,NB Enterprises (West Delhi),Paan B,HVLF,2026-05-02,13.75,15.6,2026-05-15
USR-112284,NB Enterprises (West Delhi),General B,HVLF,2026-05-04,24.666666666666668,15.8,2026-05-15
USR-20810,Instant Foods(Noida),General A,HVLF,2026-05-01,14.0,15.3,2026-05-15
USR-92355,Instant Foods (SED),General A,HVLF,2026-04-22,17.8,15.1,2026-05-15
USR-131736,Crossline Events (Meerut),General B,HVLF,2026-05-26,23.8,15.9,2026-05-15
USR-171815,Instant Foods (Mathura),Paan A,HVLF,2026-04-10,13.428571428571429,15.3,2026-05-15
USR-18026,Instant Foods(Noida),General B,HVLF,2026-05-05,14.875,15.2,2026-05-15
USR-135868,Instant Foods (GZB),General A,HVLF,2026-05-29,20.571428571428573,15.9,2026-05-15
USR-160424,Instant Foods (SED),Paan A,HVLF,2026-05-11,15.875,15.0,2026-05-15
USR-161404,Instant Foods(Noida),Paan B,HVLF,2026-02-19,24.5,15.8,2026-05-15
USR-26545,Instant Foods(Noida),Paan B,HVLF,2026-05-15,13.555555555555555,15.4,2026-05-15
USR-26604,Instant Foods(Noida),General C,HVLF,2026-03-23,14.0,15.7,2026-05-15
USR-19457,Instant Foods(Noida),General A,HVLF,2026-05-23,17.5,15.1,2026-05-15
USR-12772,Cross Line Events (Ghaziabad),General C,HVLF,2026-05-20,17.6,15.2,2026-05-15
USR-124076,Crossline Events (Meerut),General C,HVLF,2026-05-19,21.666666666666668,15.4,2026-05-15
USR-169155,Rapid Enterprises,General A,HVLF,2026-05-16,14.11111111111111,15.7,2026-05-15
USR-4306,Cross Line Events (Ghaziabad),General B,HVLF,2026-03-23,14.0,15.0,2026-05-15
USR-44308,Cross Line Events (EDelhi),General A,HVLF,2026-05-19,21.5,15.2,2026-05-15
USR-135859,Instant Foods (GZB),General C,HVLF,2026-05-01,13.0,15.4,2026-05-15
USR-168406,Rapid Enterprises,General A,HVLF,2026-03-05,26.0,15.0,2026-05-15
USR-135847,Instant Foods (GZB),General C,HVLF,2026-04-15,17.166666666666668,15.7,2026-05-15
USR-170816,Instant Foods (Mathura),General A,HVLF,2026-03-18,24.666666666666668,15.0,2026-05-15
USR-33931,Cross Line Events (EDelhi),Paan B,HVLF,2026-05-23,22.833333333333332,15.8,2026-05-15
USR-39525,Cross Line Events (EDelhi),General A,HVLF,2026-04-17,15.333333333333334,15.0,2026-05-15
USR-24289,Instant Foods(Noida),General A,HVLF,2026-05-23,15.555555555555555,15.3,2026-05-15
USR-28100,Crossline Events (Noida),Paan B,HVLF,2026-05-28,21.0,15.6,2026-05-15
USR-126167,Crossline Events (Meerut),General C,HVLF,2026-05-25,22.666666666666668,15.6,2026-05-15
USR-43413,Instant Foods(Noida),Paan A,HVLF,2026-05-19,21.0,15.7,2026-05-15
USR-166866,Rapid Enterprises,General B,HVLF,2026-05-11,16.125,15.3,2026-05-15
USR-98053,Instant Foods (SED),General A,HVLF,2026-04-17,14.571428571428571,15.9,2026-05-15
USR-159441,Instant Foods(Noida),General A,HVLF,2026-04-15,18.2,15.3,2026-05-15
USR-153074,NB Enterprises (West Delhi),General C,HVLF,2026-05-13,20.0,15.2,2026-05-15
USR-172673,Instant Foods (Mathura),General B,HVLF,2026-05-15,19.833333333333332,15.6,2026-05-15
USR-159429,Instant Foods(Noida),Paan B,HVLF,2026-05-04,15.25,15.4,2026-05-15
USR-169532,Rapid Enterprises,Paan A,HVLF,2026-03-10,14.0,15.8,2026-05-15
USR-161651,Rapid Enterprises,Paan A,HVLF,2026-05-09,18.285714285714285,15.5,2026-05-15
USR-3516,Instant Foods (GZB),Paan B,HVLF,2026-05-13,15.625,15.2,2026-05-15
USR-8245,Instant Foods(Noida),General B,HVLF,2026-05-01,23.333333333333332,15.4,2026-05-15
USR-89290,Cross Line Events (EDelhi),Paan B,HVLF,2026-05-05,15.142857142857142,15.0,2026-05-15
USR-981,Instant Foods(Noida),General B,HVLF,2026-05-16,17.0,15.2,2026-05-15
USR-17872,Instant Foods(Noida),General B,HVLF,2026-03-25,23.666666666666668,15.3,2026-05-15
USR-172691,Instant Foods (Mathura),Paan A,HVLF,2026-04-10,19.5,15.1,2026-05-15
USR-159360,Instant Foods(Noida),General A,HVLF,2026-04-29,23.2,15.0,2026-05-15
USR-159483,Instant Foods(Noida),General C,HVLF,2026-05-18,20.5,15.8,2026-05-15
USR-166926,Rapid Enterprises,General B,HVLF,2026-05-18,14.285714285714286,15.2,2026-05-15
USR-114448,NB Enterprises (West Delhi),General B,HVLF,2026-05-02,12.0,15.1,2026-05-15
USR-24287,Instant Foods(Noida),General A,HVLF,2026-01-17,14.0,15.4,2026-05-15
USR-162171,Rapid Enterprises,General B,HVLF,2026-04-11,22.666666666666668,15.5,2026-05-15
USR-19669,Instant Foods(Noida),Paan B,HVLF,2026-03-02,20.5,15.2,2026-05-15
USR-178412,Instant Foods (Mathura),General B,HVLF,2026-05-29,14.0,15.0,2026-05-15
USR-166758,Rapid Enterprises,General B,HVLF,2026-05-04,16.666666666666668,15.3,2026-05-15
USR-126962,Crossline Events (Meerut),Paan A,HVLF,2026-05-12,16.0,15.1,2026-05-15
USR-168295,Rapid Enterprises,General A,HVLF,2026-05-04,13.125,15.2,2026-05-15
USR-163763,Rapid Enterprises,General B,HVLF,2026-04-28,26.666666666666668,15.9,2026-05-15
USR-172642,Crossline Events (Meerut),General C,HVLF,2026-04-23,49.0,15.3,2026-05-15
USR-21580,Instant Foods(Noida),General A,HVLF,2026-04-13,14.571428571428571,15.2,2026-05-15
USR-93055,Instant Foods (SED),General A,HVLF,2026-04-21,18.666666666666668,15.0,2026-05-15
USR-169629,Instant Foods (GZB),Paan B,HVLF,2026-05-06,13.125,15.6,2026-05-15
USR-55115,Instant Foods (SED),General C,HVLF,2026-05-20,17.714285714285715,15.4,2026-05-15
USR-169620,Crossline Events (Meerut),General C,HVLF,2026-05-12,16.25,15.0,2026-05-15
USR-5524,Instant Foods (GZB),General A,HVLF,2026-05-16,19.142857142857142,15.5,2026-05-15
USR-23401,Instant Foods(Noida),General C,HVLF,2026-05-13,17.0,15.7,2026-05-15
USR-114059,NB Enterprises (West Delhi),General B,LVLF,2026-05-16,19.285714285714285,15.7,2026-05-15
USR-24235,Instant Foods(Noida),General C,HVLF,2026-05-06,16.0,15.2,2026-05-15
USR-162270,NB Enterprises (West Delhi),General B,HVLF,2026-05-12,14.714285714285714,15.4,2026-05-15
USR-170565,Instant Foods (Mathura),General A,HVLF,2026-03-27,14.0,15.2,2026-05-15
USR-17096,Instant Foods(Noida),Paan B,HVLF,2026-05-20,26.6,15.8,2026-05-15
USR-7809,Instant Foods (GZB),Paan A,HVLF,2026-05-25,29.5,15.9,2026-05-15
USR-153837,Crossline Events (Meerut),Paan A,HVLF,2026-05-29,28.4,15.5,2026-05-15
USR-166676,Rapid Enterprises,General B,HVLF,2026-05-30,32.0,15.7,2026-05-15
USR-174772,Instant Foods (Mathura),Paan A,HVLF,2026-05-25,14.0,15.2,2026-05-15
USR-27130,Crossline Events (Noida),Paan B,HVLF,2026-05-15,19.0,15.8,2026-05-15
USR-132447,Instant Foods(Noida),General C,HVLF,2026-05-15,19.0,15.5,2026-05-15
USR-38155,Cross Line Events (EDelhi),General A,HVLF,2026-03-18,17.25,15.2,2026-05-15
USR-161938,Rapid Enterprises,Chemist A,HVLF,2026-05-01,16.428571428571427,15.3,2026-05-15
USR-129402,Crossline Events (Meerut),General B,HVLF,2026-05-19,22.166666666666668,15.6,2026-05-15
USR-129063,Crossline Events (Meerut),General B,HVLF,2026-03-12,21.0,15.9,2026-05-15
USR-130727,Crossline Events (Meerut),General B,HVLF,2026-04-02,21.0,15.9,2026-05-15
USR-160817,Cross Line Events (EDelhi),Paan B,HVLF,2026-05-14,16.666666666666668,15.1,2026-05-15
USR-167218,Rapid Enterprises,General B,HVLF,2026-02-14,20.5,15.8,2026-05-15
USR-108606,Cross Line Events (EDelhi),General C,HVLF,2026-05-25,24.8,15.1,2026-05-15
USR-166720,Crossline Events (Meerut),Paan B,HVLF,2026-05-07,35.333333333333336,15.7,2026-05-15
USR-170063,Instant Foods (Mathura),General C,HVLF,2026-05-13,20.666666666666668,15.5,2026-05-15
USR-126432,Crossline Events (Meerut),General C,HVLF,2026-05-08,18.666666666666668,15.8,2026-05-15
USR-858,Crossline Events (Noida),General C,HVLF,2026-05-12,15.0,15.0,2026-05-15
USR-174651,Instant Foods (Mathura),Paan A,HVLF,2026-05-25,14.0,15.2,2026-05-15
USR-164325,Rapid Enterprises,Paan C,HVLF,2026-04-15,16.4,15.0,2026-05-15
USR-7169,Instant Foods (GZB),General A,HVLF,2026-03-24,20.0,15.8,2026-05-15
USR-145611,NB Enterprises (West Delhi),General A,HVLF,2026-04-25,17.0,15.6,2026-05-15
USR-91883,Instant Foods (SED),General A,HVLF,2026-05-14,12.9,15.4,2026-05-15
USR-27020,Crossline Events (Noida),Paan B,HVLF,2026-05-26,17.5,15.4,2026-05-15
USR-24656,Instant Foods(Noida),General C,HVLF,2026-05-12,25.2,15.8,2026-05-15
USR-172091,Rapid Enterprises,General B,HVLF,2026-01-22,14.0,15.1,2026-05-15
USR-93906,Instant Foods (SED),General A,HVLF,2026-04-17,30.666666666666668,15.8,2026-05-15
USR-177868,Crossline Events (Meerut),General B,HVLF,2026-05-07,14.0,15.9,2026-05-15
USR-131195,Crossline Events (Meerut),General B,HVLF,2026-05-21,23.8,15.3,2026-05-15
USR-161200,Instant Foods (SED),General A,HVLF,2026-02-12,14.0,15.5,2026-05-15
USR-37505,Cross Line Events (EDelhi),General B,HVLF,2026-05-25,17.875,15.9,2026-05-15
USR-176111,Cross Line Events (Ghaziabad),General B,HVLF,2026-04-01,14.0,15.5,2026-05-15
USR-161444,Instant Foods (GZB),Paan C,HVLF,2026-05-09,19.5,15.3,2026-05-15
USR-129504,Crossline Events (Meerut),General C,HVLF,2026-05-19,14.777777777777779,15.2,2026-05-15
USR-982,Crossline Events (Noida),General B,HVLF,2026-05-07,15.0,15.5,2026-05-15
USR-159730,Crossline Events (Noida),General A,HVLF,2026-05-08,17.0,15.0,2026-05-15
USR-129630,Crossline Events (Meerut),General C,HVLF,2026-05-26,17.5,15.3,2026-05-15
USR-159037,Crossline Events (Meerut),General A,HVLF,2026-05-16,31.0,15.9,2026-05-15
USR-12245,Instant Foods (GZB),General B,HVLF,2026-05-25,23.333333333333332,15.4,2026-05-15
USR-161588,Instant Foods(Noida),Paan B,HVLF,2026-02-16,14.0,15.2,2026-05-15
USR-18102,Instant Foods (GZB),Paan B,HVLF,2026-05-13,16.0,15.8,2026-05-15
USR-174325,Instant Foods (Mathura),General A,HVLF,2026-05-13,18.0,15.5,2026-05-15
USR-24442,Instant Foods(Noida),General C,HVLF,2026-05-08,18.666666666666668,15.9,2026-05-15
USR-161941,Rapid Enterprises,Chemist B,HVLF,2026-04-29,23.0,15.7,2026-05-15
USR-170141,Rapid Enterprises,General A,HVLF,2026-05-31,19.5,15.5,2026-05-15
USR-174952,Instant Foods (Mathura),General B,HVLF,2026-05-02,16.25,15.8,2026-05-15
USR-111043,NB Enterprises (West Delhi),General A,HVLF,2026-05-07,14.75,15.4,2026-05-15
USR-9074,Instant Foods (GZB),General C,HVLF,2026-05-29,31.0,15.6,2026-05-15
USR-6882,Cross Line Events (Ghaziabad),General B,HVLF,2026-04-10,19.5,15.5,2026-05-15
USR-170131,Cross Line Events (Ghaziabad),General B,HVLF,2026-05-06,15.714285714285714,15.4,2026-05-15
USR-119365,Crossline Events (Meerut),General C,HVLF,2026-05-30,21.0,15.6,2026-05-15
USR-161856,Rapid Enterprises,General B,HVLF,2026-01-22,14.0,15.1,2026-05-15
USR-42016,Cross Line Events (EDelhi),General A,HVLF,2026-04-14,18.2,15.4,2026-05-15
USR-151574,Crossline Events (Meerut),General A,HVLF,2026-05-15,14.0,15.1,2026-05-15
USR-174420,Instant Foods (Mathura),General A,HVLF,2026-05-25,21.0,15.8,2026-05-15
USR-153264,NB Enterprises (West Delhi),General C,HVLF,2026-05-06,16.571428571428573,15.6,2026-05-15
USR-160870,Crossline Events (Meerut),Paan C,HVLF,2026-05-25,25.2,15.9,2026-05-15
USR-167028,Crossline Events (Meerut),General C,HVLF,2026-05-15,18.285714285714285,15.2,2026-05-15
USR-42076,Cross Line Events (EDelhi),General A,HVLF,2026-05-15,17.571428571428573,16.9,2026-05-16
USR-28319,Crossline Events (Noida),Paan B,HVLF,2026-05-14,28.0,16.0,2026-05-16
USR-163998,Rapid Enterprises,General A,HVLF,2026-05-19,16.625,16.1,2026-05-16
USR-100729,Instant Foods (SED),Paan B,HVLF,2026-03-14,15.0,16.9,2026-05-16
USR-170684,Instant Foods (GZB),General B,HVLF,2026-05-06,41.333333333333336,16.8,2026-05-16
USR-130953,Crossline Events (Meerut),General B,HVLF,2026-03-14,20.333333333333332,16.0,2026-05-16
USR-10349,Cross Line Events (Ghaziabad),General B,HVLF,2026-04-28,32.333333333333336,16.6,2026-05-16
USR-22573,Instant Foods(Noida),General C,HVLF,2026-05-21,18.2,16.0,2026-05-16
USR-41867,Instant Foods(Noida),Paan B,HVLF,2026-05-06,18.666666666666668,16.5,2026-05-16
USR-117787,Crossline Events (Meerut),Paan B,HVLF,2026-04-11,17.75,16.9,2026-05-16
USR-129967,Crossline Events (Meerut),General B,HVLF,2026-05-29,25.0,16.0,2026-05-16
USR-2344,Instant Foods(Noida),General B,HVLF,2026-04-30,23.8,16.2,2026-05-16
USR-164234,Rapid Enterprises,General C,HVLF,2026-05-29,28.6,16.8,2026-05-16
USR-10560,Instant Foods (GZB),General C,HVLF,2026-03-24,22.5,16.3,2026-05-16
USR-4201,Instant Foods (GZB),Paan B,HVLF,2026-05-07,24.5,16.9,2026-05-16
USR-159108,NB Enterprises (West Delhi),General A,HVLF,2026-03-02,16.0,16.3,2026-05-16
USR-170839,Instant Foods (Mathura),General B,HVLF,2026-05-14,25.8,16.4,2026-05-16
USR-170768,Instant Foods (Mathura),General B,HVLF,2026-05-06,17.285714285714285,16.6,2026-05-16
USR-163299,Rapid Enterprises,General B,HVLF,2026-05-12,19.25,16.4,2026-05-16
USR-26047,Instant Foods(Noida),General C,HVLF,2026-05-20,22.166666666666668,16.4,2026-05-16
USR-12387,Cross Line Events (Ghaziabad),Paan B,HVLF,2026-04-29,16.0,16.6,2026-05-16
USR-123976,Crossline Events (Meerut),General C,HVLF,2026-03-29,19.0,16.8,2026-05-16
USR-137049,NB Enterprises (West Delhi),General B,HVLF,2026-05-07,15.285714285714286,16.4,2026-05-16
USR-67260,Instant Foods (SED),General C,HVLF,2026-01-16,15.0,16.3,2026-05-16
USR-22041,Crossline Events (Noida),General A,LVLF,2026-03-12,18.666666666666668,16.3,2026-05-16
USR-12435,Instant Foods(Noida),General B,HVLF,2026-05-01,17.0,16.4,2026-05-16
USR-99429,Instant Foods (SED),General A,HVLF,2026-05-21,19.285714285714285,16.1,2026-05-16
USR-29020,Instant Foods(Noida),Paan B,HVLF,2026-03-12,30.5,16.6,2026-05-16
USR-21979,Instant Foods(Noida),General C,HVLF,2026-05-18,15.75,16.1,2026-05-16
USR-21959,Instant Foods(Noida),General C,HVLF,2026-05-18,15.0,16.0,2026-05-16
USR-22291,Instant Foods(Noida),General C,HVLF,2026-05-07,13.555555555555555,16.1,2026-05-16
USR-130488,Crossline Events (Meerut),General B,HVLF,2026-05-28,23.8,16.9,2026-05-16
USR-163127,Rapid Enterprises,General B,LVLF,2026-05-09,19.833333333333332,16.6,2026-05-16
USR-162282,Crossline Events (Meerut),General C,HVLF,2026-05-19,59.0,16.7,2026-05-16
USR-26258,Instant Foods(Noida),General C,HVLF,2026-05-19,18.666666666666668,16.1,2026-05-16
USR-26271,Instant Foods(Noida),Paan B,HVLF,2026-05-19,19.6,16.4,2026-05-16
USR-175071,Instant Foods (Mathura),General B,HVLF,2026-03-14,15.0,16.4,2026-05-16
USR-170779,Rapid Enterprises,Wholesaler,HVLF,2026-04-03,18.25,16.2,2026-05-16
USR-167685,Rapid Enterprises,General B,HVLF,2026-05-30,20.142857142857142,16.8,2026-05-16
USR-173083,Instant Foods (Mathura),General B,HVLF,2026-05-30,17.5,16.6,2026-05-16
USR-22917,Instant Foods(Noida),General A,HVLF,2026-04-18,21.0,16.8,2026-05-16
USR-109676,NB Enterprises (West Delhi),General A,HVLF,2026-05-12,15.5,16.4,2026-05-16
USR-162085,Crossline Events (Meerut),General B,HVLF,2026-05-09,12.7,16.0,2026-05-16
USR-164533,Rapid Enterprises,General C,HVLF,2026-05-19,14.444444444444445,16.4,2026-05-16
USR-24631,Instant Foods(Noida),General C,HVLF,2026-05-20,26.6,16.8,2026-05-16
USR-119614,Crossline Events (Meerut),General C,HVLF,2026-03-03,19.0,16.8,2026-05-16
USR-167744,Rapid Enterprises,General B,HVLF,2026-02-21,20.0,16.4,2026-05-16
USR-164482,Rapid Enterprises,General B,HVLF,2026-05-30,17.5,16.5,2026-05-16
USR-42271,Cross Line Events (EDelhi),Paan B,HVLF,2026-05-13,18.833333333333332,16.5,2026-05-16
USR-166936,Rapid Enterprises,General B,HVLF,2026-05-31,18.125,16.3,2026-05-16
USR-163831,Rapid Enterprises,General A,HVLF,2026-05-08,16.6,16.2,2026-05-16
USR-129327,Crossline Events (Meerut),General C,HVLF,2026-04-16,18.2,16.2,2026-05-16
USR-162765,Rapid Enterprises,General C,HVLF,2026-05-23,20.5,16.8,2026-05-16
USR-37658,Cross Line Events (EDelhi),General A,HVLF,2026-03-27,21.0,16.5,2026-05-16
USR-24146,Crossline Events (Noida),General C,HVLF,2026-05-05,17.5,16.6,2026-05-16
USR-162214,Instant Foods (GZB),Paan A,HVLF,2026-05-16,16.75,16.9,2026-05-16
USR-37626,Crossline Events (Noida),Paan A,HVLF,2026-05-30,17.75,16.6,2026-05-16
USR-172723,Instant Foods (Mathura),General B,HVLF,2026-04-23,24.75,16.9,2026-05-16
USR-27033,Crossline Events (Noida),Paan B,HVLF,2026-04-17,26.0,16.8,2026-05-16
USR-20881,Instant Foods(Noida),General B,HVLF,2026-05-19,16.25,16.1,2026-05-16
USR-159519,Instant Foods(Noida),General C,HVLF,2026-05-18,19.25,16.7,2026-05-16
USR-1605,Crossline Events (Noida),Paan B,HVLF,2026-03-06,14.0,16.1,2026-05-16
USR-89026,Instant Foods (SED),Paan B,HVLF,2026-02-11,20.0,16.6,2026-05-16
USR-5409,Instant Foods (GZB),Paan B,HVLF,2026-05-16,13.4,16.3,2026-05-16
USR-172752,Instant Foods (Mathura),General A,HVLF,2026-05-26,20.6,16.9,2026-05-16
USR-165584,Instant Foods (GZB),Paan C,HVLF,2026-04-09,17.0,16.5,2026-05-16
USR-160201,Crossline Events (Meerut),General B,HVLF,2026-05-29,28.0,16.2,2026-05-16
USR-162834,Cross Line Events (Ghaziabad),Paan B,HVLF,2026-05-25,18.8,16.2,2026-05-16
USR-112308,NB Enterprises (West Delhi),General B,HVLF,2026-03-07,22.5,16.9,2026-05-16
USR-173788,Crossline Events (Meerut),General C,HVLF,2026-05-19,36.0,16.6,2026-05-16
USR-18722,Instant Foods(Noida),Paan B,HVLF,2026-04-07,16.8,16.1,2026-05-16
USR-168655,Rapid Enterprises,General A,HVLF,2026-03-25,23.5,16.3,2026-05-16
USR-133776,Instant Foods (GZB),General C,LVLF,2026-05-04,14.0,16.9,2026-05-16
USR-890,Crossline Events (Noida),Paan B,HVLF,2026-05-20,18.0,16.5,2026-05-16
USR-162047,Rapid Enterprises,Chemist B,HVLF,2026-04-29,24.0,16.2,2026-05-16
USR-163074,Rapid Enterprises,General C,HVLF,2026-03-13,15.0,16.7,2026-05-16
USR-10619,Instant Foods (GZB),General A,HVLF,2026-04-01,19.25,16.1,2026-05-16
USR-106164,Instant Foods (SED),General A,HVLF,2026-04-25,27.0,16.7,2026-05-16
USR-26725,Instant Foods(Noida),Paan B,HVLF,2026-05-14,29.75,16.7,2026-05-16
USR-165271,Rapid Enterprises,General C,HVLF,2026-05-29,18.5,16.1,2026-05-16
USR-94041,Instant Foods (SED),General A,HVLF,2026-05-26,38.333333333333336,16.9,2026-05-16
USR-170189,Instant Foods (Mathura),General A,HVLF,2026-05-19,22.333333333333332,16.3,2026-05-16
USR-170060,Rapid Enterprises,General B,HVLF,2026-05-30,15.125,16.0,2026-05-16
USR-104029,Cross Line Events (EDelhi),General B,HVLF,2026-05-18,17.0,16.6,2026-05-16
USR-17999,Instant Foods(Noida),General B,HVLF,2026-05-01,13.375,16.1,2026-05-16
USR-20986,Instant Foods(Noida),General C,LVLF,2026-03-31,17.6,16.7,2026-05-16
USR-507,Crossline Events (Noida),General C,HVLF,2026-05-29,20.0,16.6,2026-05-16
USR-173435,Crossline Events (Meerut),General B,HVLF,2026-03-02,19.5,16.3,2026-05-16
USR-173365,Instant Foods (Mathura),General B,LVLF,2026-05-08,21.25,16.5,2026-05-16
USR-19790,Instant Foods(Noida),General A,HVLF,2026-04-04,17.6,16.9,2026-05-16
USR-161904,Rapid Enterprises,General B,HVLF,2026-05-15,20.833333333333332,16.0,2026-05-16
USR-1835,Instant Foods(Noida),General B,HVLF,2026-05-19,26.6,16.8,2026-05-16
USR-129209,Crossline Events (Meerut),General C,HVLF,2026-04-16,21.0,16.6,2026-05-16
USR-494,Crossline Events (Noida),Paan A,HVLF,2026-05-14,17.5,16.8,2026-05-16
USR-347,Crossline Events (Noida),General C,HVLF,2026-05-20,18.0,16.5,2026-05-16
USR-165892,Crossline Events (Meerut),General A,HVLF,2026-04-16,15.0,16.8,2026-05-16
USR-173339,Crossline Events (Meerut),General C,HVLF,2026-05-03,24.75,16.0,2026-05-16
USR-153401,Cross Line Events (Ghaziabad),Paan A,HVLF,2026-05-08,27.0,16.1,2026-05-16
USR-166773,Rapid Enterprises,General B,HVLF,2026-02-12,16.0,16.9,2026-05-16
USR-163455,Rapid Enterprises,Paan C,HVLF,2026-04-10,14.0,16.0,2026-05-16
USR-21103,Instant Foods(Noida),General C,HVLF,2026-04-01,20.25,16.0,2026-05-16
USR-113888,NB Enterprises (West Delhi),General B,HVLF,2026-05-01,16.333333333333332,16.3,2026-05-16
USR-4808,Instant Foods (GZB),General B,HVLF,2026-05-19,18.666666666666668,16.0,2026-05-16
USR-27019,Crossline Events (Noida),Paan B,HVLF,2026-05-30,25.2,16.7,2026-05-16
USR-19704,Instant Foods(Noida),Paan B,HVLF,2026-05-15,25.4,16.9,2026-05-16
USR-391,Instant Foods(Noida),General B,HVLF,2026-05-19,21.0,16.5,2026-05-16
USR-162025,Rapid Enterprises,General C,HVLF,2026-05-09,14.25,16.0,2026-05-16
USR-163462,Rapid Enterprises,General B,HVLF,2026-05-09,16.4,16.6,2026-05-16
USR-93594,Instant Foods (SED),General A,HVLF,2026-05-14,16.285714285714285,16.5,2026-05-16
USR-176401,Maa Sharda(LKO),General A,HVLF,2026-05-23,15.0,16.7,2026-05-16
USR-153070,NB Enterprises (West Delhi),Paan B,HVLF,2026-05-13,23.0,16.3,2026-05-16
USR-160249,Crossline Events (Meerut),Paan B,HVLF,2026-04-16,15.0,16.5,2026-05-16
USR-165219,Rapid Enterprises,Chemist B,HVLF,2026-05-29,18.0,16.0,2026-05-16
USR-22186,Instant Foods(Noida),Paan B,HVLF,2026-05-14,20.333333333333332,17.1,2026-05-17
USR-100542,Instant Foods (SED),General A,HVLF,2026-05-23,17.75,17.0,2026-05-17
USR-166989,Rapid Enterprises,General B,HVLF,2026-05-23,16.625,17.4,2026-05-17
USR-170874,Instant Foods (Mathura),General B,HVLF,2026-05-04,19.833333333333332,17.3,2026-05-17
USR-114250,NB Enterprises (West Delhi),Paan B,HVLF,2026-05-14,25.8,17.3,2026-05-17
USR-20606,Instant Foods(Noida),General C,HVLF,2026-04-08,19.2,17.3,2026-05-17
USR-79797,Instant Foods (SED),Paan B,HVLF,2026-05-22,22.5,17.1,2026-05-17
USR-37341,Cross Line Events (EDelhi),Paan B,HVLF,2026-05-29,30.0,17.6,2026-05-17
USR-27667,Crossline Events (Noida),General C,HVLF,2026-05-16,21.0,17.3,2026-05-17
USR-129469,Crossline Events (Meerut),General B,HVLF,2026-05-05,18.666666666666668,17.8,2026-05-17
USR-163568,Rapid Enterprises,General C,HVLF,2026-05-23,24.6,17.5,2026-05-17
USR-114241,NB Enterprises (West Delhi),General B,HVLF,2026-05-22,27.4,17.2,2026-05-17
USR-166649,Instant Foods (SED),Paan C,HVLF,2026-02-12,21.0,17.1,2026-05-17
USR-168850,Rapid Enterprises,General A,HVLF,2026-05-03,15.714285714285714,17.4,2026-05-17
USR-173049,Instant Foods (Mathura),General A,HVLF,2026-05-02,19.5,17.7,2026-05-17
USR-166180,Rapid Enterprises,General A,HVLF,2026-05-20,27.6,17.8,2026-05-17
USR-149925,Instant Foods (SED),Paan B,HVLF,2026-05-01,14.5,17.5,2026-05-17
USR-73675,NB Enterprises (West Delhi),Paan B,HVLF,2026-04-18,17.5,17.4,2026-05-17
USR-172408,Instant Foods (Mathura),Paan A,HVLF,2026-05-14,29.5,17.2,2026-05-17
USR-101573,Cross Line Events (EDelhi),Paan B,HVLF,2026-01-27,17.0,17.5,2026-05-17
USR-169944,Instant Foods (GZB),General B,HVLF,2026-05-20,17.25,17.4,2026-05-17
USR-176135,NB Enterprises (West Delhi),Paan B,HVLF,2026-04-08,15.0,17.1,2026-05-17
USR-119376,Crossline Events (Meerut),Paan B,HVLF,2026-05-07,26.5,17.6,2026-05-17
USR-166260,Rapid Enterprises,General C,HVLF,2026-05-26,20.714285714285715,17.7,2026-05-17
USR-171143,Instant Foods (Mathura),General A,HVLF,2026-05-17,33.0,17.3,2026-05-17
USR-18484,Instant Foods(Noida),Paan B,HVLF,2026-05-19,26.6,17.6,2026-05-17
USR-44823,Cross Line Events (EDelhi),Paan B,LVLF,2026-04-17,20.0,17.6,2026-05-17
USR-92736,Instant Foods (SED),General A,HVLF,2026-05-13,25.4,17.0,2026-05-17
USR-18282,Cross Line Events (Ghaziabad),Paan B,LVLF,2026-05-06,40.333333333333336,17.8,2026-05-17
USR-168907,Rapid Enterprises,Paan A,HVLF,2026-04-20,19.0,17.0,2026-05-17
USR-166665,Rapid Enterprises,General B,HVLF,2026-04-08,20.5,17.5,2026-05-17
USR-172295,Instant Foods (Mathura),General A,LVLF,2026-05-21,20.75,17.4,2026-05-17
USR-102036,Instant Foods (SED),General A,HVLF,2026-05-02,20.333333333333332,17.6,2026-05-17
USR-166430,Rapid Enterprises,General B,HVLF,2026-04-01,21.5,17.2,2026-05-17
USR-109957,NB Enterprises (West Delhi),General B,LVLF,2026-01-17,16.0,17.0,2026-05-17
USR-169715,Rapid Enterprises,General A,HVLF,2026-05-06,23.0,17.6,2026-05-17
USR-95702,Instant Foods (SED),General A,LVLF,2026-05-12,14.375,17.1,2026-05-17
USR-45637,Instant Foods (SED),General A,HVLF,2026-05-04,20.0,17.0,2026-05-17
USR-173468,Instant Foods (Mathura),General B,HVLF,2026-05-09,15.0,17.1,2026-05-17
USR-174584,Instant Foods (Mathura),General B,HVLF,2026-05-14,20.0,17.2,2026-05-17
USR-168680,Rapid Enterprises,General B,HVLF,2026-05-25,22.0,17.2,2026-05-17
USR-92987,Instant Foods (SED),General A,HVLF,2026-05-25,20.0,17.3,2026-05-17
USR-162308,Rapid Enterprises,General C,HVLF,2026-05-02,16.0,17.5,2026-05-17
USR-165161,Rapid Enterprises,Paan A,HVLF,2026-05-18,21.0,17.6,2026-05-17
USR-176754,Rapid Enterprises,General B,HVLF,2026-04-27,18.0,17.8,2026-05-17
USR-169427,Crossline Events (Meerut),General C,HVLF,2026-03-27,29.5,17.9,2026-05-17
USR-165796,Rapid Enterprises,General B,HVLF,2026-05-22,26.75,17.0,2026-05-17
USR-129686,Crossline Events (Meerut),General B,HVLF,2026-05-21,19.0,17.5,2026-05-17
USR-19566,Instant Foods(Noida),Paan B,HVLF,2026-04-14,19.6,17.1,2026-05-17
USR-124606,Crossline Events (Meerut),General C,HVLF,2026-05-29,36.5,17.4,2026-05-17
USR-173795,Instant Foods (Mathura),General A,HVLF,2026-05-16,17.75,17.0,2026-05-17
USR-135128,Crossline Events (Meerut),General C,HVLF,2026-05-13,20.833333333333332,17.6,2026-05-17
USR-8344,Instant Foods(Noida),General C,LVLF,2026-05-08,19.666666666666668,17.2,2026-05-17
USR-172709,Instant Foods (Mathura),General A,HVLF,2026-04-17,15.0,17.1,2026-05-17
USR-161597,Instant Foods (GZB),Paan C,HVLF,2026-05-06,17.285714285714285,17.2,2026-05-17
USR-158951,Crossline Events (Meerut),Paan C,HVLF,2026-05-07,18.333333333333332,17.8,2026-05-17
USR-1601,Crossline Events (Noida),General B,HVLF,2026-05-18,26.6,17.6,2026-05-17
USR-95495,Instant Foods (SED),General A,HVLF,2026-05-16,19.333333333333332,17.3,2026-05-17
USR-169126,Rapid Enterprises,General A,HVLF,2026-04-21,22.0,17.2,2026-05-17
USR-161087,Instant Foods (GZB),Paan A,HVLF,2026-05-25,18.714285714285715,17.1,2026-05-17
USR-159334,Instant Foods(Noida),General C,HVLF,2026-04-27,23.0,17.2,2026-05-17
USR-55486,NB Enterprises (West Delhi),Paan B,HVLF,2026-03-19,24.333333333333332,17.5,2026-05-17
USR-39505,Cross Line Events (EDelhi),General A,LVLF,2026-05-16,33.666666666666664,17.2,2026-05-17
USR-55482,NB Enterprises (West Delhi),Paan B,HVLF,2026-04-17,19.8,17.5,2026-05-17
USR-23573,Instant Foods(Noida),General A,HVLF,2026-05-07,19.5,17.7,2026-05-17
USR-131914,Crossline Events (Meerut),General C,HVLF,2026-04-08,31.666666666666668,17.8,2026-05-17
USR-163789,Rapid Enterprises,General A,HVLF,2026-04-03,17.6,17.5,2026-05-17
USR-43874,Cross Line Events (EDelhi),General A,HVLF,2026-05-21,34.0,17.1,2026-05-17
USR-175828,NB Enterprises (West Delhi),Paan A,HVLF,2026-05-14,16.0,17.8,2026-05-17
USR-40184,Cross Line Events (EDelhi),General A,HVLF,2026-05-26,20.142857142857142,17.6,2026-05-17
USR-163339,Crossline Events (Meerut),General A,HVLF,2026-05-18,24.4,17.7,2026-05-17
USR-27996,Instant Foods(Noida),General C,HVLF,2026-03-12,31.5,17.3,2026-05-17
USR-171510,Instant Foods (Mathura),General B,HVLF,2026-05-08,15.0,17.1,2026-05-17
USR-17085,Instant Foods(Noida),Paan B,HVLF,2026-04-01,20.25,17.6,2026-05-17
USR-172532,Instant Foods (Mathura),General B,HVLF,2026-05-14,22.5,17.6,2026-05-17
USR-19570,Instant Foods(Noida),General A,HVLF,2026-05-11,20.333333333333332,17.6,2026-05-17
USR-19714,Instant Foods(Noida),General B,HVLF,2026-05-27,22.4,17.7,2026-05-17
USR-159385,Crossline Events (Meerut),General A,HVLF,2026-03-16,23.5,17.9,2026-05-17
USR-159507,Instant Foods(Noida),General B,HVLF,2026-04-08,19.25,17.0,2026-05-17
USR-174284,Rapid Enterprises,General B,HVLF,2026-05-04,19.25,17.5,2026-05-17
USR-12376,Cross Line Events (Ghaziabad),General C,HVLF,2026-05-01,14.142857142857142,17.2,2026-05-17
USR-165993,Rapid Enterprises,Chemist C,HVLF,2026-05-14,19.8,17.9,2026-05-17
USR-172147,Instant Foods (Mathura),Paan A,HVLF,2026-03-10,15.0,17.0,2026-05-17
USR-241,Crossline Events (Noida),Paan B,HVLF,2026-05-19,19.0,18.9,2026-05-18
USR-166407,Rapid Enterprises,General C,HVLF,2026-04-18,25.5,18.8,2026-05-18
USR-21304,Instant Foods(Noida),Paan B,HVLF,2026-03-17,30.0,18.3,2026-05-18
USR-176419,Maa Sharda(LKO),General A,HVLF,2026-05-29,18.0,18.1,2026-05-18
USR-20233,Instant Foods(Noida),General C,HVLF,2026-05-18,23.4,18.1,2026-05-18
USR-159607,Instant Foods(Noida),General C,HVLF,2026-04-13,32.666666666666664,18.5,2026-05-18
USR-2117,Instant Foods(Noida),General B,HVLF,2026-05-20,26.25,18.1,2026-05-18
USR-177126,Maa Sharda(LKO),Paan B,HVLF,2026-05-28,19.0,18.9,2026-05-18
USR-167172,Rapid Enterprises,General B,HVLF,2026-04-28,31.5,18.1,2026-05-18
USR-112807,NB Enterprises (West Delhi),General B,HVLF,2026-05-05,23.0,18.6,2026-05-18
USR-177580,Maa Sharda(LKO),General B,HVLF,2026-05-26,18.0,18.0,2026-05-18
USR-160549,Instant Foods (GZB),Paan C,HVLF,2026-05-09,17.833333333333332,18.6,2026-05-18
USR-167998,Rapid Enterprises,General B,HVLF,2026-05-15,22.166666666666668,18.6,2026-05-18
USR-45515,Cross Line Events (EDelhi),General A,HVLF,2026-02-09,17.0,18.0,2026-05-18
USR-132654,Crossline Events (Meerut),General C,HVLF,2026-05-23,26.8,18.6,2026-05-18
USR-164707,Rapid Enterprises,General A,HVLF,2026-05-09,39.0,18.9,2026-05-18
USR-161400,Instant Foods(Noida),Paan C,HVLF,2026-05-06,21.8,18.4,2026-05-18
USR-2019,Crossline Events (Noida),Paan A,HVLF,2026-04-08,18.4,18.0,2026-05-18
USR-91506,Instant Foods (SED),General A,HVLF,2026-05-20,26.4,18.6,2026-05-18
USR-89397,Instant Foods (SED),Paan B,HVLF,2026-05-18,18.5,18.0,2026-05-18
USR-133226,Instant Foods (GZB),General C,HVLF,2026-05-29,20.571428571428573,18.6,2026-05-18
USR-110670,NB Enterprises (West Delhi),General A,HVLF,2026-04-10,23.75,18.4,2026-05-18
USR-135,Crossline Events (Noida),General A,HVLF,2026-03-19,25.666666666666668,18.6,2026-05-18
USR-174984,Instant Foods (Mathura),General A,HVLF,2026-05-20,22.0,18.2,2026-05-18
USR-73780,Instant Foods (SED),Paan B,HVLF,2026-05-20,27.0,18.6,2026-05-18
USR-160085,Instant Foods (SED),Wholesaler,HVLF,2026-05-20,19.714285714285715,18.7,2026-05-18
USR-159696,Cross Line Events (Ghaziabad),Paan B,HVLF,2026-04-24,18.0,18.6,2026-05-18
USR-166901,Rapid Enterprises,General B,HVLF,2026-05-22,17.0,18.4,2026-05-18
USR-168967,Rapid Enterprises,Wholesaler,HVLF,2026-05-20,19.285714285714285,18.5,2026-05-18
USR-22498,Instant Foods(Noida),General A,HVLF,2026-04-16,21.0,18.6,2026-05-18
USR-710,Instant Foods(Noida),General B,HVLF,2026-05-05,22.4,18.8,2026-05-18
USR-92108,Instant Foods (SED),General A,HVLF,2026-03-12,17.0,18.7,2026-05-18
USR-36914,Instant Foods (GZB),Paan A,HVLF,2026-03-16,23.0,18.0,2026-05-18
USR-164679,Rapid Enterprises,General C,HVLF,2026-02-09,17.0,18.1,2026-05-18
USR-166935,Rapid Enterprises,General B,HVLF,2026-05-19,33.5,18.4,2026-05-18
USR-167420,Rapid Enterprises,Paan A,HVLF,2026-05-07,20.166666666666668,18.2,2026-05-18
USR-168372,Crossline Events (Meerut),General C,HVLF,2026-04-21,20.25,18.1,2026-05-18
USR-162036,Instant Foods(Noida),Paan B,HVLF,2026-05-04,17.428571428571427,18.4,2026-05-18
USR-171653,Instant Foods (Mathura),General A,LVLF,2026-05-02,21.333333333333332,18.4,2026-05-18
USR-23110,Instant Foods(Noida),Paan B,HVLF,2026-05-13,21.0,18.3,2026-05-18
USR-42726,Instant Foods (GZB),Paan B,HVLF,2026-04-06,23.5,18.8,2026-05-18
USR-173036,Instant Foods (Mathura),General A,HVLF,2026-05-02,19.5,18.5,2026-05-18
USR-3043,Instant Foods (GZB),General B,HVLF,2026-05-20,26.4,18.3,2026-05-18
USR-6838,Instant Foods (GZB),Paan B,HVLF,2026-05-18,18.571428571428573,18.0,2026-05-18
USR-849,Instant Foods(Noida),Paan B,HVLF,2026-04-01,27.0,18.8,2026-05-18
USR-151936,Crossline Events (Meerut),Paan B,HVLF,2026-05-19,27.0,18.4,2026-05-18
USR-130334,Crossline Events (Meerut),General B,HVLF,2026-05-14,24.5,18.6,2026-05-18
USR-162088,Rapid Enterprises,Paan A,HVLF,2026-05-08,17.333333333333332,18.4,2026-05-18
USR-133616,Instant Foods (GZB),General A,HVLF,2026-05-04,21.0,18.8,2026-05-18
USR-163052,Rapid Enterprises,Paan C,HVLF,2026-03-24,24.666666666666668,18.4,2026-05-18
USR-172508,Instant Foods (Mathura),Paan A,HVLF,2026-05-08,21.25,18.9,2026-05-18
USR-159673,Instant Foods(Noida),Paan B,HVLF,2026-05-28,17.0,18.1,2026-05-18
USR-29961,Instant Foods(Noida),General B,HVLF,2026-04-08,18.2,18.0,2026-05-18
USR-24337,Instant Foods(Noida),General C,HVLF,2026-03-25,22.333333333333332,18.3,2026-05-18
USR-159565,Instant Foods(Noida),General C,HVLF,2026-02-20,17.0,18.5,2026-05-18
USR-160153,Crossline Events (Meerut),General B,HVLF,2026-05-25,24.0,18.6,2026-05-18
USR-263,Crossline Events (Noida),General B,HVLF,2026-04-01,28.0,18.5,2026-05-18
USR-22494,Instant Foods(Noida),General C,HVLF,2026-05-07,19.6,18.5,2026-05-18
USR-130795,Crossline Events (Meerut),General C,HVLF,2026-05-15,23.75,18.2,2026-05-18
USR-38781,Cross Line Events (EDelhi),General A,HVLF,2026-05-26,29.666666666666668,18.8,2026-05-18
USR-162137,Rapid Enterprises,General C,HVLF,2026-01-22,17.0,18.4,2026-05-18
USR-152358,NB Enterprises (West Delhi),General C,HVLF,2026-05-12,43.666666666666664,18.2,2026-05-18
USR-110941,NB Enterprises (West Delhi),General A,HVLF,2026-02-10,18.0,18.8,2026-05-18
USR-8434,Instant Foods(Noida),Paan A,HVLF,2026-05-08,21.75,18.5,2026-05-18
USR-169000,Rapid Enterprises,General A,HVLF,2026-01-28,18.0,18.1,2026-05-18
USR-161602,Cross Line Events (Ghaziabad),Paan A,LVLF,2026-03-23,27.0,18.1,2026-05-18
USR-8416,Instant Foods(Noida),General B,HVLF,2026-05-29,20.142857142857142,18.0,2026-05-18
USR-130699,Crossline Events (Meerut),General B,HVLF,2026-04-09,30.333333333333332,18.9,2026-05-18
USR-175063,Instant Foods (Mathura),General B,HVLF,2026-05-20,18.8,18.1,2026-05-18
USR-22795,Instant Foods(Noida),General A,HVLF,2026-04-15,22.75,19.1,2026-05-19
USR-164560,Rapid Enterprises,General B,HVLF,2026-03-30,26.0,19.9,2026-05-19
USR-151030,Crossline Events (Meerut),General B,HVLF,2026-05-07,21.25,19.3,2026-05-19
USR-24430,Instant Foods(Noida),General C,HVLF,2026-04-18,33.0,19.1,2026-05-19
USR-23590,Instant Foods(Noida),General C,HVLF,2026-05-30,22.4,19.3,2026-05-19
USR-171410,Instant Foods (Mathura),General A,HVLF,2026-05-23,19.8,19.1,2026-05-19
USR-159092,Instant Foods (GZB),Paan B,HVLF,2026-05-05,31.0,19.7,2026-05-19
USR-2348,Instant Foods(Noida),General C,HVLF,2026-05-22,29.75,19.4,2026-05-19
USR-176851,Instant Foods (Mathura),General B,HVLF,2026-05-20,19.0,19.9,2026-05-19
USR-826,Instant Foods(Noida),Paan B,HVLF,2026-05-19,25.2,19.3,2026-05-19
USR-166255,Rapid Enterprises,General C,HVLF,2026-05-24,18.285714285714285,19.4,2026-05-19
USR-171262,Instant Foods (Mathura),General B,HVLF,2026-04-17,18.0,19.4,2026-05-19
USR-166204,Rapid Enterprises,Wholesaler,HVLF,2026-05-30,17.125,19.1,2026-05-19
USR-153794,NB Enterprises (West Delhi),General A,HVLF,2026-05-07,23.6,19.5,2026-05-19
USR-164902,Rapid Enterprises,General A,HVLF,2026-03-14,22.333333333333332,19.3,2026-05-19
USR-25378,Instant Foods(Noida),General C,LVLF,2026-05-27,20.0,19.1,2026-05-19
USR-161450,Instant Foods (GZB),Paan C,HVLF,2026-05-20,28.5,19.8,2026-05-19
USR-171395,Instant Foods (Mathura),General A,HVLF,2026-05-27,25.0,19.5,2026-05-19
USR-176465,Instant Foods (Mathura),General B,HVLF,2026-05-24,24.0,19.2,2026-05-19
USR-172195,Instant Foods (Mathura),Paan A,HVLF,2026-05-14,22.5,19.8,2026-05-19
USR-23480,Instant Foods(Noida),General C,HVLF,2026-05-09,22.4,19.0,2026-05-19
USR-135559,Crossline Events (Meerut),General C,HVLF,2026-03-18,23.333333333333332,19.0,2026-05-19
USR-95,Instant Foods(Noida),Paan B,HVLF,2026-05-28,39.666666666666664,19.0,2026-05-19
USR-163016,Crossline Events (Meerut),General C,HVLF,2026-05-05,21.25,19.9,2026-05-19
USR-130103,Crossline Events (Meerut),General B,HVLF,2026-05-07,21.0,19.6,2026-05-19
USR-166111,Rapid Enterprises,General A,HVLF,2026-05-12,22.4,19.8,2026-05-19
USR-173104,Instant Foods (Mathura),General B,HVLF,2026-03-26,19.0,19.6,2026-05-19
USR-19342,Instant Foods(Noida),Paan B,LVLF,2026-04-24,28.0,19.0,2026-05-19
USR-165476,Rapid Enterprises,General A,HVLF,2026-04-16,21.0,19.0,2026-05-19
USR-2141,Crossline Events (Noida),General A,HVLF,2026-05-23,24.5,19.3,2026-05-19
USR-44315,Cross Line Events (EDelhi),General A,HVLF,2026-05-30,49.666666666666664,19.6,2026-05-19
USR-162673,Rapid Enterprises,General A,HVLF,2026-04-17,34.0,19.6,2026-05-19
USR-22462,Instant Foods(Noida),General A,HVLF,2026-03-12,23.5,19.0,2026-05-19
USR-104323,Instant Foods (SED),General A,HVLF,2026-04-18,21.25,19.1,2026-05-19
USR-129760,Crossline Events (Meerut),General A,HVLF,2026-05-18,18.0,19.3,2026-05-19
USR-18984,Instant Foods(Noida),General C,HVLF,2026-05-23,27.25,19.5,2026-05-19
USR-9834,Cross Line Events (Ghaziabad),General A,HVLF,2026-05-13,21.666666666666668,19.4,2026-05-19
USR-43970,Crossline Events (Noida),General C,HVLF,2026-05-13,31.5,19.2,2026-05-19
USR-138269,NB Enterprises (West Delhi),General B,HVLF,2026-05-18,21.4,19.6,2026-05-19
USR-169586,Rapid Enterprises,General A,HVLF,2026-05-27,25.333333333333332,19.1,2026-05-19
USR-170147,Instant Foods(Noida),General B,HVLF,2026-05-30,22.166666666666668,19.1,2026-05-19
USR-172490,Instant Foods (Mathura),Paan A,HVLF,2026-04-18,18.0,19.7,2026-05-19
USR-159919,Instant Foods(Noida),Chemist C,HVLF,2026-05-28,62.0,19.2,2026-05-19
USR-3143,Instant Foods (GZB),General C,HVLF,2026-02-05,19.0,19.3,2026-05-19
USR-648,Crossline Events (Noida),General B,HVLF,2026-05-05,23.8,19.0,2026-05-19
USR-135873,Instant Foods (GZB),General A,HVLF,2026-05-15,21.0,19.0,2026-05-19
USR-128862,Crossline Events (Meerut),General A,HVLF,2026-04-17,25.25,19.9,2026-05-19
USR-39857,Cross Line Events (EDelhi),General A,LVLF,2026-04-21,49.0,19.8,2026-05-19
USR-12195,Cross Line Events (Ghaziabad),Paan B,LVLF,2026-05-19,26.4,19.7,2026-05-19
USR-96988,Instant Foods (SED),General A,HVLF,2026-05-22,38.333333333333336,19.2,2026-05-19
USR-160330,Instant Foods (GZB),Paan C,HVLF,2026-05-15,25.8,19.6,2026-05-19
USR-169389,NB Enterprises (West Delhi),Paan A,HVLF,2026-04-10,18.0,19.5,2026-05-19
USR-22135,Instant Foods(Noida),Chemist C,HVLF,2026-05-11,18.0,19.7,2026-05-19
USR-5731,Instant Foods (GZB),General B,HVLF,2026-05-26,43.333333333333336,19.3,2026-05-19
USR-169363,Rapid Enterprises,General A,HVLF,2026-05-23,25.4,19.8,2026-05-19
USR-172815,Instant Foods (Mathura),General B,HVLF,2026-05-13,22.25,19.3,2026-05-19
USR-29559,Instant Foods(Noida),General A,HVLF,2026-05-29,22.166666666666668,19.1,2026-05-19
USR-162817,Rapid Enterprises,General B,HVLF,2026-02-28,26.0,19.6,2026-05-19
USR-96844,Instant Foods (SED),General A,HVLF,2026-05-08,30.0,19.4,2026-05-19
USR-17934,Instant Foods (GZB),Paan B,HVLF,2026-03-31,20.75,19.0,2026-05-19
USR-173826,Instant Foods (Mathura),Paan A,HVLF,2026-03-20,17.0,19.0,2026-05-19
USR-170200,Instant Foods (Mathura),General C,HVLF,2026-04-16,23.5,19.5,2026-05-19
USR-24239,Instant Foods(Noida),General A,HVLF,2026-04-18,20.2,20.8,2026-05-20
USR-164932,Rapid Enterprises,General B,HVLF,2026-05-07,39.0,20.0,2026-05-20
USR-169544,Rapid Enterprises,General A,HVLF,2026-04-14,51.0,20.2,2026-05-20
USR-170641,Crossline Events (Meerut),General B,HVLF,2026-05-19,25.0,20.7,2026-05-20
USR-94082,Instant Foods (SED),General A,HVLF,2026-01-24,19.0,20.5,2026-05-20
USR-133088,Crossline Events (Meerut),General C,HVLF,2026-05-18,20.0,20.9,2026-05-20
USR-172827,Crossline Events (Meerut),General C,HVLF,2026-02-09,19.0,20.4,2026-05-20
USR-8642,Cross Line Events (EDelhi),General B,HVLF,2026-03-19,20.0,20.3,2026-05-20
USR-168516,Crossline Events (Meerut),General C,HVLF,2026-02-09,19.0,20.4,2026-05-20
USR-92470,Crossline Events (Noida),Paan B,HVLF,2026-05-19,19.0,20.0,2026-05-20
USR-159338,Instant Foods(Noida),General C,HVLF,2026-04-16,25.25,20.4,2026-05-20
USR-172109,Instant Foods (Mathura),General A,HVLF,2026-04-27,21.0,20.5,2026-05-20
USR-175364,Rapid Enterprises,General B,HVLF,2026-04-04,25.5,20.7,2026-05-20
USR-168247,Crossline Events (Meerut),General C,HVLF,2026-02-09,19.0,20.4,2026-05-20
USR-166590,Rapid Enterprises,Paan B,HVLF,2026-05-29,25.4,20.4,2026-05-20
USR-170364,Crossline Events (Meerut),General C,HVLF,2026-05-07,20.666666666666668,20.3,2026-05-20
USR-163708,Rapid Enterprises,General B,HVLF,2026-02-11,19.0,20.4,2026-05-20
USR-165386,Rapid Enterprises,Paan C,HVLF,2026-05-15,38.666666666666664,20.3,2026-05-20
USR-17042,Instant Foods(Noida),Paan B,HVLF,2026-05-08,23.25,20.2,2026-05-20
USR-166869,Rapid Enterprises,General B,HVLF,2026-05-13,22.0,20.1,2026-05-20
USR-2133,Crossline Events (Noida),General B,HVLF,2026-04-21,22.75,20.4,2026-05-20
USR-134458,Instant Foods (GZB),General A,HVLF,2026-05-08,25.666666666666668,20.1,2026-05-20
USR-171529,Instant Foods (Mathura),Paan B,HVLF,2026-05-30,29.0,20.9,2026-05-20
USR-168928,Crossline Events (Meerut),General C,HVLF,2026-02-09,19.0,20.4,2026-05-20
USR-176122,Crossline Events (Meerut),General C,HVLF,2026-05-09,25.5,20.9,2026-05-20
USR-1129,Crossline Events (Noida),General C,HVLF,2026-05-21,44.333333333333336,20.0,2026-05-20
USR-152374,NB Enterprises (West Delhi),Paan B,HVLF,2026-05-23,20.285714285714285,20.5,2026-05-20
USR-125376,Crossline Events (Meerut),General C,HVLF,2026-05-02,17.0,20.3,2026-05-20
USR-128179,Crossline Events (Meerut),General C,HVLF,2026-05-18,25.666666666666668,20.6,2026-05-20
USR-24363,Instant Foods(Noida),General C,HVLF,2026-05-09,25.2,20.7,2026-05-20
USR-131717,Crossline Events (Meerut),General B,HVLF,2026-05-05,22.75,20.3,2026-05-20
USR-69,Instant Foods(Noida),General B,HVLF,2026-05-13,22.75,20.0,2026-05-20
USR-128781,Crossline Events (Meerut),Paan A,LVLF,2026-03-24,31.5,20.5,2026-05-20
USR-119169,Crossline Events (Meerut),Paan B,HVLF,2026-02-09,19.0,20.4,2026-05-20
USR-42972,Cross Line Events (EDelhi),General A,HVLF,2026-05-20,34.75,20.1,2026-05-20
USR-166385,Rapid Enterprises,General B,HVLF,2026-05-25,34.25,20.1,2026-05-20
USR-122052,Crossline Events (Meerut),General C,HVLF,2026-05-07,20.6,20.2,2026-05-20
USR-176864,Crossline Events (Meerut),General C,HVLF,2026-05-19,20.0,20.8,2026-05-20
USR-18120,Cross Line Events (Ghaziabad),General C,HVLF,2026-05-14,34.333333333333336,20.8,2026-05-20
USR-27400,Crossline Events (Noida),General C,HVLF,2026-05-19,34.0,20.2,2026-05-20
USR-159156,Crossline Events (Meerut),Paan B,HVLF,2026-05-17,21.666666666666668,20.0,2026-05-20
USR-130505,Crossline Events (Meerut),General C,HVLF,2026-05-04,22.8,20.6,2026-05-20
USR-111078,NB Enterprises (West Delhi),Paan B,HVLF,2026-05-11,18.8,20.0,2026-05-20
USR-934,Instant Foods(Noida),General B,HVLF,2026-05-29,26.25,20.5,2026-05-20
USR-98934,Cross Line Events (EDelhi),Paan B,HVLF,2026-03-09,19.0,20.6,2026-05-20
USR-131837,Crossline Events (Meerut),General A,HVLF,2026-05-22,32.666666666666664,20.5,2026-05-20
USR-173076,Instant Foods (Mathura),General B,HVLF,2026-05-23,41.0,21.9,2026-05-21
USR-171500,Crossline Events (Meerut),General C,HVLF,2026-05-01,49.0,21.0,2026-05-21
USR-101845,Instant Foods (SED),General A,HVLF,2026-05-05,26.25,21.3,2026-05-21
USR-170457,Crossline Events (Meerut),General A,HVLF,2026-03-27,28.0,21.8,2026-05-21
USR-135045,Crossline Events (Meerut),General C,HVLF,2026-05-23,24.4,21.2,2026-05-21
USR-169251,Rapid Enterprises,Chemist A,HVLF,2026-05-25,31.333333333333332,21.8,2026-05-21
USR-170443,Instant Foods (SED),Paan B,HVLF,2026-05-06,22.5,21.8,2026-05-21
USR-167966,Crossline Events (Meerut),General C,HVLF,2026-04-29,32.333333333333336,21.7,2026-05-21
USR-26775,Crossline Events (Noida),Paan B,HVLF,2026-02-19,21.0,21.1,2026-05-21
USR-159616,Instant Foods(Noida),General C,HVLF,2026-05-08,19.166666666666668,21.1,2026-05-21
USR-7251,Instant Foods (GZB),General B,HVLF,2026-05-27,24.8,21.6,2026-05-21
USR-29382,Instant Foods (GZB),General C,HVLF,2026-05-22,31.5,21.5,2026-05-21
USR-111,Crossline Events (Noida),General B,HVLF,2026-05-05,29.75,21.5,2026-05-21
USR-171181,Instant Foods (Mathura),General B,HVLF,2026-04-13,49.0,21.9,2026-05-21
USR-165800,Rapid Enterprises,General C,HVLF,2026-05-15,26.4,21.5,2026-05-21
USR-18022,Instant Foods(Noida),General B,HVLF,2026-05-09,24.6,21.4,2026-05-21
USR-159492,Instant Foods(Noida),General B,HVLF,2026-04-20,23.75,21.3,2026-05-21
USR-171206,Instant Foods(Noida),Wholesaler,HVLF,2026-05-25,20.0,21.9,2026-05-21
USR-133829,Cross Line Events (EDelhi),General C,HVLF,2026-05-12,40.0,21.7,2026-05-21
USR-19064,Instant Foods(Noida),General C,HVLF,2026-05-29,37.0,21.1,2026-05-21
USR-161127,Crossline Events (Meerut),General C,HVHF,2026-05-14,13.777777777777779,21.1,2026-05-21
USR-102669,Instant Foods (SED),General A,HVLF,2026-05-02,23.4,21.9,2026-05-21
USR-163904,Rapid Enterprises,General C,HVLF,2026-04-03,21.0,21.5,2026-05-21
USR-104193,Instant Foods (SED),General A,HVLF,2026-05-08,26.0,21.3,2026-05-21
USR-23566,Instant Foods(Noida),General C,HVLF,2026-01-28,21.0,21.5,2026-05-21
USR-171296,Instant Foods (Mathura),General B,HVLF,2026-03-28,26.666666666666668,21.1,2026-05-21
USR-159576,Instant Foods(Noida),General B,HVLF,2026-03-02,21.0,21.5,2026-05-21
USR-167921,Rapid Enterprises,General C,HVLF,2026-05-20,21.0,21.2,2026-05-21
USR-101891,Instant Foods (SED),General A,HVLF,2026-05-20,44.0,21.1,2026-05-21
USR-168930,Rapid Enterprises,General A,HVLF,2026-04-06,20.0,21.0,2026-05-21
USR-22433,Instant Foods(Noida),General C,HVLF,2026-05-07,21.0,21.6,2026-05-21
USR-18733,Cross Line Events (Ghaziabad),General C,HVLF,2026-04-25,35.666666666666664,21.9,2026-05-21
USR-159358,Instant Foods(Noida),General C,HVLF,2026-05-27,20.0,21.9,2026-05-21
USR-24355,Instant Foods(Noida),General A,HVLF,2026-05-06,58.0,21.5,2026-05-21
USR-169173,Cross Line Events (Ghaziabad),General B,HVLF,2026-05-27,44.666666666666664,21.8,2026-05-21
USR-170898,Instant Foods (Mathura),Paan A,HVLF,2026-05-19,27.0,21.0,2026-05-21
USR-973,Crossline Events (Noida),General B,HVLF,2026-04-14,22.75,21.1,2026-05-21
USR-79793,NB Enterprises (West Delhi),Paan B,HVLF,2026-01-28,21.0,21.0,2026-05-21
USR-165752,Crossline Events (Meerut),General B,HVLF,2026-05-02,17.166666666666668,21.0,2026-05-21
USR-170716,Instant Foods (Mathura),General A,HVLF,2026-05-14,22.25,21.1,2026-05-21
USR-24279,Instant Foods(Noida),Paan B,HVLF,2026-03-07,26.0,21.6,2026-05-21
USR-175266,Rapid Enterprises,General B,HVLF,2026-05-19,25.25,21.2,2026-05-21
USR-68525,Instant Foods (SED),Paan B,HVLF,2026-05-26,35.0,21.9,2026-05-21
USR-121976,Crossline Events (Meerut),General C,HVLF,2026-05-19,30.0,21.3,2026-05-21
USR-44363,Crossline Events (Noida),General A,HVLF,2026-05-02,19.833333333333332,21.6,2026-05-21
USR-170923,Rapid Enterprises,General B,HVLF,2026-05-03,40.333333333333336,21.1,2026-05-21
USR-106487,Instant Foods (SED),General A,HVLF,2026-05-14,20.2,21.4,2026-05-21
USR-8412,Instant Foods(Noida),General C,HVLF,2026-03-16,21.0,22.0,2026-05-22
USR-133822,Cross Line Events (EDelhi),General A,HVLF,2026-05-23,29.5,22.2,2026-05-22
USR-160880,Crossline Events (Noida),Paan C,HVLF,2026-03-12,21.0,22.4,2026-05-22
USR-167535,NB Enterprises (West Delhi),Paan B,HVLF,2026-05-15,21.0,22.0,2026-05-22
USR-161382,NB Enterprises (West Delhi),Paan B,HVLF,2026-04-01,31.0,22.1,2026-05-22
USR-138102,NB Enterprises (West Delhi),General C,HVLF,2026-05-08,24.0,22.4,2026-05-22
USR-129089,Crossline Events (Meerut),Paan A,HVLF,2026-05-19,31.25,22.5,2026-05-22
USR-20686,Instant Foods(Noida),General C,HVLF,2026-05-20,26.4,22.1,2026-05-22
USR-165528,Rapid Enterprises,Paan C,HVLF,2026-04-25,22.0,22.4,2026-05-22
USR-136831,Crossline Events (Meerut),General B,HVLF,2026-04-23,56.0,22.5,2026-05-22
USR-122315,Crossline Events (Meerut),Paan B,HVLF,2026-05-11,29.25,22.7,2026-05-22
USR-84661,NB Enterprises (West Delhi),General C,HVLF,2026-05-18,29.0,22.1,2026-05-22
USR-168489,Rapid Enterprises,General A,HVLF,2026-04-24,23.0,22.8,2026-05-22
USR-17170,Crossline Events (Noida),Paan B,HVLF,2026-05-29,35.0,22.2,2026-05-22
USR-128423,Crossline Events (Meerut),General B,HVLF,2026-05-13,20.5,22.4,2026-05-22
USR-152099,Crossline Events (Meerut),Paan B,HVLF,2026-05-11,33.333333333333336,22.0,2026-05-22
USR-169166,Cross Line Events (Ghaziabad),General C,HVLF,2026-04-11,20.0,22.9,2026-05-22
USR-174756,Instant Foods (Mathura),General B,HVLF,2026-05-12,21.0,22.2,2026-05-22
USR-1619,Instant Foods(Noida),Paan B,HVLF,2026-03-13,21.0,22.2,2026-05-22
USR-44318,Crossline Events (Noida),General C,HVLF,2026-05-09,25.666666666666668,22.5,2026-05-22
USR-23037,Instant Foods(Noida),General A,HVLF,2026-05-09,23.0,22.0,2026-05-22
USR-131671,Crossline Events (Meerut),General C,HVLF,2026-05-26,25.2,22.3,2026-05-22
USR-159403,Instant Foods(Noida),General A,HVLF,2026-04-30,24.0,22.3,2026-05-22
USR-28266,Crossline Events (Noida),Paan B,HVLF,2026-05-23,29.75,22.1,2026-05-22
USR-32922,Cross Line Events (EDelhi),Paan B,HVLF,2026-04-09,23.75,22.6,2026-05-22
USR-163066,Rapid Enterprises,Paan A,HVLF,2026-03-30,30.0,22.5,2026-05-22
USR-3537,Instant Foods (GZB),Paan B,HVLF,2026-05-08,22.4,22.2,2026-05-22
USR-21551,Crossline Events (Noida),General B,HVLF,2026-05-20,25.2,22.3,2026-05-22
USR-19602,Instant Foods(Noida),General C,HVLF,2026-05-09,34.0,22.9,2026-05-22
USR-169353,Instant Foods (GZB),General B,HVLF,2026-01-31,23.0,22.3,2026-05-22
USR-171127,Instant Foods (Mathura),General C,HVLF,2026-05-06,21.0,22.3,2026-05-22
USR-165920,Rapid Enterprises,General B,HVLF,2026-05-22,25.4,22.1,2026-05-22
USR-166708,Crossline Events (Meerut),General C,HVLF,2026-04-29,32.333333333333336,22.8,2026-05-22
USR-164914,Rapid Enterprises,General B,HVLF,2026-05-31,34.5,22.8,2026-05-22
USR-165597,Rapid Enterprises,General C,HVLF,2026-03-28,43.0,22.3,2026-05-22
USR-163780,Rapid Enterprises,General B,HVLF,2026-03-14,21.0,22.0,2026-05-22
USR-166679,Crossline Events (Meerut),General C,HVLF,2026-04-23,25.25,22.7,2026-05-22
USR-133232,Instant Foods (GZB),General C,HVLF,2026-05-20,58.0,22.0,2026-05-22
USR-93032,Instant Foods (SED),General A,HVLF,2026-05-13,21.0,22.0,2026-05-22
USR-31837,Cross Line Events (EDelhi),Paan B,HVLF,2026-05-26,22.0,22.7,2026-05-22
USR-167092,Crossline Events (Meerut),General A,HVLF,2026-04-25,28.25,22.6,2026-05-22
USR-165738,Rapid Enterprises,General C,LVLF,2026-05-05,38.666666666666664,22.8,2026-05-22
USR-127185,Crossline Events (Meerut),General C,HVLF,2026-05-19,29.75,23.6,2026-05-23
USR-173431,Instant Foods (Mathura),General B,HVLF,2026-05-12,25.333333333333332,23.1,2026-05-23
USR-132548,Crossline Events (Meerut),General A,HVLF,2026-05-01,29.75,23.4,2026-05-23
USR-883,Crossline Events (Noida),General B,HVLF,2026-05-02,22.4,23.2,2026-05-23
USR-163030,Rapid Enterprises,General B,HVLF,2026-05-08,21.0,23.2,2026-05-23
USR-19580,Instant Foods(Noida),General C,LVLF,2026-05-12,28.25,23.7,2026-05-23
USR-169515,Crossline Events (Meerut),General C,HVLF,2026-05-01,24.25,23.9,2026-05-23
USR-1889,Crossline Events (Noida),Paan A,HVLF,2026-03-05,22.0,23.9,2026-05-23
USR-175676,Instant Foods (Mathura),General A,HVLF,2026-04-24,32.0,23.4,2026-05-23
USR-163212,Instant Foods (SED),Paan B,HVLF,2026-05-09,23.5,23.5,2026-05-23
USR-166399,Rapid Enterprises,General B,HVLF,2026-05-23,42.666666666666664,23.1,2026-05-23
USR-130855,Crossline Events (Meerut),General C,HVLF,2026-05-21,26.6,23.2,2026-05-23
USR-41855,Cross Line Events (Ghaziabad),Paan B,HVLF,2026-05-06,22.8,23.8,2026-05-23
USR-133217,Instant Foods (GZB),General A,LVLF,2026-05-04,57.5,23.9,2026-05-23
USR-170067,Rapid Enterprises,General A,HVLF,2026-01-23,22.0,23.6,2026-05-23
USR-153796,NB Enterprises (West Delhi),General C,HVLF,2026-04-13,36.5,23.4,2026-05-23
USR-158743,Crossline Events (Meerut),General A,HVLF,2026-05-13,28.0,23.8,2026-05-23
USR-3353,Instant Foods (GZB),Paan B,HVLF,2026-04-28,34.5,23.6,2026-05-23
USR-174092,Instant Foods (Mathura),General A,HVLF,2026-05-27,34.0,23.8,2026-05-23
USR-21526,Instant Foods(Noida),General C,HVLF,2026-05-29,40.333333333333336,23.6,2026-05-23
USR-167753,Crossline Events (Meerut),General C,HVLF,2026-05-19,30.0,23.6,2026-05-23
USR-100756,Instant Foods (SED),General A,HVLF,2026-05-14,21.4,23.8,2026-05-23
USR-174036,Instant Foods (Mathura),General A,HVLF,2026-05-05,27.0,23.6,2026-05-23
USR-165652,Rapid Enterprises,Paan A,HVLF,2026-05-09,25.6,23.3,2026-05-23
USR-2988,Instant Foods (GZB),Paan B,HVLF,2026-04-13,27.333333333333332,23.2,2026-05-23
USR-14370,Instant Foods(Noida),Paan B,HVLF,2026-05-11,32.5,23.8,2026-05-23
USR-174591,Instant Foods (Mathura),General B,HVLF,2026-05-15,37.0,23.6,2026-05-23
USR-167413,Crossline Events (Meerut),General C,HVLF,2026-05-01,26.0,23.4,2026-05-23
USR-8263,Instant Foods(Noida),General C,LVLF,2026-05-23,40.333333333333336,23.8,2026-05-23
USR-29768,Instant Foods(Noida),General A,HVLF,2026-05-13,30.75,23.3,2026-05-23
USR-117039,Crossline Events (Meerut),General C,HVLF,2026-05-08,25.25,23.9,2026-05-23
USR-756,Instant Foods(Noida),General C,HVLF,2026-05-26,35.0,23.5,2026-05-23
USR-160896,Crossline Events (Meerut),Paan C,LVLF,2026-04-10,27.0,23.0,2026-05-23
USR-171026,Instant Foods (Mathura),General C,HVLF,2026-05-21,27.6,23.1,2026-05-23
USR-164677,Rapid Enterprises,General B,HVLF,2026-05-25,34.0,24.0,2026-05-24
USR-1014,Crossline Events (Noida),General C,HVLF,2026-05-19,25.2,24.7,2026-05-24
USR-167143,Rapid Enterprises,General B,HVLF,2026-04-04,23.0,24.0,2026-05-24
USR-176099,Crossline Events (Meerut),General B,HVLF,2026-05-30,30.0,24.2,2026-05-24
USR-174071,Instant Foods (Mathura),General A,HVLF,2026-05-08,23.0,24.7,2026-05-24
USR-41969,Cross Line Events (EDelhi),General A,HVLF,2026-05-29,33.25,24.1,2026-05-24
USR-164717,Rapid Enterprises,General A,HVLF,2026-05-16,25.8,24.3,2026-05-24
USR-2165,Crossline Events (Noida),General C,HVLF,2026-05-29,35.75,24.6,2026-05-24
USR-116523,Crossline Events (Meerut),Paan B,HVLF,2026-04-30,33.666666666666664,24.5,2026-05-24
USR-110276,Instant Foods (SED),Paan B,HVLF,2026-05-23,34.0,24.1,2026-05-24
USR-667,Crossline Events (Noida),Paan B,HVLF,2026-05-29,29.4,24.8,2026-05-24
USR-165309,Rapid Enterprises,General C,LVLF,2026-04-27,32.333333333333336,24.9,2026-05-24
USR-169061,Crossline Events (Meerut),General C,HVLF,2026-03-17,29.5,24.2,2026-05-24
USR-114731,NB Enterprises (West Delhi),General A,HVLF,2026-05-08,38.0,24.6,2026-05-24
USR-177303,Instant Foods (Mathura),General B,HVLF,2026-05-07,22.0,24.4,2026-05-24
USR-160860,Instant Foods(Noida),Paan B,HVLF,2026-04-09,24.0,24.9,2026-05-24
USR-166530,Rapid Enterprises,Paan B,HVLF,2026-05-04,23.2,24.0,2026-05-24
USR-150851,Crossline Events (Meerut),General B,HVLF,2026-05-30,30.0,24.2,2026-05-24
USR-167623,Crossline Events (Meerut),General C,HVLF,2026-03-17,29.5,24.7,2026-05-24
USR-135989,NB Enterprises (West Delhi),Paan B,HVLF,2026-02-09,24.0,24.6,2026-05-24
USR-118116,Crossline Events (Meerut),Paan B,HVLF,2026-05-11,29.0,24.8,2026-05-24
USR-129415,Crossline Events (Meerut),General B,HVLF,2026-05-19,33.25,24.1,2026-05-24
USR-93843,Instant Foods (SED),General A,HVLF,2026-04-27,32.5,24.9,2026-05-24
USR-163676,Rapid Enterprises,Paan C,HVLF,2026-05-09,23.0,24.9,2026-05-24
USR-16821,Instant Foods(Noida),Paan B,HVLF,2026-05-12,20.2,24.8,2026-05-24
USR-163646,Rapid Enterprises,Paan A,HVLF,2026-04-23,50.5,24.3,2026-05-24
USR-176170,Crossline Events (Meerut),General C,HVLF,2026-05-30,30.0,24.5,2026-05-24
USR-170017,Crossline Events (Meerut),General C,HVLF,2026-03-17,29.5,24.2,2026-05-24
USR-100918,Instant Foods (SED),General A,HVLF,2026-04-06,33.5,24.9,2026-05-24
USR-113651,NB Enterprises (West Delhi),Chemist C,LVLF,2026-01-29,23.0,24.3,2026-05-24
USR-38777,Cross Line Events (Ghaziabad),General A,HVLF,2026-03-05,23.0,24.3,2026-05-24
USR-176250,Crossline Events (Meerut),General C,HVLF,2026-05-30,30.0,24.5,2026-05-24
USR-358,Instant Foods(Noida),General B,HVLF,2026-05-27,33.25,24.9,2026-05-24
USR-12941,Cross Line Events (Ghaziabad),General C,HVLF,2026-05-06,31.0,24.8,2026-05-24
USR-148895,Instant Foods (SED),General C,HVLF,2026-05-23,35.25,25.5,2026-05-25
USR-133342,Instant Foods (GZB),General A,HVLF,2026-05-06,36.0,25.0,2026-05-25
USR-167468,Crossline Events (Meerut),General B,HVLF,2026-03-17,30.0,25.4,2026-05-25
USR-133702,Instant Foods (GZB),General C,HVLF,2026-05-22,28.0,25.9,2026-05-25
USR-14076,Crossline Events (Noida),General A,HVLF,2026-03-06,24.0,25.1,2026-05-25
USR-49351,Instant Foods (SED),Paan B,HVLF,2026-04-09,41.5,25.6,2026-05-25
USR-170005,Instant Foods (GZB),General C,HVLF,2026-03-12,34.0,25.5,2026-05-25
USR-8485,Instant Foods(Noida),Paan B,LVLF,2026-03-31,30.0,25.0,2026-05-25
USR-19351,Instant Foods(Noida),General C,HVLF,2026-05-25,29.25,25.8,2026-05-25
USR-23859,Instant Foods(Noida),General A,HVLF,2026-05-30,28.6,25.7,2026-05-25
USR-111822,NB Enterprises (West Delhi),General A,HVLF,2026-04-28,25.0,25.3,2026-05-25
USR-172325,Instant Foods (Mathura),General A,HVLF,2026-03-14,23.0,25.1,2026-05-25
USR-41315,Cross Line Events (EDelhi),Paan A,HVLF,2026-05-01,18.5,25.1,2026-05-25
USR-174993,Instant Foods (Mathura),Paan A,HVLF,2026-05-20,27.0,25.2,2026-05-25
USR-72431,NB Enterprises (West Delhi),Paan B,HVLF,2026-02-18,27.0,25.2,2026-05-25
USR-170119,Crossline Events (Meerut),General C,HVLF,2026-05-19,31.25,25.8,2026-05-25
USR-175673,Crossline Events (Meerut),General B,HVLF,2026-05-30,35.0,25.8,2026-05-25
USR-163338,Rapid Enterprises,General B,HVLF,2026-05-30,28.8,25.9,2026-05-25
USR-24240,Instant Foods(Noida),Paan B,HVLF,2026-04-11,24.0,25.0,2026-05-25
USR-134281,Cross Line Events (Ghaziabad),General A,HVLF,2026-05-07,30.25,25.8,2026-05-25
USR-158996,Instant Foods (SED),Paan B,HVLF,2026-03-03,25.0,25.9,2026-05-25
USR-168870,Instant Foods (SED),Paan B,HVLF,2026-05-18,41.333333333333336,25.4,2026-05-25
USR-126225,Crossline Events (Meerut),Paan B,HVLF,2026-05-29,34.25,25.8,2026-05-25
USR-167626,Crossline Events (Meerut),General C,HVLF,2026-03-17,30.0,25.4,2026-05-25
USR-114305,NB Enterprises (West Delhi),General A,HVLF,2026-05-11,24.0,25.0,2026-05-25
USR-168086,Crossline Events (Meerut),General C,HVLF,2026-02-08,22.0,25.2,2026-05-25
USR-26457,Instant Foods(Noida),Paan B,HVLF,2026-05-20,37.333333333333336,25.3,2026-05-25
USR-161035,Crossline Events (Meerut),General C,HVLF,2026-05-13,26.0,25.8,2026-05-25
USR-136238,NB Enterprises (West Delhi),General C,LVLF,2026-03-26,28.0,25.2,2026-05-25
USR-16007,Crossline Events (Noida),General C,HVLF,2026-04-30,37.333333333333336,25.4,2026-05-25
USR-167554,Crossline Events (Meerut),General B,HVLF,2026-05-30,30.5,25.2,2026-05-25
USR-160924,Crossline Events (Meerut),Paan B,HVLF,2026-05-13,32.5,26.3,2026-05-26
USR-171103,Crossline Events (Meerut),Paan B,HVLF,2026-02-23,26.0,26.3,2026-05-26
USR-153076,NB Enterprises (West Delhi),Paan B,HVLF,2026-02-18,25.0,26.3,2026-05-26
USR-176271,Instant Foods (Mathura),General B,HVLF,2026-04-30,28.0,26.3,2026-05-26
USR-153015,Crossline Events (Meerut),Paan C,HVLF,2026-05-07,26.75,26.0,2026-05-26
USR-8223,Instant Foods(Noida),General C,HVLF,2026-05-26,28.0,26.0,2026-05-26
USR-91880,Instant Foods (SED),General A,HVLF,2026-05-07,33.0,26.8,2026-05-26
USR-169342,Crossline Events (Meerut),General C,HVLF,2026-05-07,25.0,26.4,2026-05-26
USR-171941,Instant Foods (Mathura),General B,HVLF,2026-05-28,33.0,26.6,2026-05-26
USR-24918,Instant Foods(Noida),General C,HVLF,2026-05-15,39.666666666666664,26.6,2026-05-26
USR-167125,Rapid Enterprises,General B,HVLF,2026-04-03,36.0,26.4,2026-05-26
USR-164504,Rapid Enterprises,General B,LVLF,2026-04-25,31.666666666666668,26.4,2026-05-26
USR-173506,Instant Foods (Mathura),General B,HVLF,2026-05-30,36.5,26.3,2026-05-26
USR-172800,Instant Foods (Mathura),General A,HVLF,2026-05-02,26.0,26.6,2026-05-26
USR-168605,Crossline Events (Meerut),General C,HVLF,2026-03-21,31.5,26.9,2026-05-26
USR-172347,Instant Foods (Mathura),General B,HVLF,2026-05-29,38.5,26.0,2026-05-26
USR-161433,Instant Foods(Noida),Paan B,HVLF,2026-05-05,25.0,26.1,2026-05-26
USR-146248,Crossline Events (Meerut),General B,HVLF,2026-04-06,23.75,26.4,2026-05-26
USR-164619,Rapid Enterprises,General C,HVLF,2026-05-27,48.333333333333336,26.6,2026-05-26
USR-25469,Instant Foods(Noida),General C,HVLF,2026-05-01,28.0,26.5,2026-05-26
USR-162612,Crossline Events (Meerut),General A,HVLF,2026-04-11,28.333333333333332,26.4,2026-05-26
USR-38284,Crossline Events (Noida),Paan B,HVLF,2026-05-22,42.666666666666664,26.4,2026-05-26
USR-151644,Instant Foods(Noida),Paan B,HVLF,2026-04-30,28.0,26.8,2026-05-26
USR-163524,Crossline Events (Meerut),General A,HVLF,2026-04-11,28.333333333333332,26.4,2026-05-26
USR-173624,Crossline Events (Meerut),General C,HVLF,2026-05-07,26.0,26.5,2026-05-26
USR-430,Crossline Events (Noida),Paan B,HVLF,2026-04-21,30.333333333333332,26.9,2026-05-26
USR-159418,Instant Foods(Noida),General B,HVLF,2026-05-01,36.5,26.3,2026-05-26
USR-24362,Instant Foods(Noida),General B,HVLF,2026-05-23,28.0,26.0,2026-05-26
USR-167249,Crossline Events (Meerut),General C,HVLF,2026-04-11,28.333333333333332,26.7,2026-05-26
USR-94882,Instant Foods (SED),General A,HVLF,2026-04-29,39.0,26.8,2026-05-26
USR-4869,Instant Foods (GZB),General A,HVLF,2026-05-18,33.25,26.2,2026-05-26
USR-163283,Rapid Enterprises,General B,HVLF,2026-04-24,28.0,26.4,2026-05-26
USR-165516,Rapid Enterprises,General A,HVLF,2026-02-24,25.0,26.2,2026-05-26
USR-164210,Rapid Enterprises,General B,HVLF,2026-01-27,26.0,26.1,2026-05-26
USR-29210,Instant Foods (GZB),General C,HVLF,2026-05-22,33.25,26.1,2026-05-26
USR-131568,Crossline Events (Meerut),General B,HVLF,2026-04-21,35.0,26.1,2026-05-26
USR-165811,Crossline Events (Meerut),General C,HVLF,2026-05-19,31.25,26.0,2026-05-26
USR-93728,Instant Foods (SED),General A,HVLF,2026-05-02,39.0,26.4,2026-05-26
USR-97495,Instant Foods(Noida),General B,HVLF,2026-05-15,33.25,27.0,2026-05-27
USR-109915,NB Enterprises (West Delhi),General B,HVLF,2026-05-02,32.666666666666664,27.2,2026-05-27
USR-166240,Rapid Enterprises,General C,HVLF,2026-04-22,30.0,27.7,2026-05-27
USR-3671,Instant Foods (GZB),Paan B,HVLF,2026-02-13,28.0,27.9,2026-05-27
USR-30812,Cross Line Events (EDelhi),Paan B,HVLF,2026-02-11,27.0,27.1,2026-05-27
USR-166944,Crossline Events (Meerut),General C,HVLF,2026-05-09,31.5,27.2,2026-05-27
USR-161770,Rapid Enterprises,Paan B,HVLF,2026-05-27,29.0,27.5,2026-05-27
USR-128184,Crossline Events (Meerut),General C,HVLF,2026-05-01,50.0,27.3,2026-05-27
USR-172753,Instant Foods (Mathura),General A,HVLF,2026-05-02,32.0,27.5,2026-05-27
USR-170825,Crossline Events (Meerut),General C,HVLF,2026-05-07,28.25,27.5,2026-05-27
USR-116728,Crossline Events (Meerut),General C,LVLF,2026-05-02,28.0,27.3,2026-05-27
USR-160227,Crossline Events (Meerut),General C,HVLF,2026-05-09,28.5,27.3,2026-05-27
USR-168301,Crossline Events (Meerut),General B,HVLF,2026-03-27,34.5,27.4,2026-05-27
USR-174933,Instant Foods (Mathura),General B,HVLF,2026-03-11,25.0,27.2,2026-05-27
USR-167818,Crossline Events (Meerut),General C,HVLF,2026-05-07,28.25,27.5,2026-05-27
USR-171169,Instant Foods (SED),Paan B,HVLF,2026-02-14,28.0,27.6,2026-05-27
USR-1185,Instant Foods(Noida),Paan B,HVLF,2026-04-08,42.0,27.2,2026-05-27
USR-167431,Crossline Events (Meerut),General C,HVLF,2026-05-09,29.75,27.0,2026-05-27
USR-151269,Crossline Events (Meerut),General A,HVLF,2026-05-12,30.75,27.6,2026-05-27
USR-20051,Instant Foods(Noida),Paan B,HVLF,2026-05-13,26.2,27.8,2026-05-27
USR-19933,Instant Foods(Noida),Paan B,HVLF,2026-02-04,30.0,27.8,2026-05-27
USR-171876,NB Enterprises (West Delhi),Paan B,HVLF,2026-03-20,33.0,27.6,2026-05-27
USR-175937,Crossline Events (Meerut),General C,HVLF,2026-05-19,40.0,27.7,2026-05-27
USR-169680,Crossline Events (Meerut),General C,HVLF,2026-05-07,31.25,27.7,2026-05-27
USR-131696,Crossline Events (Meerut),Paan B,HVLF,2026-04-10,29.0,27.7,2026-05-27
USR-20237,Instant Foods(Noida),General C,HVLF,2026-02-24,28.0,27.3,2026-05-27
USR-131359,Crossline Events (Meerut),General C,HVLF,2026-05-11,26.0,27.9,2026-05-27
USR-129463,Crossline Events (Meerut),Paan B,LVLF,2026-04-07,28.0,27.1,2026-05-27
USR-171404,Crossline Events (Meerut),General B,HVLF,2026-05-07,28.0,27.3,2026-05-27
USR-37239,Cross Line Events (EDelhi),Paan B,LVLF,2026-03-13,35.5,27.9,2026-05-27
USR-171962,Crossline Events (Meerut),General B,HVLF,2026-05-09,28.5,27.9,2026-05-27
USR-160977,NB Enterprises (West Delhi),Paan B,LVLF,2026-03-06,25.0,27.2,2026-05-27
USR-168616,Rapid Enterprises,General A,HVLF,2026-04-27,35.0,28.1,2026-05-28
USR-38933,Instant Foods(Noida),Paan A,HVLF,2026-03-17,28.0,28.1,2026-05-28
USR-37371,Cross Line Events (EDelhi),General B,HVLF,2026-02-21,28.0,28.4,2026-05-28
USR-10066,Instant Foods (GZB),General B,HVLF,2026-05-02,33.5,28.2,2026-05-28
USR-20996,Instant Foods(Noida),General B,HVLF,2026-05-12,28.0,28.3,2026-05-28
USR-175251,Instant Foods (Mathura),General A,HVLF,2026-04-03,32.0,28.8,2026-05-28
USR-169931,Crossline Events (Meerut),General C,HVLF,2026-04-23,36.666666666666664,28.4,2026-05-28
USR-161868,Instant Foods(Noida),Paan C,HVLF,2026-04-02,32.0,28.7,2026-05-28
USR-163235,Rapid Enterprises,Paan B,HVLF,2026-02-20,29.0,28.1,2026-05-28
USR-18159,Cross Line Events (Ghaziabad),General C,HVLF,2026-05-06,28.0,28.8,2026-05-28
USR-18658,Instant Foods(Noida),Paan B,HVLF,2026-03-12,32.5,28.2,2026-05-28
USR-53322,NB Enterprises (West Delhi),General C,HVLF,2026-05-01,26.75,28.4,2026-05-28
USR-530,Crossline Events (Noida),General C,HVLF,2026-04-22,35.0,28.9,2026-05-28
USR-165784,Rapid Enterprises,General C,HVLF,2026-05-11,43.333333333333336,28.4,2026-05-28
USR-172938,Instant Foods (Mathura),General B,LVLF,2026-05-14,35.0,28.1,2026-05-28
USR-170720,Instant Foods (Mathura),General A,HVLF,2026-05-14,29.666666666666668,28.1,2026-05-28
USR-108670,NB Enterprises (West Delhi),General A,HVLF,2026-05-02,30.0,28.5,2026-05-28
USR-175067,Crossline Events (Meerut),General C,HVLF,2026-05-09,31.0,28.0,2026-05-28
USR-172805,Instant Foods (Mathura),General A,HVLF,2026-04-28,34.0,28.4,2026-05-28
USR-169709,Crossline Events (Meerut),General C,HVLF,2026-05-05,28.0,28.9,2026-05-28
USR-116789,Crossline Events (Meerut),Paan B,HVLF,2026-03-19,29.0,28.6,2026-05-28
USR-113993,NB Enterprises (West Delhi),General A,HVLF,2026-05-23,33.25,28.5,2026-05-28
USR-160293,Crossline Events (Meerut),Paan A,HVLF,2026-04-10,30.0,28.7,2026-05-28
USR-153821,NB Enterprises (West Delhi),Paan B,HVLF,2026-05-02,20.2,28.3,2026-05-28
USR-22307,Instant Foods(Noida),General A,HVLF,2026-03-05,31.0,28.8,2026-05-28
USR-28195,Crossline Events (Noida),General C,HVLF,2026-03-06,28.0,28.7,2026-05-28
USR-2114,Crossline Events (Noida),Paan B,HVLF,2026-04-09,28.0,28.9,2026-05-28
USR-175958,Crossline Events (Meerut),General C,HVLF,2026-04-29,29.0,28.3,2026-05-28
USR-95413,Instant Foods (SED),General A,HVLF,2026-04-13,33.5,28.5,2026-05-28
USR-7300,Instant Foods (GZB),General B,HVLF,2026-03-09,28.0,28.6,2026-05-28
USR-26401,Instant Foods(Noida),General C,HVLF,2026-04-07,28.0,28.1,2026-05-28
USR-111979,NB Enterprises (West Delhi),General A,HVLF,2026-05-18,45.0,28.2,2026-05-28
USR-2523,Instant Foods (GZB),General C,HVLF,2026-05-30,35.25,29.7,2026-05-29
USR-168052,Crossline Events (Meerut),General C,HVLF,2026-05-30,35.0,29.6,2026-05-29
USR-37047,Instant Foods (GZB),Paan B,LVLF,2026-03-18,29.0,29.1,2026-05-29
USR-170842,Instant Foods (Mathura),General B,LVLF,2026-03-28,29.0,29.7,2026-05-29
USR-165778,Rapid Enterprises,General C,HVLF,2026-05-19,40.0,29.0,2026-05-29
USR-2230,Crossline Events (Noida),General C,HVLF,2026-05-04,30.333333333333332,29.1,2026-05-29
USR-133468,Instant Foods (GZB),General A,HVLF,2026-02-04,33.0,29.9,2026-05-29
USR-172746,Instant Foods (Mathura),General A,HVLF,2026-05-18,31.0,29.0,2026-05-29
USR-924,Crossline Events (Noida),General B,HVLF,2026-05-07,31.5,29.3,2026-05-29
USR-165098,Crossline Events (Meerut),General C,HVLF,2026-05-01,21.0,29.6,2026-05-29
USR-168589,Crossline Events (Meerut),General C,HVLF,2026-05-19,36.0,29.9,2026-05-29
USR-165944,Rapid Enterprises,General B,HVLF,2026-02-16,31.0,29.2,2026-05-29
USR-160229,Crossline Events (Meerut),Paan C,HVLF,2026-05-12,35.0,29.1,2026-05-29
USR-159767,Crossline Events (Meerut),Paan B,HVLF,2026-03-14,29.0,29.7,2026-05-29
USR-28317,Crossline Events (Noida),General C,HVLF,2026-05-27,35.0,29.4,2026-05-29
USR-19395,Instant Foods(Noida),General C,LVLF,2026-02-21,30.0,29.1,2026-05-29
USR-169910,Crossline Events (Meerut),General C,HVLF,2026-03-27,34.5,29.4,2026-05-29
USR-167219,Crossline Events (Meerut),General C,HVLF,2026-04-10,31.666666666666668,29.6,2026-05-29
USR-177778,Crossline Events (Meerut),General C,HVLF,2026-05-30,31.0,29.1,2026-05-29
USR-169725,Cross Line Events (Ghaziabad),General B,HVLF,2026-02-05,31.0,29.1,2026-05-29
USR-3019,Cross Line Events (Ghaziabad),General C,HVLF,2026-04-01,29.666666666666668,29.7,2026-05-29
USR-131358,Crossline Events (Meerut),General A,HVLF,2026-05-09,31.75,29.9,2026-05-29
USR-167569,Rapid Enterprises,General B,HVLF,2026-02-27,33.0,29.9,2026-05-29
USR-159630,Instant Foods(Noida),General B,HVLF,2026-05-07,34.333333333333336,29.6,2026-05-29
USR-162528,Rapid Enterprises,General C,HVLF,2026-04-27,33.0,29.7,2026-05-29
USR-131613,Crossline Events (Meerut),General C,HVLF,2026-05-18,34.25,29.6,2026-05-29
USR-88952,Instant Foods (SED),Paan B,HVLF,2026-05-16,30.75,29.9,2026-05-29
USR-178110,Crossline Events (Meerut),General C,HVLF,2026-05-30,31.0,29.1,2026-05-29
USR-159069,Crossline Events (Meerut),General A,HVLF,2026-03-16,31.0,29.6,2026-05-29
USR-98538,Instant Foods (SED),General A,LVLF,2026-05-06,33.0,30.9,2026-05-30
USR-2352,Crossline Events (Noida),Paan B,HVLF,2026-05-09,30.333333333333332,30.7,2026-05-30
USR-96778,Instant Foods (SED),General A,LVLF,2026-04-29,55.5,30.9,2026-05-30
USR-165951,Rapid Enterprises,General A,HVLF,2026-05-26,48.5,30.4,2026-05-30
USR-175333,Instant Foods (Mathura),General B,HVLF,2026-05-29,36.0,30.0,2026-05-30
USR-168608,Crossline Events (Meerut),General C,HVLF,2026-02-05,33.0,30.2,2026-05-30
USR-129122,Crossline Events (Meerut),General B,HVLF,2026-05-19,35.0,30.1,2026-05-30
USR-151178,Crossline Events (Meerut),General A,HVLF,2026-04-06,32.0,30.8,2026-05-30
USR-171215,Instant Foods (Mathura),General A,LVLF,2026-03-17,32.0,30.5,2026-05-30
USR-167429,Rapid Enterprises,Paan B,HVLF,2026-03-22,30.0,30.4,2026-05-30
USR-163658,Rapid Enterprises,General B,HVLF,2026-05-02,35.5,30.8,2026-05-30
USR-171043,Crossline Events (Meerut),General C,HVLF,2026-03-27,34.0,30.7,2026-05-30
USR-109128,NB Enterprises (West Delhi),General A,HVLF,2026-02-10,32.0,30.0,2026-05-30
USR-775,Crossline Events (Noida),General C,HVLF,2026-05-06,38.5,30.8,2026-05-30
USR-175978,Rapid Enterprises,General B,HVLF,2026-04-06,32.0,30.4,2026-05-30
USR-162174,Rapid Enterprises,Paan B,HVLF,2026-05-06,30.75,30.7,2026-05-30
USR-169997,Crossline Events (Meerut),General B,HVLF,2026-02-09,31.0,30.0,2026-05-30
USR-160678,NB Enterprises (West Delhi),Paan C,HVLF,2026-05-20,39.0,30.5,2026-05-30
USR-116933,Crossline Events (Meerut),General C,HVLF,2026-04-09,32.666666666666664,30.0,2026-05-30
USR-43869,Cross Line Events (EDelhi),General A,LVLF,2026-04-30,38.0,30.4,2026-05-30
USR-40518,Cross Line Events (EDelhi),General A,LVLF,2026-02-09,34.0,31.9,2026-05-31
USR-131301,Crossline Events (Meerut),General B,HVLF,2026-05-07,30.333333333333332,31.4,2026-05-31
USR-159628,Instant Foods(Noida),General C,HVLF,2026-02-26,35.0,31.8,2026-05-31
USR-96490,Instant Foods (SED),General A,HVLF,2026-05-01,35.0,31.4,2026-05-31
USR-1982,Instant Foods(Noida),Paan B,HVLF,2026-05-27,59.5,31.4,2026-05-31
USR-27173,Instant Foods(Noida),General C,HVLF,2026-04-23,52.5,31.4,2026-05-31
USR-168062,Rapid Enterprises,General A,HVLF,2026-04-03,30.0,31.5,2026-05-31
USR-45513,Cross Line Events (EDelhi),General A,HVLF,2026-05-09,35.666666666666664,31.8,2026-05-31
USR-166128,Rapid Enterprises,General C,HVLF,2026-04-10,34.0,31.6,2026-05-31
USR-709,Crossline Events (Noida),General C,HVLF,2026-03-25,35.0,31.8,2026-05-31
USR-6713,Instant Foods (GZB),General B,HVLF,2026-04-21,52.5,31.7,2026-05-31
USR-173445,Instant Foods (Mathura),General B,HVLF,2026-05-07,33.0,31.1,2026-05-31
USR-168724,Crossline Events (Meerut),General C,HVLF,2026-05-19,40.0,31.9,2026-05-31
USR-173325,Instant Foods (Mathura),General B,HVLF,2026-05-01,38.0,31.6,2026-05-31
USR-159478,Instant Foods(Noida),General B,HVLF,2026-04-23,44.5,31.3,2026-05-31
USR-173641,Rapid Enterprises,General B,HVLF,2026-04-23,45.5,31.0,2026-05-31
USR-28290,Instant Foods (GZB),General A,HVLF,2026-02-11,34.0,31.1,2026-05-31
USR-168685,Crossline Events (Meerut),General C,HVLF,2026-03-17,34.0,31.5,2026-05-31
USR-168503,Rapid Enterprises,General B,HVLF,2026-05-28,36.333333333333336,31.2,2026-05-31
USR-27016,Crossline Events (Noida),Paan B,HVLF,2026-04-22,52.5,31.2,2026-05-31
USR-158785,Crossline Events (Meerut),General B,HVLF,2026-04-02,35.0,32.9,2026-06-01
USR-16724,Crossline Events (Noida),Paan B,HVLF,2026-05-15,35.0,32.9,2026-06-01
USR-161548,Cross Line Events (EDelhi),Paan B,HVLF,2026-04-13,34.0,32.4,2026-06-01
USR-171461,Crossline Events (Meerut),General C,HVLF,2026-05-07,28.75,32.8,2026-06-01
USR-29823,Crossline Events (Noida),Paan A,HVLF,2026-02-16,35.0,32.4,2026-06-01
USR-138392,NB Enterprises (West Delhi),General C,HVLF,2026-05-07,35.5,32.9,2026-06-01
USR-137215,NB Enterprises (West Delhi),Paan B,HVLF,2026-05-12,58.5,32.0,2026-06-01
USR-11368,Cross Line Events (Ghaziabad),General A,HVLF,2026-05-20,63.0,32.5,2026-06-01
USR-160169,Crossline Events (Meerut),Paan C,HVLF,2026-04-13,34.0,32.3,2026-06-01
USR-129736,Crossline Events (Meerut),General A,HVLF,2026-02-17,35.0,32.2,2026-06-01
USR-37269,Instant Foods(Noida),General B,HVLF,2026-05-26,46.666666666666664,32.8,2026-06-01
USR-170431,Instant Foods (Mathura),General A,HVLF,2026-04-29,38.666666666666664,32.2,2026-06-01
USR-161296,Instant Foods (GZB),Paan C,HVLF,2026-03-20,35.0,32.3,2026-06-01
USR-116522,Crossline Events (Meerut),Paan B,HVLF,2026-04-30,38.333333333333336,32.4,2026-06-01
USR-130693,Crossline Events (Meerut),General B,HVLF,2026-05-07,59.5,33.2,2026-06-02
USR-39164,Cross Line Events (EDelhi),General A,HVLF,2026-05-19,40.0,33.7,2026-06-02
USR-39101,Instant Foods(Noida),Paan B,HVLF,2026-02-07,35.0,33.0,2026-06-02
USR-99370,Instant Foods(Noida),Paan B,HVLF,2026-02-12,35.0,33.0,2026-06-02
USR-22019,Instant Foods(Noida),General C,HVLF,2026-04-27,36.333333333333336,33.1,2026-06-02
USR-29412,Instant Foods (GZB),General B,HVLF,2026-05-20,37.333333333333336,33.1,2026-06-02
USR-171018,Instant Foods (Mathura),General B,HVLF,2026-05-14,35.0,33.4,2026-06-02
USR-108977,NB Enterprises (West Delhi),Paan B,HVLF,2026-05-18,66.0,33.0,2026-06-02
USR-93355,Instant Foods (SED),General A,HVLF,2026-03-16,35.0,33.5,2026-06-02
USR-175275,Rapid Enterprises,General B,HVLF,2026-03-14,35.0,33.8,2026-06-02
USR-983,Crossline Events (Noida),Paan B,HVLF,2026-05-07,59.5,33.0,2026-06-02
USR-1420,Crossline Events (Noida),General C,HVLF,2026-02-13,35.0,33.0,2026-06-02
USR-163451,Rapid Enterprises,Paan B,HVLF,2026-05-05,36.5,33.2,2026-06-02
USR-170700,Crossline Events (Meerut),General C,HVLF,2026-05-01,37.0,33.5,2026-06-02
USR-169127,Crossline Events (Meerut),General A,HVLF,2026-05-11,50.0,33.7,2026-06-02
USR-28315,Crossline Events (Noida),Paan B,HVLF,2026-04-15,45.5,33.7,2026-06-02
USR-168025,Crossline Events (Meerut),General C,HVLF,2026-05-07,35.0,33.9,2026-06-02
USR-130842,Crossline Events (Meerut),General C,HVLF,2026-03-05,35.0,33.3,2026-06-02
USR-5399,Instant Foods (GZB),General B,HVLF,2026-04-16,51.0,33.9,2026-06-02
USR-160749,NB Enterprises (West Delhi),Paan C,LVLF,2026-05-05,48.5,33.4,2026-06-02
USR-159534,Instant Foods(Noida),General B,HVLF,2026-05-05,36.333333333333336,34.1,2026-06-03
USR-40535,Cross Line Events (EDelhi),General A,LVLF,2026-03-10,35.0,34.5,2026-06-03
USR-39464,Cross Line Events (EDelhi),General A,HVLF,2026-03-25,36.0,34.3,2026-06-03
USR-44261,Cross Line Events (EDelhi),General A,HVLF,2026-05-08,40.0,34.2,2026-06-03
USR-130847,Crossline Events (Meerut),General C,HVLF,2026-05-14,44.333333333333336,34.9,2026-06-03
USR-167977,Crossline Events (Meerut),General C,HVLF,2026-05-01,34.666666666666664,34.1,2026-06-03
USR-109551,NB Enterprises (West Delhi),Paan B,HVLF,2026-05-08,45.0,34.1,2026-06-03
USR-6918,Cross Line Events (Ghaziabad),General C,HVLF,2026-05-02,34.0,34.0,2026-06-03
USR-42432,Cross Line Events (EDelhi),General A,HVLF,2026-04-27,38.666666666666664,34.8,2026-06-03
USR-117785,Crossline Events (Meerut),General C,HVLF,2026-04-29,38.5,34.0,2026-06-03
USR-164082,Rapid Enterprises,General B,HVLF,2026-05-13,56.5,35.3,2026-06-04
USR-162527,Crossline Events (Meerut),Paan C,HVLF,2026-05-19,54.0,35.5,2026-06-04
USR-167520,Crossline Events (Meerut),General C,HVLF,2026-05-01,35.0,35.9,2026-06-04
USR-165116,Rapid Enterprises,Paan A,HVLF,2026-04-03,38.0,35.9,2026-06-04
USR-633,Crossline Events (Noida),General A,HVLF,2026-04-25,52.5,35.9,2026-06-04
USR-114625,NB Enterprises (West Delhi),Paan A,LVLF,2026-04-13,42.0,35.2,2026-06-04
USR-316,Instant Foods(Noida),Paan B,HVLF,2026-05-04,36.0,35.4,2026-06-04
USR-98482,Instant Foods (SED),General A,HVLF,2026-05-18,36.5,35.8,2026-06-04
USR-170297,Crossline Events (Meerut),General C,HVLF,2026-05-19,41.666666666666664,35.5,2026-06-04
USR-8290,Instant Foods(Noida),General C,HVLF,2026-05-23,43.5,35.3,2026-06-04
USR-168665,Crossline Events (Meerut),General C,HVLF,2026-03-17,36.0,35.6,2026-06-04
USR-111999,NB Enterprises (West Delhi),General B,HVLF,2026-05-08,36.0,35.5,2026-06-04
USR-167605,Rapid Enterprises,General B,HVLF,2026-05-27,41.666666666666664,35.6,2026-06-04
USR-163858,Rapid Enterprises,Paan A,HVLF,2026-04-30,43.0,35.7,2026-06-04
USR-20019,Instant Foods(Noida),Paan B,HVLF,2026-05-21,52.5,35.2,2026-06-04
USR-169959,Rapid Enterprises,General B,HVLF,2026-03-13,36.0,35.4,2026-06-04
USR-175636,Instant Foods (Mathura),General B,HVLF,2026-04-28,40.0,36.7,2026-06-05
USR-163310,Rapid Enterprises,General B,HVLF,2026-05-19,45.666666666666664,36.9,2026-06-05
USR-23806,Instant Foods(Noida),Paan B,HVLF,2026-04-03,38.0,36.3,2026-06-05
USR-174659,Rapid Enterprises,General B,HVLF,2026-04-18,38.0,36.0,2026-06-05
USR-170909,Crossline Events (Meerut),General C,HVLF,2026-05-07,39.666666666666664,36.6,2026-06-05
USR-165541,Rapid Enterprises,General B,HVLF,2026-05-23,45.666666666666664,36.0,2026-06-05
USR-161029,Instant Foods (SED),Paan C,HVLF,2026-05-16,54.0,36.6,2026-06-05
USR-7629,Cross Line Events (Ghaziabad),General C,HVLF,2026-04-02,38.0,36.7,2026-06-05
USR-174348,Instant Foods (Mathura),General B,HVLF,2026-05-02,38.0,36.9,2026-06-05
USR-38557,Cross Line Events (EDelhi),General A,HVLF,2026-05-13,60.5,37.2,2026-06-06
USR-176287,NB Enterprises (West Delhi),Paan A,HVLF,2026-05-26,39.0,37.1,2026-06-06
USR-99389,Instant Foods (SED),General A,HVLF,2026-04-15,40.0,37.7,2026-06-06
USR-117964,Crossline Events (Meerut),General C,HVLF,2026-05-01,35.0,37.8,2026-06-06
USR-171547,Instant Foods (Mathura),General B,HVLF,2026-05-04,38.0,37.9,2026-06-06
USR-175120,Crossline Events (Meerut),General B,HVLF,2026-03-21,38.0,37.1,2026-06-06
USR-43879,Cross Line Events (EDelhi),General A,LVLF,2026-05-11,37.0,37.1,2026-06-06
USR-165347,Rapid Enterprises,General C,HVLF,2026-02-25,40.0,37.5,2026-06-06
USR-93789,Instant Foods (SED),General A,HVLF,2026-05-11,55.0,38.4,2026-06-07
USR-16640,Crossline Events (Noida),Paan A,HVLF,2026-04-30,42.0,38.0,2026-06-07
USR-172858,Crossline Events (Meerut),General C,HVLF,2026-05-19,54.0,38.3,2026-06-07
USR-171179,Instant Foods (Mathura),General A,HVLF,2026-05-07,40.0,38.6,2026-06-07
USR-164820,Rapid Enterprises,General A,HVLF,2026-05-07,59.0,38.7,2026-06-07
USR-38175,Cross Line Events (EDelhi),General A,HVLF,2026-02-20,41.0,38.5,2026-06-07
USR-17571,Instant Foods (GZB),General B,HVLF,2026-02-18,40.0,38.2,2026-06-07
USR-168348,Rapid Enterprises,General A,HVLF,2026-05-22,43.0,38.0,2026-06-07
USR-175348,Instant Foods (Mathura),General B,HVLF,2026-03-26,40.0,38.7,2026-06-07
USR-168448,Crossline Events (Meerut),General C,HVLF,2026-05-19,41.666666666666664,38.0,2026-06-07
USR-166916,Rapid Enterprises,General B,HVLF,2026-05-20,42.5,38.6,2026-06-07
USR-92417,Instant Foods (SED),General A,LVLF,2026-05-18,40.666666666666664,38.0,2026-06-07
USR-133151,Crossline Events (Meerut),General A,HVLF,2026-05-26,46.0,38.0,2026-06-07
USR-102900,Instant Foods (SED),General A,HVLF,2026-05-15,43.5,39.8,2026-06-08
USR-175595,Crossline Events (Meerut),Paan C,HVLF,2026-05-01,41.0,39.8,2026-06-08
USR-23363,Instant Foods(Noida),General C,HVLF,2026-04-08,42.0,39.8,2026-06-08
USR-176108,Crossline Events (Meerut),General C,HVLF,2026-05-01,41.0,39.4,2026-06-08
USR-24748,Instant Foods(Noida),General C,HVLF,2026-04-24,45.5,39.8,2026-06-08
USR-175512,Crossline Events (Meerut),General B,HVLF,2026-05-30,48.0,39.8,2026-06-08
USR-165430,Rapid Enterprises,General A,HVLF,2026-05-20,42.5,39.1,2026-06-08
USR-167473,NB Enterprises (West Delhi),Paan B,HVLF,2026-03-03,40.0,39.3,2026-06-08
USR-21050,Instant Foods(Noida),Chemist C,LVLF,2026-04-10,42.0,39.1,2026-06-08
USR-171360,Crossline Events (Meerut),General C,HVLF,2026-05-01,52.0,39.6,2026-06-08
USR-170848,Instant Foods (Mathura),General B,LVLF,2026-04-07,40.0,39.3,2026-06-08
USR-170441,Instant Foods (Mathura),General A,HVLF,2026-05-19,42.0,39.9,2026-06-08
USR-165336,Rapid Enterprises,General B,HVLF,2026-05-19,42.5,39.8,2026-06-08
USR-30445,NB Enterprises (West Delhi),Paan B,HVLF,2026-05-09,43.0,39.8,2026-06-08
USR-175021,Crossline Events (Meerut),General B,HVLF,2026-05-01,41.0,39.3,2026-06-08
USR-119701,Crossline Events (Meerut),Paan B,HVLF,2026-04-10,45.0,40.9,2026-06-09
USR-763,Crossline Events (Noida),General B,HVLF,2026-05-29,46.666666666666664,40.3,2026-06-09
USR-497,Instant Foods(Noida),General B,HVLF,2026-05-16,42.0,40.7,2026-06-09
USR-2284,Instant Foods(Noida),General B,HVLF,2026-04-09,42.0,40.2,2026-06-09
USR-173975,Instant Foods (Mathura),Paan A,HVLF,2026-05-18,43.0,40.6,2026-06-09
USR-159577,Instant Foods(Noida),General A,HVLF,2026-03-09,39.0,40.1,2026-06-09
USR-175182,Instant Foods (Mathura),General B,HVLF,2026-04-05,40.0,40.5,2026-06-09
USR-36971,Crossline Events (Noida),General A,HVLF,2026-05-28,59.5,40.7,2026-06-09
USR-24405,Instant Foods(Noida),General B,LVLF,2026-04-01,42.0,40.3,2026-06-09
USR-37314,Instant Foods(Noida),General A,HVLF,2026-04-02,42.0,40.4,2026-06-09
USR-22493,Instant Foods(Noida),General C,HVLF,2026-05-11,41.0,40.3,2026-06-09
USR-159361,Instant Foods(Noida),General A,HVLF,2026-05-16,42.0,40.8,2026-06-09
USR-127295,Crossline Events (Meerut),General A,HVLF,2026-04-03,40.5,40.2,2026-06-09
USR-114651,NB Enterprises (West Delhi),General A,HVLF,2026-04-26,46.5,41.7,2026-06-10
USR-174273,Instant Foods (Mathura),General B,HVLF,2026-04-11,43.0,41.4,2026-06-10
USR-278,Instant Foods(Noida),Paan B,HVLF,2026-05-21,59.0,41.8,2026-06-10
USR-28373,Crossline Events (Noida),Paan B,HVLF,2026-05-02,42.0,41.4,2026-06-10
USR-168456,Rapid Enterprises,General A,HVLF,2026-04-11,42.0,41.2,2026-06-10
USR-167175,Instant Foods (GZB),Paan C,HVLF,2026-02-28,43.0,41.0,2026-06-10
USR-162067,Crossline Events (Meerut),General C,HVLF,2026-04-03,43.0,41.6,2026-06-10
USR-121829,Crossline Events (Meerut),General C,HVLF,2026-05-19,44.5,41.9,2026-06-10
USR-162952,Rapid Enterprises,General C,HVLF,2026-04-14,43.0,41.5,2026-06-10
USR-160995,Crossline Events (Noida),General C,HVLF,2026-03-23,42.0,41.9,2026-06-10
USR-172481,Crossline Events (Meerut),General C,HVLF,2026-05-19,60.0,42.9,2026-06-11
USR-45390,Cross Line Events (EDelhi),General A,HVLF,2026-03-02,42.0,42.4,2026-06-11
USR-93627,Instant Foods (SED),General A,LVLF,2026-03-05,42.0,42.1,2026-06-11
USR-17462,Instant Foods (GZB),Paan B,HVLF,2026-04-13,42.0,42.5,2026-06-11
USR-171426,Instant Foods (Mathura),General A,HVLF,2026-04-16,44.0,42.0,2026-06-11
USR-538,Crossline Events (Noida),Paan B,HVLF,2026-03-22,42.0,43.3,2026-06-12
USR-170927,Instant Foods (Mathura),Paan B,HVLF,2026-04-07,45.0,43.8,2026-06-12
USR-171770,Crossline Events (Meerut),General C,HVLF,2026-05-19,62.5,43.3,2026-06-12
USR-8045,Instant Foods (GZB),General A,HVLF,2026-04-25,46.0,43.2,2026-06-12
USR-160906,NB Enterprises (West Delhi),Paan C,HVLF,2026-04-17,46.0,43.9,2026-06-12
USR-169034,Rapid Enterprises,General A,HVLF,2026-02-14,44.0,43.4,2026-06-12
USR-114495,NB Enterprises (West Delhi),General A,HVLF,2026-05-27,141.0,44.9,2026-06-13
USR-153786,NB Enterprises (West Delhi),General A,HVLF,2026-03-26,45.0,44.8,2026-06-13
USR-126497,Crossline Events (Meerut),General A,HVLF,2026-05-02,46.0,44.2,2026-06-13
USR-132978,Crossline Events (Meerut),General C,HVLF,2026-04-17,46.0,44.1,2026-06-13
USR-18458,Instant Foods(Noida),General C,HVLF,2026-05-21,48.0,44.1,2026-06-13
USR-172701,Instant Foods (Mathura),General B,HVLF,2026-05-11,58.5,44.6,2026-06-13
USR-165048,Rapid Enterprises,General B,HVLF,2026-04-13,47.0,44.5,2026-06-13
USR-79618,NB Enterprises (West Delhi),Paan B,HVLF,2026-05-29,147.0,44.4,2026-06-13
USR-169241,Rapid Enterprises,General A,HVLF,2026-05-27,138.0,44.8,2026-06-13
USR-161218,NB Enterprises (West Delhi),General A,HVLF,2026-05-22,55.5,44.3,2026-06-13
USR-171440,Instant Foods (Mathura),General B,HVLF,2026-04-29,56.0,44.5,2026-06-13
USR-131835,Crossline Events (Meerut),General C,HVLF,2026-04-04,44.5,45.3,2026-06-14
USR-135317,Crossline Events (Meerut),General A,HVLF,2026-04-27,48.0,45.0,2026-06-14
USR-165663,Rapid Enterprises,General B,HVLF,2026-02-18,47.0,45.7,2026-06-14
USR-169839,Crossline Events (Meerut),General C,HVLF,2026-05-19,62.5,45.7,2026-06-14
USR-161313,Crossline Events (Noida),Paan B,HVLF,2026-02-28,47.0,45.5,2026-06-14
USR-38132,Cross Line Events (EDelhi),General A,HVLF,2026-05-30,49.0,45.7,2026-06-14
USR-100912,Instant Foods (SED),General A,HVLF,2026-05-09,46.0,45.8,2026-06-14
USR-38003,Cross Line Events (EDelhi),General B,HVLF,2026-05-28,66.0,45.9,2026-06-14
USR-171243,Crossline Events (Meerut),General A,HVLF,2026-05-19,54.0,45.1,2026-06-14
USR-167240,Cross Line Events (EDelhi),Paan C,HVLF,2026-05-26,49.0,45.7,2026-06-14
USR-164058,Rapid Enterprises,Paan C,HVLF,2026-03-06,45.0,45.1,2026-06-14
USR-163175,Instant Foods (GZB),Paan C,HVLF,2026-04-24,49.0,45.7,2026-06-14
USR-170329,Cross Line Events (Ghaziabad),General B,HVLF,2026-05-27,133.0,45.1,2026-06-14
USR-161820,Rapid Enterprises,Paan A,LVLF,2026-02-23,46.0,45.9,2026-06-14
USR-164344,Rapid Enterprises,General C,LVLF,2026-04-29,49.0,46.1,2026-06-15
USR-11205,Instant Foods (GZB),General C,HVLF,2026-05-22,126.0,46.4,2026-06-15
USR-151570,Instant Foods(Noida),General A,HVLF,2026-05-19,126.0,46.7,2026-06-15
USR-25662,Instant Foods(Noida),General C,HVLF,2026-05-07,126.0,46.8,2026-06-15
USR-176470,Instant Foods (Mathura),General B,HVLF,2026-05-25,49.0,46.2,2026-06-15
USR-27623,Crossline Events (Noida),General C,HVLF,2026-04-25,49.0,46.0,2026-06-15
USR-134287,Instant Foods (GZB),General C,HVLF,2026-05-29,49.0,46.4,2026-06-15
USR-95613,Instant Foods (SED),General A,HVLF,2026-05-22,69.5,46.7,2026-06-15
USR-168063,Crossline Events (Meerut),General C,HVLF,2026-03-27,47.0,46.6,2026-06-15
USR-118833,Crossline Events (Meerut),General C,HVLF,2026-05-27,113.0,46.3,2026-06-15
USR-92177,Instant Foods (SED),General A,HVLF,2026-05-10,63.0,46.4,2026-06-15
USR-18444,Instant Foods(Noida),General A,HVLF,2026-05-26,111.0,47.8,2026-06-16
USR-173246,Crossline Events (Meerut),General B,HVLF,2026-05-19,49.0,47.0,2026-06-16
USR-161901,Rapid Enterprises,Chemist B,LVLF,2026-04-18,107.0,47.9,2026-06-16
USR-9887,Cross Line Events (Ghaziabad),General A,LVLF,2026-02-20,49.0,47.0,2026-06-16
USR-39116,Instant Foods(Noida),Paan B,HVLF,2026-03-16,47.0,47.3,2026-06-16
USR-39770,Cross Line Events (EDelhi),General A,HVLF,2026-03-12,48.0,47.6,2026-06-16
USR-164673,Rapid Enterprises,General B,LVLF,2026-02-26,48.0,47.2,2026-06-16
USR-72913,Instant Foods (SED),General C,HVLF,2026-04-22,110.0,47.9,2026-06-16
USR-24678,Instant Foods(Noida),General C,HVLF,2026-05-20,63.0,47.9,2026-06-16
USR-170260,Crossline Events (Meerut),General C,HVLF,2026-05-23,64.5,47.6,2026-06-16
USR-126959,Crossline Events (Meerut),General C,HVLF,2026-05-05,52.5,47.1,2026-06-16
USR-174957,Crossline Events (Meerut),General C,HVLF,2026-05-29,58.0,47.5,2026-06-16
USR-159169,Instant Foods (GZB),Paan B,HVLF,2026-02-19,49.0,47.8,2026-06-16
USR-165367,Rapid Enterprises,General A,HVLF,2026-05-04,114.0,48.5,2026-06-17
USR-20433,Instant Foods(Noida),General A,HVLF,2026-05-23,95.0,48.6,2026-06-17
USR-168834,Rapid Enterprises,General B,HVLF,2026-05-08,57.0,48.3,2026-06-17
USR-168823,Rapid Enterprises,General A,HVLF,2026-05-05,96.0,48.4,2026-06-17
USR-32442,Cross Line Events (EDelhi),Paan B,HVLF,2026-05-13,104.0,48.1,2026-06-17
USR-45467,Cross Line Events (EDelhi),General A,HVLF,2026-05-16,115.0,48.7,2026-06-17
USR-127969,Crossline Events (Meerut),General B,HVLF,2026-03-19,49.0,48.9,2026-06-17
USR-38846,Cross Line Events (EDelhi),General A,HVLF,2026-05-13,95.0,48.1,2026-06-17
USR-18855,Instant Foods(Noida),General B,HVLF,2026-04-02,49.0,48.5,2026-06-17
USR-174317,Instant Foods (Mathura),General A,HVLF,2026-05-23,51.0,48.0,2026-06-17
USR-162325,Instant Foods(Noida),Paan C,HVLF,2026-05-16,124.0,48.1,2026-06-17
USR-173213,Instant Foods (Mathura),General A,HVLF,2026-04-03,49.0,48.5,2026-06-17
USR-159399,Instant Foods(Noida),General B,HVLF,2026-04-02,49.0,48.5,2026-06-17
USR-164220,Crossline Events (Meerut),General C,HVLF,2026-05-19,68.0,48.3,2026-06-17
USR-1123,Crossline Events (Noida),Paan B,HVLF,2026-04-22,97.0,48.8,2026-06-17
USR-94775,Instant Foods (SED),General A,HVLF,2026-05-18,122.0,48.0,2026-06-17
USR-19639,Instant Foods(Noida),Paan B,HVLF,2026-05-19,105.0,49.2,2026-06-18
USR-167765,Rapid Enterprises,General A,HVLF,2026-04-22,53.0,49.0,2026-06-18
USR-7208,Instant Foods (GZB),Paan B,HVLF,2026-04-27,103.0,49.6,2026-06-18
USR-80986,Instant Foods (SED),Paan B,HVLF,2026-04-09,50.0,49.6,2026-06-18
USR-41940,Cross Line Events (EDelhi),General A,HVLF,2026-05-07,104.0,49.2,2026-06-18
USR-166945,Rapid Enterprises,General A,HVLF,2026-05-02,81.0,49.9,2026-06-18
USR-131974,Crossline Events (Meerut),General C,HVLF,2026-05-02,51.5,49.5,2026-06-18
USR-97437,Instant Foods (SED),General A,HVLF,2026-04-21,94.0,49.1,2026-06-18
USR-97825,Instant Foods (SED),General A,HVLF,2026-05-16,65.0,49.6,2026-06-18
USR-164756,Rapid Enterprises,General B,HVLF,2026-04-03,50.0,49.4,2026-06-18
USR-164805,Rapid Enterprises,General B,HVLF,2026-05-17,102.0,49.3,2026-06-18
USR-22503,Instant Foods(Noida),Paan B,HVLF,2026-04-16,101.0,50.7,2026-06-19
USR-171739,Instant Foods (Mathura),General C,HVLF,2026-04-16,101.0,50.8,2026-06-19
USR-171937,Instant Foods (Mathura),General B,HVLF,2026-02-27,51.0,50.2,2026-06-19
USR-171010,Instant Foods (Mathura),General B,HVLF,2026-05-29,57.0,50.8,2026-06-19
USR-127362,Crossline Events (Meerut),General A,LVLF,2026-05-05,112.0,50.6,2026-06-19
USR-22302,Instant Foods(Noida),Paan B,HVLF,2026-05-21,90.0,50.4,2026-06-19
USR-167059,Rapid Enterprises,General A,HVLF,2026-05-07,92.0,50.7,2026-06-19
USR-172088,Instant Foods (Mathura),General A,HVLF,2026-05-28,90.0,50.2,2026-06-19
USR-36846,Instant Foods (GZB),Paan A,LVLF,2026-05-11,115.0,50.0,2026-06-19
USR-162138,Instant Foods (SED),Paan B,HVLF,2026-05-30,75.0,50.9,2026-06-19
USR-166813,Rapid Enterprises,General B,HVLF,2026-04-28,89.0,50.9,2026-06-19
USR-164946,Rapid Enterprises,General B,LVLF,2026-04-18,53.0,50.1,2026-06-19
USR-25540,Instant Foods(Noida),General C,HVLF,2026-04-16,98.0,50.3,2026-06-19
USR-614,Crossline Events (Noida),General C,HVLF,2026-04-17,98.0,50.3,2026-06-19
USR-164961,Rapid Enterprises,General A,HVLF,2026-04-13,93.0,51.7,2026-06-20
USR-174041,Instant Foods (Mathura),General A,HVLF,2026-05-29,57.0,51.7,2026-06-20
USR-110275,Cross Line Events (EDelhi),Paan B,HVLF,2026-05-05,80.0,51.7,2026-06-20
USR-102026,Instant Foods (SED),General A,HVLF,2026-05-01,52.0,51.0,2026-06-20
USR-173877,Instant Foods (Mathura),General A,HVLF,2026-05-15,57.0,51.6,2026-06-20
USR-163014,Rapid Enterprises,Paan C,HVLF,2026-04-09,91.0,51.4,2026-06-20
USR-20991,Instant Foods(Noida),General B,HVLF,2026-04-10,87.0,51.9,2026-06-20
USR-162602,Instant Foods(Noida),General C,HVLF,2026-04-02,52.0,51.9,2026-06-20
USR-20868,Instant Foods(Noida),General A,HVLF,2026-04-09,76.0,51.6,2026-06-20
USR-94252,Instant Foods (SED),General A,HVLF,2026-05-13,91.0,51.4,2026-06-20
USR-44714,Cross Line Events (Ghaziabad),General A,HVLF,2026-05-08,77.0,51.2,2026-06-20
USR-164785,Rapid Enterprises,Paan B,HVLF,2026-04-09,52.0,51.3,2026-06-20
USR-44713,Cross Line Events (EDelhi),General A,HVLF,2026-04-01,86.0,51.2,2026-06-20
USR-130393,Crossline Events (Meerut),General A,HVLF,2026-05-21,56.0,51.7,2026-06-20
USR-175993,Crossline Events (Meerut),General C,HVLF,2026-05-30,84.0,52.2,2026-06-21
USR-173897,Instant Foods (Mathura),General A,HVLF,2026-05-07,66.0,52.9,2026-06-21
USR-175448,Rapid Enterprises,General B,HVLF,2026-04-29,64.0,52.2,2026-06-21
USR-174134,Instant Foods (Mathura),General A,HVLF,2026-05-18,55.0,52.7,2026-06-21
USR-164426,Rapid Enterprises,Wholesaler,HVLF,2026-03-06,51.0,52.4,2026-06-21
USR-15113,Instant Foods(Noida),Paan B,HVLF,2026-04-30,77.0,52.1,2026-06-21
USR-168363,Rapid Enterprises,General A,LVLF,2026-04-16,68.0,52.0,2026-06-21
USR-43850,Cross Line Events (EDelhi),General A,HVLF,2026-04-15,84.0,52.4,2026-06-21
USR-41014,Cross Line Events (EDelhi),Paan B,LVLF,2026-03-21,73.0,52.8,2026-06-21
USR-93341,Instant Foods (SED),General A,LVLF,2026-04-30,69.0,52.0,2026-06-21
USR-40342,Cross Line Events (EDelhi),Paan B,LVLF,2026-05-07,66.0,52.5,2026-06-21
USR-6837,Cross Line Events (Ghaziabad),Paan B,HVLF,2026-04-14,57.0,52.3,2026-06-21
USR-132587,Crossline Events (Meerut),General C,HVLF,2026-04-01,69.0,52.7,2026-06-21
USR-133632,Instant Foods (GZB),General C,LVLF,2026-04-08,68.0,52.9,2026-06-21
USR-349,Instant Foods(Noida),Paan B,HVLF,2026-05-02,66.0,52.8,2026-06-21
USR-10537,Instant Foods(Noida),General B,HVLF,2026-04-16,56.0,52.5,2026-06-21
USR-1646,Instant Foods(Noida),Paan C,HVLF,2026-05-21,71.0,52.5,2026-06-21
USR-151259,Crossline Events (Meerut),General A,HVLF,2026-04-08,84.0,52.6,2026-06-21
USR-171610,Instant Foods (Mathura),General A,HVLF,2026-05-14,66.0,52.4,2026-06-21
USR-163704,Rapid Enterprises,General B,HVLF,2026-05-05,66.0,52.7,2026-06-21
USR-153354,Instant Foods(Noida),Paan B,LVLF,2026-04-16,70.0,52.2,2026-06-21
USR-23277,Instant Foods(Noida),General A,HVLF,2026-04-29,70.0,52.2,2026-06-21
USR-18677,Instant Foods(Noida),General B,HVLF,2026-04-22,68.0,52.3,2026-06-21
USR-159694,Instant Foods (GZB),General B,HVLF,2026-05-20,81.0,52.6,2026-06-21
USR-173235,Instant Foods (Mathura),General B,HVLF,2026-04-29,68.0,52.5,2026-06-21
USR-172407,Instant Foods (Mathura),General B,HVLF,2026-03-05,51.0,52.7,2026-06-21
USR-18801,Instant Foods(Noida),Paan B,HVLF,2026-05-13,86.0,52.2,2026-06-21
USR-7006,Cross Line Events (Ghaziabad),General A,HVLF,2026-05-13,60.0,53.9,2026-06-22
USR-87023,Instant Foods (SED),Paan B,HVLF,2026-04-18,63.0,53.1,2026-06-22
USR-13193,Cross Line Events (Ghaziabad),Paan B,HVLF,2026-03-05,63.0,53.0,2026-06-22
USR-173169,Instant Foods (Mathura),General B,HVLF,2026-05-01,56.0,53.5,2026-06-22
USR-175696,Crossline Events (Meerut),General C,HVLF,2026-05-19,73.0,53.5,2026-06-22
USR-176046,Crossline Events (Meerut),General B,HVLF,2026-05-02,51.0,53.1,2026-06-22
USR-128421,Crossline Events (Meerut),General C,HVLF,2026-04-15,56.0,53.0,2026-06-22
USR-5225,Instant Foods (GZB),General B,HVLF,2026-05-12,66.0,53.1,2026-06-22
USR-127127,Crossline Events (Meerut),Paan B,LVLF,2026-05-11,61.0,53.3,2026-06-22
USR-161788,Rapid Enterprises,Chemist B,LVLF,2026-03-06,53.0,53.6,2026-06-22
USR-43713,Cross Line Events (EDelhi),General A,HVLF,2026-04-25,60.0,53.1,2026-06-22
USR-175815,Crossline Events (Meerut),Paan B,HVLF,2026-05-29,59.0,53.4,2026-06-22
USR-20419,Instant Foods(Noida),General A,HVLF,2026-05-04,72.0,53.5,2026-06-22
USR-118831,Crossline Events (Meerut),Paan B,HVLF,2026-05-18,77.0,53.7,2026-06-22
USR-171002,Instant Foods (Mathura),General A,HVLF,2026-04-06,91.0,53.4,2026-06-22
USR-164304,Rapid Enterprises,General B,LVLF,2026-03-10,62.0,53.1,2026-06-22
USR-167067,Rapid Enterprises,General B,HVLF,2026-03-24,75.0,53.3,2026-06-22
USR-171422,Instant Foods (Mathura),General A,HVLF,2026-05-06,68.0,53.3,2026-06-22
USR-8197,Instant Foods(Noida),General B,HVLF,2026-04-10,56.0,53.5,2026-06-22
USR-171487,Instant Foods (Mathura),General B,HVLF,2026-05-13,68.0,53.1,2026-06-22
USR-8595,Instant Foods(Noida),General B,LVLF,2026-04-16,63.0,53.4,2026-06-22
USR-1794,Crossline Events (Noida),General C,HVLF,2026-04-20,56.0,53.5,2026-06-22
USR-176043,Crossline Events (Meerut),Chemist A,HVLF,2026-05-05,54.0,54.8,2026-06-23
USR-167349,Rapid Enterprises,General B,HVLF,2026-04-02,62.0,54.6,2026-06-23
USR-167312,Rapid Enterprises,General B,HVLF,2026-05-20,59.0,54.2,2026-06-23
USR-167069,Rapid Enterprises,General B,LVLF,2026-03-09,51.0,54.1,2026-06-23
USR-114,Crossline Events (Noida),General C,HVLF,2026-03-18,63.0,54.3,2026-06-23
USR-11346,Instant Foods (GZB),General A,HVLF,2026-03-27,70.0,54.2,2026-06-23
USR-164978,Rapid Enterprises,General C,HVLF,2026-04-20,72.0,54.4,2026-06-23
USR-3846,Cross Line Events (Ghaziabad),General B,HVLF,2026-03-16,66.0,54.9,2026-06-23
USR-165590,Instant Foods (GZB),General A,HVLF,2026-05-18,67.0,54.2,2026-06-23
USR-28375,Crossline Events (Noida),Paan B,HVLF,2026-03-23,53.0,54.3,2026-06-23
USR-28805,Instant Foods(Noida),Paan B,HVLF,2026-05-25,80.0,54.2,2026-06-23
USR-37520,Instant Foods (GZB),Paan B,HVLF,2026-03-31,62.0,54.9,2026-06-23
USR-170526,Crossline Events (Meerut),General B,HVLF,2026-03-27,69.0,54.9,2026-06-23
USR-175422,Crossline Events (Meerut),General C,HVLF,2026-05-02,53.0,55.5,2026-06-24
USR-160952,Instant Foods (GZB),Paan C,HVLF,2026-04-03,63.0,55.2,2026-06-24
USR-160299,Crossline Events (Meerut),Paan B,HVLF,2026-05-07,55.0,55.0,2026-06-24
USR-273,Crossline Events (Noida),General A,HVLF,2026-03-11,56.0,55.2,2026-06-24
USR-2045,Crossline Events (Noida),Paan B,HVLF,2026-03-06,56.0,55.2,2026-06-24
USR-20277,Instant Foods(Noida),General C,HVLF,2026-04-10,59.0,55.1,2026-06-24
USR-29125,Instant Foods (GZB),General C,LVLF,2026-03-23,73.0,55.5,2026-06-24
USR-11883,Instant Foods (GZB),General B,HVLF,2026-03-13,59.0,56.6,2026-06-25
USR-142539,NB Enterprises (West Delhi),General A,HVLF,2026-03-05,58.0,56.8,2026-06-25
USR-165749,Rapid Enterprises,Chemist B,HVLF,2026-04-06,59.0,57.1,2026-06-26
USR-93883,Instant Foods (SED),General A,LVLF,2026-03-21,60.0,57.9,2026-06-26
USR-173758,Instant Foods (Mathura),General B,HVLF,2026-05-03,54.0,57.2,2026-06-26
USR-94351,Instant Foods (SED),General A,HVLF,2026-03-20,60.0,58.1,2026-06-27
